{"type": "FeatureCollection", "name": "ceresio_tresa_raw", "features": [{"type": "Feature", "geometry": {"type": "Polygon", "coordinates": [[[8.9166411, 45.913655], [8.9163931, 45.9135649], [8.9160827, 45.9134737], [8.9154908, 45.9133216], [8.9151982, 45.9133137], [8.9148254, 45.9131638], [8.9144676, 45.9131322], [8.9140955, 45.913006], [8.9126195, 45.9127355], [8.9123584, 45.9127039], [8.9121361, 45.9126498], [8.9118235, 45.9126047], [8.9116447, 45.9125596], [8.9114741, 45.912526], [8.9111688, 45.9124213], [8.9109095, 45.9122119], [8.9108362, 45.9121318], [8.910813, 45.9120452], [8.9108076, 45.9118708], [8.9108663, 45.9114838], [8.9108213, 45.9113487], [8.9106976, 45.9110966], [8.9107076, 45.9108851], [8.9105221, 45.9106421], [8.9104427, 45.9105394], [8.9101191, 45.9103014], [8.9098707, 45.9101731], [8.909679, 45.9101188], [8.909631, 45.9101526], [8.9094733, 45.9101016], [8.9095009, 45.9100702], [8.9093326, 45.9100329], [8.9091285, 45.9100159], [8.9089175, 45.9100141], [8.9086778, 45.9100087], [8.9085364, 45.9099591], [8.9083933, 45.9098708], [8.9084208, 45.9097888], [8.9084428, 45.9096444], [8.9084505, 45.9095437], [8.9083362, 45.9094283], [8.9083818, 45.9094116], [8.9084036, 45.9093437], [8.9083747, 45.909324], [8.9080638, 45.9090651], [8.9079116, 45.9091319], [8.9077983, 45.9090233], [8.9079198, 45.9089377], [8.907844, 45.9088785], [8.9077822, 45.9088992], [8.9077216, 45.9088537], [8.9077593, 45.9088075], [8.9075739, 45.9086437], [8.9075225, 45.9086723], [8.9074377, 45.9086064], [8.9074698, 45.9085751], [8.9074496, 45.9085602], [8.9074138, 45.9084743], [8.9072573, 45.9085019], [8.9071892, 45.9084017], [8.9073455, 45.9083696], [8.9070976, 45.9079008], [8.907013, 45.9079162], [8.9069601, 45.9078003], [8.9070402, 45.9077805], [8.9069023, 45.9075473], [8.9068184, 45.907551], [8.9066723, 45.9073769], [8.9065572, 45.9073004], [8.906426, 45.9072446], [8.9061875, 45.9072061], [8.9060435, 45.9071687], [8.9059709, 45.9071252], [8.9059633, 45.9070971], [8.9059483, 45.9070418], [8.9059171, 45.9070271], [8.905879, 45.9070092], [8.9058154, 45.9070324], [8.9057126, 45.9070238], [8.9056602, 45.9069744], [8.9057008, 45.9069098], [8.905792, 45.9067652], [8.9058445, 45.9066972], [8.9058694, 45.906238], [8.9059593, 45.905888], [8.9059075, 45.9056263], [8.905867, 45.9054213], [8.905849, 45.9051625], [8.9058454, 45.9049638], [8.9057875, 45.9049256], [8.9058723, 45.9048574], [8.90582, 45.904793], [8.9058055, 45.9045359], [8.9058051, 45.9044458], [8.9057683, 45.9044533], [8.9057314, 45.9044528], [8.9056959, 45.9044375], [8.9056731, 45.9044169], [8.9056617, 45.9043941], [8.9056577, 45.9043717], [8.9056568, 45.904331], [8.9056142, 45.9042365], [8.9055674, 45.9041325], [8.9056127, 45.9040791], [8.9056323, 45.9040694], [8.905657, 45.9040572], [8.9056966, 45.904109], [8.9058267, 45.9041127], [8.9058108, 45.9040105], [8.9057599, 45.904017], [8.9057398, 45.9039507], [8.9056872, 45.9039666], [8.9056521, 45.9039072], [8.9056603, 45.9038869], [8.9056642, 45.9038786], [8.905615, 45.9038098], [8.9056738, 45.9037832], [8.9056271, 45.9037202], [8.9056888, 45.9036969], [8.9056754, 45.9036764], [8.9055869, 45.9037072], [8.9054353, 45.9035485], [8.9055091, 45.9035112], [8.9055035, 45.9034995], [8.9053418, 45.9035673], [8.9053241, 45.9035761], [8.905295, 45.9035843], [8.9052899, 45.9035759], [8.905267, 45.9035436], [8.9050752, 45.9033666], [8.9051035, 45.9033556], [8.9051249, 45.9033473], [8.9051899, 45.9033269], [8.9052067, 45.9033385], [8.9052345, 45.9033269], [8.9052073, 45.903283], [8.9051555, 45.903243], [8.905132, 45.9032518], [8.9051038, 45.9032532], [8.9050843, 45.9032378], [8.9050622, 45.9032266], [8.9050427, 45.9032215], [8.9050649, 45.9031991], [8.904969, 45.9031575], [8.9050421, 45.9030964], [8.9049891, 45.9030707], [8.9049227, 45.9031258], [8.9047149, 45.9030246], [8.904735, 45.903011], [8.9046917, 45.9029993], [8.9046613, 45.9030008], [8.9046183, 45.9030203], [8.904444, 45.9029653], [8.9044249, 45.9029854], [8.9044172, 45.9029975], [8.9043982, 45.9030134], [8.9043488, 45.9030031], [8.9041328, 45.9029961], [8.9038579, 45.9030003], [8.9038502, 45.9030316], [8.9037309, 45.9030388], [8.9037305, 45.9029739], [8.9035275, 45.9029884], [8.9032316, 45.9030323], [8.9032068, 45.9030328], [8.9032202, 45.9030678], [8.9029543, 45.9030854], [8.9027636, 45.9030943], [8.9022491, 45.9031337], [8.9021358, 45.9031631], [8.9021241, 45.903136], [8.9021156, 45.9031236], [8.9020848, 45.9030788], [8.9020517, 45.9030306], [8.9019806, 45.9030511], [8.9020115, 45.9031043], [8.9019029, 45.9031491], [8.9019193, 45.9031701], [8.9019301, 45.903184], [8.9019412, 45.9032017], [8.9017956, 45.9032415], [8.9017714, 45.903224], [8.9017131, 45.9032564], [8.9014098, 45.9034317], [8.9011959, 45.9035545], [8.9011136, 45.9036469], [8.9010091, 45.9037437], [8.9006724, 45.9039679], [8.9007006, 45.9039913], [8.9006942, 45.9040104], [8.9006108, 45.9040836], [8.9004854, 45.904191], [8.9003807, 45.9042348], [8.9002177, 45.9042921], [8.9000786, 45.9043587], [8.899842, 45.9044146], [8.8995188, 45.9045194], [8.8993892, 45.9046033], [8.8993006, 45.904675], [8.8991848, 45.9047581], [8.8990792, 45.9048325], [8.8989848, 45.904882], [8.8981282, 45.9052976], [8.8981755, 45.9053428], [8.8980039, 45.9054276], [8.8979097, 45.9053436], [8.8974593, 45.9055637], [8.8974015, 45.9055844], [8.8970645, 45.9057288], [8.8969488, 45.9058002], [8.896864, 45.9058568], [8.8966632, 45.9059878], [8.896658, 45.9060203], [8.8964903, 45.9061251], [8.8964751, 45.9061982], [8.8963734, 45.906303], [8.8964157, 45.9064057], [8.8965304, 45.9064929], [8.8965344, 45.9065753], [8.896553, 45.9066192], [8.8965662, 45.9066502], [8.8966244, 45.9067203], [8.8967308, 45.9068176], [8.8966626, 45.9068706], [8.8965761, 45.9069474], [8.89636, 45.9069565], [8.8962558, 45.9069559], [8.8961209, 45.9070114], [8.8958982, 45.9072055], [8.8959295, 45.9073401], [8.8959713, 45.9073815], [8.8960168, 45.9074295], [8.8960498, 45.907557], [8.8960683, 45.907637], [8.8961293, 45.9077541], [8.8962676, 45.9079252], [8.8963462, 45.9079984], [8.8963893, 45.9080414], [8.8967643, 45.9083634], [8.8971588, 45.908682], [8.8973327, 45.9088058], [8.8974371, 45.9089658], [8.8976208, 45.9091208], [8.897718, 45.9092068], [8.8978074, 45.9092961], [8.8978509, 45.9093728], [8.8978679, 45.9096553], [8.8980176, 45.9098186], [8.897992, 45.9101437], [8.8980295, 45.9101396], [8.8980638, 45.9102559], [8.8980097, 45.910465], [8.8979853, 45.9105775], [8.8980793, 45.9108976], [8.8980814, 45.9110903], [8.8980587, 45.9111637], [8.8981903, 45.9113248], [8.8982043, 45.9113444], [8.8983157, 45.9115004], [8.8983655, 45.9116275], [8.8983863, 45.9116805], [8.8986181, 45.911734], [8.8986242, 45.9118372], [8.8988563, 45.9120006], [8.8989871, 45.9120796], [8.8991628, 45.912294], [8.8991925, 45.9123502], [8.8993482, 45.9124185], [8.899504, 45.9126146], [8.8998404, 45.9128546], [8.8999227, 45.91313], [8.9000101, 45.9131217], [8.9000741, 45.9133161], [8.9001433, 45.9133612], [8.9004735, 45.9134876], [8.900547, 45.913606], [8.9005343, 45.9136727], [8.9004989, 45.9137486], [8.9001217, 45.9142404], [8.9000885, 45.9142836], [8.9000027, 45.9143728], [8.8998794, 45.914501], [8.8997921, 45.9145917], [8.8996901, 45.9146932], [8.8996445, 45.9147452], [8.8996172, 45.9148215], [8.8995198, 45.9150627], [8.8995023, 45.915106], [8.8994127, 45.9152608], [8.8992531, 45.9154418], [8.8989285, 45.9158078], [8.8989058, 45.9158933], [8.898858, 45.9159822], [8.8989356, 45.9167495], [8.8989592, 45.9172422], [8.8993149, 45.918533], [8.8993291, 45.9186314], [8.8992522, 45.9187322], [8.8990552, 45.9188906], [8.8988148, 45.9190163], [8.8983178, 45.9193172], [8.8977264, 45.9196276], [8.8975564, 45.9197748], [8.8975381, 45.919778], [8.8973149, 45.9198165], [8.8967806, 45.9199087], [8.8966396, 45.920049], [8.8964287, 45.920134], [8.8962569, 45.9201307], [8.8961373, 45.9201188], [8.8959586, 45.9201637], [8.8958498, 45.9202639], [8.8956643, 45.9203311], [8.8956024, 45.9203976], [8.895606, 45.9204616], [8.8957347, 45.9205711], [8.8956929, 45.9206454], [8.8954943, 45.9206911], [8.8953238, 45.9207146], [8.8951961, 45.9207565], [8.8950427, 45.9208569], [8.8949249, 45.9209638], [8.8948844, 45.9210401], [8.8948566, 45.9212135], [8.8945792, 45.9212974], [8.8944279, 45.9213907], [8.8942773, 45.9215265], [8.8940127, 45.9216567], [8.8939075, 45.9217722], [8.8937044, 45.9218949], [8.893285, 45.9220384], [8.8931265, 45.9221149], [8.8930064, 45.9221555], [8.8929547, 45.9221723], [8.8928119, 45.9222378], [8.8924608, 45.9222823], [8.8923307, 45.9222869], [8.8920867, 45.922307], [8.891948, 45.9223653], [8.8918286, 45.9224327], [8.8917008, 45.9225578], [8.8915499, 45.9228525], [8.891153, 45.9230978], [8.8910673, 45.9231588], [8.8910171, 45.9232623], [8.8908454, 45.9237031], [8.890759, 45.92418], [8.8906699, 45.9244004], [8.8902688, 45.925066], [8.8900405, 45.9255652], [8.8898995, 45.9259656], [8.8897717, 45.9261769], [8.8897198, 45.9263523], [8.8895439, 45.9267027], [8.8895369, 45.9267166], [8.8895681, 45.9268267], [8.8896463, 45.9271032], [8.8895729, 45.9272882], [8.8895707, 45.9275717], [8.8895381, 45.9277652], [8.8895409, 45.9279902], [8.8896429, 45.9285322], [8.8895413, 45.9286112], [8.8894265, 45.9287596], [8.8893612, 45.9291555], [8.8892868, 45.9292814], [8.8891834, 45.9294073], [8.8888846, 45.9296454], [8.8887004, 45.9298657], [8.8886842, 45.9299832], [8.8886653, 45.9300771], [8.8885347, 45.9302654], [8.888432, 45.9306998], [8.888292, 45.9309363], [8.8882398, 45.9312545], [8.888196, 45.9314954], [8.8881903, 45.9317631], [8.8880761, 45.9318948], [8.8880861, 45.932152], [8.8880883, 45.932204], [8.8880985, 45.9324464], [8.8880199, 45.9326051], [8.8880056, 45.9328292], [8.8879905, 45.9330179], [8.8879682, 45.9330901], [8.8878971, 45.9333209], [8.8878601, 45.9334446], [8.887792, 45.9336726], [8.8878463, 45.9340373], [8.887711, 45.9343106], [8.8877651, 45.9348282], [8.8877481, 45.9352557], [8.8878888, 45.9358454], [8.8879376, 45.9364305], [8.8880961, 45.9368796], [8.8882443, 45.9371804], [8.8883757, 45.9375065], [8.8884634, 45.9380061], [8.8885178, 45.9382087], [8.8887844, 45.9387805], [8.8890367, 45.9391903], [8.8890993, 45.9393299], [8.8895883, 45.9397973], [8.8897778, 45.9401813], [8.8900095, 45.940447], [8.8900362, 45.9406742], [8.8899507, 45.9409171], [8.8899233, 45.9410575], [8.8899653, 45.9411818], [8.8900593, 45.9415451], [8.8900832, 45.9416981], [8.8901185, 45.9417882], [8.8901635, 45.9418422], [8.8904679, 45.9420721], [8.8909141, 45.9422976], [8.8910318, 45.9423203], [8.8912543, 45.9423295], [8.891451, 45.9423568], [8.8918298, 45.9424472], [8.8922312, 45.9425197], [8.8925303, 45.9425975], [8.8927272, 45.9426947], [8.8928338, 45.9427814], [8.8929386, 45.9429382], [8.8930058, 45.9431146], [8.8930569, 45.9433577], [8.8930987, 45.9434387], [8.8932532, 45.9436054], [8.8933319, 45.9437675], [8.8935106, 45.9439162], [8.8935835, 45.9439904], [8.8937585, 45.9441685], [8.8937953, 45.9443396], [8.8938019, 45.9448179], [8.8937729, 45.9450551], [8.8937716, 45.9453848], [8.8937472, 45.9454561], [8.8936516, 45.9456037], [8.8936132, 45.9457303], [8.8936235, 45.9458063], [8.8936907, 45.945928], [8.8937242, 45.946072], [8.893795, 45.9461891], [8.8938381, 45.9463254], [8.8937291, 45.9466762], [8.8935292, 45.9468332], [8.8932223, 45.9471304], [8.8931178, 45.9471926], [8.8929623, 45.9472952], [8.8928524, 45.9473681], [8.8926056, 45.9475185], [8.8925441, 45.9476123], [8.892413, 45.947812], [8.8922607, 45.9479239], [8.8921761, 45.9480834], [8.89206, 45.9482504], [8.8920144, 45.9484128], [8.891934, 45.9485428], [8.8918424, 45.9486232], [8.8917427, 45.9486545], [8.8915875, 45.9486428], [8.8910479, 45.9487933], [8.8910231, 45.9487532], [8.8908451, 45.9487957], [8.8906189, 45.9488561], [8.8904594, 45.9488987], [8.8903539, 45.9489521], [8.8902114, 45.9490981], [8.8901762, 45.9491933], [8.8902514, 45.949212], [8.8902287, 45.9493055], [8.8901945, 45.949446], [8.8901515, 45.9496769], [8.8900835, 45.9497848], [8.8900283, 45.9499602], [8.8899703, 45.9499962], [8.8898524, 45.950032], [8.8898093, 45.9500979], [8.8898086, 45.950158], [8.8898621, 45.9503116], [8.889995, 45.9505272], [8.8900004, 45.9505512], [8.8900425, 45.9507501], [8.8901647, 45.9507915], [8.8902552, 45.9509347], [8.8902795, 45.9510271], [8.890494, 45.9514519], [8.8905932, 45.9516484], [8.8906342, 45.9518606], [8.8906757, 45.9520024], [8.8907388, 45.9520033], [8.8907539, 45.9520767], [8.8907962, 45.9522821], [8.8908229, 45.9524119], [8.8908313, 45.9524527], [8.8908224, 45.9525192], [8.890807, 45.9526342], [8.8908032, 45.9528636], [8.8906966, 45.9529806], [8.8906724, 45.9531855], [8.8907776, 45.9536512], [8.8907902, 45.9537907], [8.8908896, 45.9539393], [8.8907012, 45.9541211], [8.8904909, 45.9542764], [8.8900372, 45.9546132], [8.8898854, 45.9546786], [8.8897311, 45.9547269], [8.8896673, 45.9547372], [8.8895436, 45.9546715], [8.8894558, 45.9546682], [8.8892761, 45.9546864], [8.8892068, 45.9546934], [8.8888635, 45.9548469], [8.8887254, 45.9548245], [8.8885622, 45.9548011], [8.8883126, 45.9547801], [8.8881809, 45.9547723], [8.8880068, 45.9548032], [8.8878969, 45.9547666], [8.8876834, 45.9546981], [8.8871875, 45.9546756], [8.8868977, 45.9546456], [8.8864281, 45.9546771], [8.8859209, 45.9546407], [8.8856039, 45.95462], [8.8854671, 45.9546489], [8.8849363, 45.9545859], [8.884674, 45.954526], [8.884041, 45.9544685], [8.8837257, 45.9544179], [8.8834637, 45.9543457], [8.8829085, 45.9541639], [8.8826555, 45.9541283], [8.8824372, 45.9541106], [8.8822304, 45.9541345], [8.8815197, 45.9541938], [8.8811669, 45.9542099], [8.8807115, 45.9542603], [8.8805448, 45.9542868], [8.8803928, 45.9542911], [8.879936, 45.9541925], [8.8793597, 45.9541184], [8.8790457, 45.9540671], [8.8787515, 45.9540367], [8.8783629, 45.9539779], [8.8781372, 45.9540621], [8.8780059, 45.9540648], [8.8778951, 45.9540485], [8.877807, 45.9540436], [8.8776386, 45.9539787], [8.8774381, 45.9539478], [8.8771555, 45.9539199], [8.8766877, 45.9538997], [8.8765288, 45.9539195], [8.8763016, 45.9540765], [8.8759773, 45.9543127], [8.875772, 45.9545749], [8.8756765, 45.9548511], [8.875471, 45.9551295], [8.8751216, 45.9557237], [8.875016, 45.9558822], [8.8748811, 45.955851], [8.8748061, 45.9558593], [8.8749007, 45.955934], [8.8748813, 45.9560677], [8.874866, 45.9561073], [8.8747152, 45.9562332], [8.8746011, 45.9564157], [8.8746847, 45.9565098], [8.8746267, 45.9567359], [8.8746292, 45.956845], [8.8744697, 45.9571975], [8.8743769, 45.9574178], [8.8745059, 45.9577057], [8.8745193, 45.957779], [8.8745633, 45.9579015], [8.8745847, 45.9578985], [8.874632, 45.9580602], [8.8746803, 45.9583579], [8.8747139, 45.9584626], [8.8746907, 45.9586248], [8.874687, 45.9586678], [8.8747019, 45.9586934], [8.8746879, 45.9587299], [8.8746408, 45.9587794], [8.8745863, 45.9588271], [8.8745297, 45.9588751], [8.8744949, 45.9588991], [8.874367, 45.9589782], [8.874329, 45.9589986], [8.874293, 45.9590161], [8.8742272, 45.9590411], [8.8741908, 45.9590523], [8.8741, 45.9590736], [8.8740225, 45.959088], [8.8739526, 45.9590976], [8.8738649, 45.9591085], [8.8737243, 45.9591083], [8.8734814, 45.9591044], [8.8733427, 45.9591034], [8.8732235, 45.9590988], [8.8726943, 45.9590657], [8.8721483, 45.9590109], [8.8721196, 45.9590184], [8.8718753, 45.9590583], [8.8717138, 45.9591478], [8.8715764, 45.9592717], [8.8713662, 45.9595418], [8.8713654, 45.9596409], [8.8712998, 45.9596754], [8.8712903, 45.9596661], [8.8711365, 45.9597632], [8.8708277, 45.9598845], [8.8704599, 45.9599581], [8.8702597, 45.959976], [8.8699768, 45.9599673], [8.8699737, 45.9599933], [8.8697324, 45.9599362], [8.8697373, 45.9599196], [8.8696814, 45.9599085], [8.8696111, 45.9598909], [8.8695534, 45.9598765], [8.8692986, 45.9598127], [8.8687638, 45.9597374], [8.8686248, 45.9597173], [8.8681133, 45.9596274], [8.8674767, 45.9595587], [8.8671822, 45.9595581], [8.8668599, 45.9595759], [8.8666482, 45.9596055], [8.8665926, 45.9596558], [8.8664148, 45.9598165], [8.86639, 45.9599103], [8.8663941, 45.9599752], [8.8663518, 45.9600288], [8.8663097, 45.9600821], [8.8662897, 45.9601075], [8.8662532, 45.9601538], [8.8661349, 45.9602292], [8.8661178, 45.9602363], [8.8658598, 45.9603441], [8.8657301, 45.9604259], [8.865592, 45.9606515], [8.8654834, 45.9607064], [8.8653954, 45.9607458], [8.8653396, 45.9607432], [8.8651592, 45.9607284], [8.8648785, 45.9605762], [8.8647962, 45.9605622], [8.8646604, 45.9605742], [8.8645087, 45.9606091], [8.8644712, 45.9606177], [8.8643985, 45.9606491], [8.8640463, 45.9608918], [8.8639177, 45.9609609], [8.8637639, 45.9610504], [8.8634237, 45.9612485], [8.8633049, 45.9613261], [8.8632434, 45.9613768], [8.8631129, 45.9614554], [8.8629374, 45.9614652], [8.8628583, 45.9614502], [8.8627263, 45.9614953], [8.8627142, 45.9614872], [8.8628466, 45.9614376], [8.8627585, 45.9613634], [8.862571, 45.9614716], [8.8626067, 45.9615036], [8.8625386, 45.9615585], [8.8624657, 45.961672], [8.8622255, 45.9618396], [8.8621402, 45.9618635], [8.8621134, 45.9618501], [8.8620704, 45.9618501], [8.8618155, 45.9619097], [8.8616168, 45.9619858], [8.8615054, 45.9620838], [8.8613882, 45.9621248], [8.8612129, 45.9621375], [8.8611664, 45.9621526], [8.861039, 45.9621491], [8.8609666, 45.9621641], [8.8608789, 45.9622027], [8.8608528, 45.9622385], [8.8607252, 45.9623203], [8.860721, 45.9623611], [8.8607005, 45.9623607], [8.8606789, 45.9623603], [8.8606601, 45.9623601], [8.8605505, 45.9624512], [8.8605622, 45.9624568], [8.8605622, 45.9624723], [8.8604368, 45.9625796], [8.860417, 45.9625803], [8.8602414, 45.9627264], [8.8602531, 45.9628168], [8.8601585, 45.9628661], [8.8600835, 45.9630766], [8.8600688, 45.9632495], [8.8599943, 45.9633773], [8.859658, 45.9637529], [8.8594172, 45.9640431], [8.8590948, 45.9646033], [8.8590111, 45.9649346], [8.8589115, 45.9651352], [8.8586864, 45.9656473], [8.8586625, 45.9657439], [8.8588787, 45.9661576], [8.8589356, 45.9665909], [8.8588576, 45.9666456], [8.8588158, 45.9666958], [8.8587561, 45.9667514], [8.8588053, 45.9667824], [8.8590264, 45.9669218], [8.8592603, 45.9670693], [8.8590899, 45.967196], [8.8591443, 45.9672429], [8.8591583, 45.9672409], [8.8592327, 45.967285], [8.8593531, 45.9673565], [8.8594319, 45.967403], [8.8596144, 45.9674983], [8.8597953, 45.9676403], [8.8599491, 45.9677844], [8.8599528, 45.967788], [8.8600041, 45.9678753], [8.8600638, 45.9679898], [8.86011, 45.9681652], [8.8601603, 45.9685], [8.8602138, 45.9689252], [8.8602886, 45.9692818], [8.8603753, 45.9694573], [8.8605799, 45.9693978], [8.860632, 45.9694024], [8.8606697, 45.969445], [8.8607448, 45.9696065], [8.8608194, 45.9696262], [8.8611045, 45.9697013], [8.8612892, 45.9697717], [8.8616606, 45.9699395], [8.8629524, 45.9703251], [8.8630897, 45.9703363], [8.8634073, 45.9703802], [8.8636857, 45.9704164], [8.8638355, 45.9704522], [8.8644294, 45.9708376], [8.8649459, 45.9710193], [8.86528, 45.9710095], [8.8655865, 45.9709391], [8.8660269, 45.9710782], [8.8660439, 45.9711081], [8.8662058, 45.9712077], [8.8664937, 45.9714196], [8.8668432, 45.9715588], [8.8672555, 45.9718317], [8.8671869, 45.9719145], [8.8672352, 45.9719695], [8.867338, 45.9720282], [8.8676638, 45.9721676], [8.8677948, 45.9721628], [8.8679848, 45.97222], [8.8681682, 45.9722222], [8.8681491, 45.9722074], [8.8681344, 45.9721928], [8.8681319, 45.9721312], [8.8681375, 45.9721248], [8.8681476, 45.9721213], [8.8681546, 45.9721224], [8.8681611, 45.9721262], [8.8681669, 45.9721303], [8.8681717, 45.9721351], [8.8681748, 45.9721468], [8.8681764, 45.9721582], [8.8682455, 45.9721765], [8.8682822, 45.9721896], [8.8682903, 45.972196], [8.8682962, 45.9722029], [8.8682982, 45.9722081], [8.8682949, 45.9722127], [8.8682696, 45.9722145], [8.8682737, 45.9722208], [8.8682826, 45.9722261], [8.8683867, 45.9722696], [8.8686293, 45.972245], [8.8687185, 45.9722082], [8.8687573, 45.9722195], [8.8688803, 45.9721693], [8.8688454, 45.9721484], [8.8688362, 45.9721352], [8.8688341, 45.9721214], [8.8688372, 45.9721083], [8.8688454, 45.9720961], [8.8688702, 45.9720922], [8.8688937, 45.9720926], [8.8689407, 45.9720722], [8.8690122, 45.9720462], [8.8690828, 45.9719946], [8.8691024, 45.9719554], [8.8691368, 45.9719117], [8.869219, 45.9718311], [8.8692748, 45.9717857], [8.8693081, 45.9717594], [8.8693504, 45.9717321], [8.8694547, 45.971665], [8.8695133, 45.9716179], [8.8695531, 45.9715471], [8.8695835, 45.9715641], [8.8696301, 45.9715009], [8.8696314, 45.9714627], [8.8695944, 45.9714604], [8.8695791, 45.9714066], [8.8696779, 45.9713115], [8.8697805, 45.9712556], [8.869813, 45.9712059], [8.8698287, 45.9712012], [8.8698466, 45.9711979], [8.8698668, 45.9712095], [8.8698825, 45.9712228], [8.869883, 45.9712418], [8.8698956, 45.9712579], [8.8699045, 45.9712549], [8.8699376, 45.9712395], [8.8699534, 45.9712272], [8.8699692, 45.9712148], [8.8699863, 45.9711903], [8.8699635, 45.971167], [8.8699565, 45.9711385], [8.8699667, 45.9711208], [8.87, 45.9711058], [8.8700313, 45.9711029], [8.8700763, 45.9710803], [8.8701517, 45.9710678], [8.8703087, 45.9709215], [8.8702477, 45.9708909], [8.8702591, 45.9708704], [8.8703021, 45.9708427], [8.8703241, 45.9708069], [8.8703363, 45.9707699], [8.8703344, 45.9707341], [8.8703401, 45.9707232], [8.8703491, 45.9707151], [8.8703687, 45.9707136], [8.8703877, 45.9707138], [8.8704108, 45.9707413], [8.8704631, 45.9707149], [8.8704939, 45.9706885], [8.8705512, 45.9706317], [8.8704438, 45.9705543], [8.8704476, 45.9705377], [8.8704813, 45.9704996], [8.8705793, 45.9704071], [8.8706189, 45.9703035], [8.870663, 45.9703268], [8.8706944, 45.9703603], [8.8707206, 45.9703909], [8.8707442, 45.9704247], [8.8708658, 45.9704089], [8.8709479, 45.9703849], [8.8710677, 45.9703229], [8.8711318, 45.9702957], [8.8711888, 45.9702608], [8.8712364, 45.970218], [8.8712744, 45.9701785], [8.8713284, 45.9701522], [8.8715551, 45.9700035], [8.8716178, 45.9699894], [8.8716425, 45.9699628], [8.8716866, 45.9699262], [8.8717153, 45.9699075], [8.8718224, 45.969787], [8.8718732, 45.9697206], [8.8719115, 45.9696838], [8.8719545, 45.969583], [8.8719864, 45.9695557], [8.8719698, 45.9695388], [8.8719597, 45.9695213], [8.8719513, 45.9695013], [8.8719498, 45.9694808], [8.8719894, 45.969444], [8.8720344, 45.969414], [8.8720634, 45.9694204], [8.8721719, 45.9693509], [8.8721728, 45.969312], [8.8721914, 45.9692812], [8.872189, 45.9691929], [8.8722665, 45.9691189], [8.8722883, 45.9690651], [8.8723068, 45.9690448], [8.8723335, 45.9690292], [8.8723924, 45.9690497], [8.8724849, 45.9691388], [8.8724931, 45.9691601], [8.8725277, 45.9691965], [8.872588, 45.9691596], [8.8727279, 45.969083], [8.8726954, 45.969035], [8.8727057, 45.968995], [8.8727604, 45.9689723], [8.8728265, 45.9689666], [8.8729391, 45.9689104], [8.8730153, 45.9688454], [8.8731087, 45.9687882], [8.8730761, 45.9687627], [8.8730681, 45.9687101], [8.8730846, 45.9686995], [8.8731157, 45.9687363], [8.8731801, 45.9686724], [8.8731947, 45.9686816], [8.8732109, 45.9686685], [8.8731977, 45.9686595], [8.8732011, 45.9686274], [8.8731761, 45.9685977], [8.8731715, 45.9685671], [8.8732135, 45.9684736], [8.8732566, 45.9684038], [8.8733006, 45.9682737], [8.8732812, 45.9682465], [8.8732372, 45.9682472], [8.8731604, 45.9682247], [8.8731469, 45.9681752], [8.8731465, 45.9681207], [8.8731621, 45.9680649], [8.8731863, 45.968025], [8.873231, 45.9680139], [8.8732919, 45.9680212], [8.8733508, 45.9680189], [8.8733753, 45.9680042], [8.8733792, 45.9679798], [8.8733091, 45.967966], [8.87327, 45.9679582], [8.8732495, 45.9679421], [8.8732581, 45.9679072], [8.8733534, 45.9678179], [8.8733861, 45.9678085], [8.8734195, 45.9678028], [8.8734622, 45.9678111], [8.8735036, 45.9678237], [8.8735267, 45.9678403], [8.873538, 45.9678587], [8.874162, 45.9679846], [8.8742126, 45.9679993], [8.8742883, 45.968072], [8.8743568, 45.9681392], [8.8744835, 45.9682632], [8.874589, 45.9683903], [8.8747761, 45.9685843], [8.8745964, 45.9686658], [8.874465, 45.9685439], [8.8743514, 45.9685465], [8.8742849, 45.9685725], [8.8742658, 45.9686071], [8.8742599, 45.968624], [8.8742366, 45.9686793], [8.8742076, 45.9687432], [8.8741779, 45.9688177], [8.8741983, 45.9688264], [8.874096, 45.9690762], [8.8741081, 45.9691503], [8.8741656, 45.9691535], [8.8742178, 45.9691497], [8.8743383, 45.9690871], [8.874559, 45.9689531], [8.874521, 45.9689248], [8.8747005, 45.9688206], [8.874949, 45.9687427], [8.8750048, 45.9687118], [8.8751348, 45.9686823], [8.8748792, 45.9684209], [8.8748555, 45.9684347], [8.8747444, 45.9683262], [8.8747643, 45.9683166], [8.8746202, 45.9681664], [8.8745921, 45.9681791], [8.8744723, 45.9680588], [8.8745024, 45.9680454], [8.8743269, 45.967873], [8.8742711, 45.9678591], [8.8742054, 45.9678571], [8.8742141, 45.9678271], [8.8742397, 45.967781], [8.8741117, 45.9677607], [8.8740826, 45.9677999], [8.874019, 45.9677868], [8.8740375, 45.9677362], [8.8737354, 45.9676724], [8.8737784, 45.9676549], [8.873706, 45.9676378], [8.8736764, 45.9676836], [8.8736532, 45.967736], [8.8735522, 45.9677085], [8.8735421, 45.9676707], [8.8735315, 45.967661], [8.8735308, 45.9676077], [8.8735513, 45.9675474], [8.8735838, 45.9675276], [8.8735818, 45.9675046], [8.8735616, 45.967479], [8.8734337, 45.9673598], [8.8733125, 45.9672254], [8.8732908, 45.9672023], [8.8732292, 45.9668798], [8.8732044, 45.9667499], [8.8728695, 45.9664543], [8.8728549, 45.9664415], [8.8727568, 45.9664606], [8.8723373, 45.9660348], [8.8712686, 45.9653033], [8.8711429, 45.9651723], [8.8708798, 45.9651177], [8.8704636, 45.9649403], [8.8702712, 45.9646483], [8.8702869, 45.9642907], [8.8700776, 45.9634229], [8.8700263, 45.9629348], [8.870035, 45.9625107], [8.8698591, 45.9623694], [8.8697375, 45.9621491], [8.8694805, 45.96194], [8.8693081, 45.9616489], [8.869154, 45.9612782], [8.8691932, 45.9609869], [8.8694463, 45.9608537], [8.8696303, 45.9605977], [8.8706427, 45.9603525], [8.8708728, 45.9602619], [8.8710148, 45.9603555], [8.8710511, 45.9603839], [8.871006, 45.9603973], [8.8709653, 45.9604388], [8.8709781, 45.9604626], [8.871422, 45.9603128], [8.8713925, 45.9602768], [8.8711476, 45.9603544], [8.8711106, 45.9602745], [8.8711457, 45.9602305], [8.8712513, 45.9601811], [8.871306, 45.9601295], [8.8713329, 45.9601064], [8.8713961, 45.9601488], [8.8715134, 45.960064], [8.871544, 45.9600799], [8.8715932, 45.9600595], [8.8715999, 45.9600319], [8.8715749, 45.9600194], [8.8715685, 45.9599913], [8.8715366, 45.9599447], [8.8715573, 45.9599042], [8.8716888, 45.9598536], [8.8718394, 45.9597839], [8.871999, 45.9597105], [8.8720795, 45.959662], [8.8721882, 45.9596066], [8.872382, 45.9595597], [8.8726552, 45.9595286], [8.8728958, 45.9595094], [8.87295, 45.9595144], [8.8729596, 45.9595523], [8.8732501, 45.9595781], [8.8733484, 45.9595706], [8.8734598, 45.959527], [8.8734663, 45.9594907], [8.8740863, 45.959414], [8.8742959, 45.9593697], [8.8749203, 45.9590612], [8.8754643, 45.9588786], [8.8759364, 45.9589266], [8.8763251, 45.9590221], [8.8765656, 45.9590948], [8.8765961, 45.959104], [8.8772911, 45.9591886], [8.8778029, 45.959177], [8.8781762, 45.9591372], [8.8791648, 45.9593418], [8.8799052, 45.9594956], [8.8799359, 45.9596193], [8.8806127, 45.9597517], [8.8813714, 45.9598661], [8.8819304, 45.9598948], [8.8835843, 45.9601167], [8.8848943, 45.9602172], [8.8858079, 45.9604816], [8.8865375, 45.9608051], [8.8872389, 45.9613315], [8.8873942, 45.9614583], [8.8875208, 45.9617293], [8.8877512, 45.9622111], [8.8879753, 45.9625701], [8.888084, 45.9626326], [8.8882348, 45.962792], [8.8881783, 45.9628204], [8.8883196, 45.9629492], [8.8883961, 45.9631454], [8.8883082, 45.9631605], [8.8879696, 45.9632869], [8.8877469, 45.963314], [8.8875666, 45.9632788], [8.8872511, 45.9634247], [8.8872022, 45.9636129], [8.8870497, 45.9637513], [8.8869027, 45.9638695], [8.8868512, 45.9640547], [8.886525, 45.9643596], [8.8864605, 45.96442], [8.8864189, 45.9644589], [8.8859917, 45.9648582], [8.8852741, 45.9659246], [8.8850936, 45.9662113], [8.8851912, 45.9663683], [8.8851302, 45.9665008], [8.8850167, 45.9666208], [8.8848843, 45.9666041], [8.884653, 45.9667695], [8.8843414, 45.9671032], [8.8840795, 45.9674648], [8.8839934, 45.9675836], [8.8838026, 45.9681279], [8.8837506, 45.9681412], [8.8837249, 45.9683644], [8.8838213, 45.9683979], [8.8836818, 45.9686984], [8.8835515, 45.968948], [8.883561, 45.9691521], [8.8836817, 45.9693442], [8.8837791, 45.9694992], [8.8838285, 45.9696952], [8.883874, 45.9698364], [8.8839097, 45.9699091], [8.8840976, 45.9700279], [8.8843352, 45.9701575], [8.8845485, 45.970276], [8.884691, 45.9703407], [8.8847223, 45.9703446], [8.8850588, 45.9704744], [8.8852087, 45.9705615], [8.8852125, 45.9705388], [8.8852247, 45.9705195], [8.8852498, 45.9705055], [8.885279, 45.9704966], [8.8853109, 45.9704987], [8.8853437, 45.970506], [8.8854146, 45.970525], [8.8854742, 45.970552], [8.885507, 45.9705847], [8.8855205, 45.9706048], [8.8855306, 45.9706285], [8.8855429, 45.970686], [8.8855714, 45.9707024], [8.8856579, 45.9707409], [8.8857672, 45.9707858], [8.8858583, 45.9708175], [8.8858976, 45.9708288], [8.8859436, 45.9708377], [8.8860417, 45.9708737], [8.8861497, 45.9709084], [8.8862933, 45.9709444], [8.8863981, 45.9709617], [8.8865335, 45.9709887], [8.8868348, 45.9710593], [8.8869472, 45.9710813], [8.8874059, 45.971261], [8.8885625, 45.9718659], [8.8886393, 45.9718964], [8.8889942, 45.9720373], [8.8891146, 45.9724687], [8.8893033, 45.9725926], [8.8894418, 45.9726105], [8.8895227, 45.9726164], [8.8896265, 45.9725811], [8.889812, 45.9725443], [8.8899092, 45.972578], [8.890444, 45.972663], [8.8906327, 45.9727603], [8.8909585, 45.9727362], [8.8911403, 45.972696], [8.8912613, 45.9725842], [8.8914027, 45.9724678], [8.8916771, 45.9723718], [8.8920956, 45.9723322], [8.8922753, 45.9723072], [8.8925976, 45.9721881], [8.8926507, 45.972317], [8.8928097, 45.9722802], [8.8929579, 45.9723961], [8.8929864, 45.9732473], [8.8933278, 45.9735249], [8.8936153, 45.9739927], [8.8933822, 45.9741187], [8.8933827, 45.9744236], [8.8934723, 45.9747034], [8.8937741, 45.9748472], [8.8941776, 45.974978], [8.8941861, 45.974981], [8.8942294, 45.9749947], [8.8944893, 45.975075], [8.8944103, 45.9751305], [8.894446, 45.9751951], [8.8945617, 45.9751655], [8.8946912, 45.9753137], [8.8947608, 45.9754275], [8.8946973, 45.9754566], [8.8946616, 45.9755046], [8.8945828, 45.9755281], [8.8946715, 45.9756822], [8.8948174, 45.9757139], [8.8949422, 45.9759307], [8.8948193, 45.9759651], [8.8948446, 45.9760265], [8.8948824, 45.976144], [8.8948847, 45.9761677], [8.8948928, 45.9762496], [8.8948503, 45.9764068], [8.8947424, 45.976707], [8.8947679, 45.9768607], [8.8948106, 45.9771189], [8.8946507, 45.9772268], [8.8948111, 45.9772682], [8.8949259, 45.9778318], [8.8945768, 45.9779003], [8.8950022, 45.9780142], [8.8946056, 45.9785032], [8.8943387, 45.9784853], [8.8943233, 45.978546], [8.8945748, 45.9785674], [8.8949729, 45.9792206], [8.8950174, 45.9795476], [8.8947614, 45.9796079], [8.8949137, 45.9797538], [8.8947911, 45.9800123], [8.8949921, 45.9800701], [8.8946675, 45.9804451], [8.8946033, 45.9805188], [8.8944635, 45.9807119], [8.8944716, 45.9807814], [8.8945077, 45.9808533], [8.8944759, 45.9808791], [8.8947059, 45.9811497], [8.8948702, 45.9810916], [8.8949714, 45.9812914], [8.8950093, 45.9813864], [8.8949589, 45.9816269], [8.8950064, 45.9816309], [8.8950212, 45.9817204], [8.8949018, 45.9819467], [8.8948319, 45.9826829], [8.8948716, 45.9828682], [8.8947612, 45.9832407], [8.8946835, 45.9832277], [8.894562, 45.9838739], [8.8945623, 45.9838831], [8.8945651, 45.9839604], [8.8946532, 45.9839654], [8.8945986, 45.9840558], [8.8944396, 45.9841172], [8.8944937, 45.984228], [8.8944811, 45.9844147], [8.8943845, 45.9844293], [8.8942753, 45.9845081], [8.8941367, 45.9847795], [8.8940233, 45.9847678], [8.8939687, 45.9849341], [8.8938623, 45.9849864], [8.8938018, 45.9851169], [8.8937966, 45.9852277], [8.8939519, 45.9852522], [8.893928, 45.985361], [8.8938489, 45.9854346], [8.893782, 45.9854327], [8.8937805, 45.9855306], [8.8937054, 45.9857067], [8.893806, 45.9857505], [8.8937588, 45.9858358], [8.89349, 45.9862326], [8.8933395, 45.9863798], [8.8930697, 45.9864354], [8.8929226, 45.9866908], [8.8929772, 45.9867643], [8.8928446, 45.9870018], [8.8927163, 45.9870684], [8.8926931, 45.9871449], [8.8926312, 45.9872303], [8.8926996, 45.9873085], [8.8928137, 45.9876611], [8.8931986, 45.9881806], [8.8935012, 45.9885444], [8.8935336, 45.9885968], [8.8935807, 45.9886869], [8.8937067, 45.9888597], [8.8937625, 45.9888944], [8.8938884, 45.9889755], [8.8939364, 45.9889692], [8.8939907, 45.989006], [8.8941516, 45.9891032], [8.8942451, 45.9891462], [8.8943311, 45.9892134], [8.8944757, 45.9893705], [8.8947881, 45.989633], [8.895005, 45.9897982], [8.8950985, 45.9899078], [8.8951637, 45.9899998], [8.8952545, 45.9901611], [8.8952754, 45.9902826], [8.8953033, 45.9903696], [8.895392, 45.9905013], [8.8955576, 45.9906795], [8.8956881, 45.9907816], [8.8957975, 45.9908081], [8.895927, 45.9908541], [8.8961259, 45.9909543], [8.8962014, 45.9910515], [8.8962404, 45.9911226], [8.8962532, 45.9912236], [8.8962104, 45.991383], [8.8962392, 45.9914501], [8.8963946, 45.9916001], [8.8965392, 45.9917232], [8.8966813, 45.9917662], [8.8967604, 45.9917902], [8.8968039, 45.9918802], [8.8968632, 45.9921666], [8.8967871, 45.9921872], [8.896881, 45.992383], [8.8969798, 45.9924887], [8.8970115, 45.9924647], [8.8970906, 45.992508], [8.8972036, 45.9925398], [8.8973073, 45.9925338], [8.8973278, 45.9925025], [8.8976205, 45.9924811], [8.8976638, 45.9924821], [8.8977689, 45.9924845], [8.897975, 45.9924696], [8.8979965, 45.9923963], [8.8981115, 45.9923785], [8.8983024, 45.9923353], [8.8983263, 45.9923644], [8.8985891, 45.9923809], [8.8988206, 45.9923691], [8.899216, 45.9923088], [8.8993439, 45.9922656], [8.8995328, 45.9921485], [8.8997961, 45.9918895], [8.8999233, 45.9917005], [8.9000378, 45.9917463], [8.9001288, 45.9917317], [8.9002268, 45.9917227], [8.9006421, 45.9916925], [8.900858, 45.9917348], [8.9010102, 45.9918143], [8.9011874, 45.9918557], [8.9012792, 45.9919534], [8.9012391, 45.9920412], [8.9012245, 45.9920716], [8.9012496, 45.992144], [8.9012771, 45.9921718], [8.9014577, 45.9922449], [8.9017188, 45.9922759], [8.90177, 45.9922271], [8.9018386, 45.9922412], [8.9018846, 45.992356], [8.9020045, 45.992338], [8.9020468, 45.9923497], [8.9020516, 45.9923822], [8.901892, 45.992427], [8.9018624, 45.9925128], [8.9018407, 45.9925684], [8.9018446, 45.9926941], [8.9019079, 45.9928074], [8.9020522, 45.9929049], [8.9022621, 45.9929568], [8.9023364, 45.9929593], [8.9023972, 45.9929236], [8.9024877, 45.9929832], [8.9024647, 45.9930184], [8.9024951, 45.9930636], [8.9025709, 45.9930975], [8.9026769, 45.9931234], [8.9028107, 45.9931302], [8.9029212, 45.9930794], [8.9029552, 45.9931113], [8.9029623, 45.9931863], [8.9032375, 45.9933264], [8.903524, 45.9935849], [8.9034726, 45.9936172], [8.9035359, 45.9936612], [8.903614, 45.9936234], [8.9040668, 45.9937697], [8.9041231, 45.9938253], [8.9041113, 45.9938851], [8.9041735, 45.9938933], [8.9042329, 45.9939283], [8.9044885, 45.993951], [8.9046085, 45.9939647], [8.904649, 45.9939249], [8.9047293, 45.9939238], [8.9047192, 45.9940107], [8.9052791, 45.993999], [8.9056902, 45.9940279], [8.9057703, 45.9941632], [8.9062931, 45.9943375], [8.906395, 45.9944493], [8.9063628, 45.9945611], [8.9061432, 45.99463], [8.9061888, 45.9948106], [8.9063901, 45.9949949], [8.9065264, 45.9950773], [8.9067061, 45.9950773], [8.9068107, 45.9950269], [8.9070199, 45.9950009], [8.9070816, 45.9949189], [8.9070629, 45.9948704], [8.906988, 45.99474], [8.9067276, 45.9945703], [8.9066202, 45.9945545], [8.9065681, 45.9945024], [8.9065974, 45.9944681], [8.9067116, 45.994428], [8.9068693, 45.9944323], [8.9070598, 45.9946879], [8.9072324, 45.9948884], [8.907387, 45.9950251], [8.9076166, 45.9950668], [8.9076612, 45.9949305], [8.9077201, 45.9947008], [8.9076581, 45.9945248], [8.9078355, 45.9944728], [8.9080158, 45.9948037], [8.9083557, 45.9947493], [8.9080518, 45.9939949], [8.9082412, 45.9939439], [8.9088288, 45.9937663], [8.9091844, 45.9936215], [8.9092707, 45.9935442], [8.9093133, 45.9932606], [8.9092806, 45.9932091], [8.9092812, 45.9930921], [8.9093066, 45.993015], [8.9095509, 45.9931049], [8.909567, 45.9931057], [8.9097743, 45.9931155], [8.910082, 45.9933241], [8.9103254, 45.993291], [8.910324, 45.9931383], [8.9107186, 45.9927824], [8.9106768, 45.9925292], [8.9106025, 45.9922391], [8.9105203, 45.9920409], [8.9105493, 45.9917994], [8.9110222, 45.9915728], [8.9111922, 45.991269], [8.9111364, 45.9910422], [8.9113649, 45.9909262], [8.9112611, 45.9905471], [8.9112826, 45.9905374], [8.9113964, 45.9904838], [8.9116728, 45.9904615], [8.9118392, 45.9904984], [8.9122248, 45.9903316], [8.9117441, 45.9896559], [8.911476, 45.988992], [8.9115384, 45.9886836], [8.9111862, 45.9881748], [8.9110653, 45.9876688], [8.9111242, 45.9874593], [8.9110978, 45.9871589], [8.9109642, 45.9869324], [8.9107193, 45.9865909], [8.910427, 45.9862959], [8.9100731, 45.9860499], [8.9099866, 45.986095], [8.909765, 45.9858712], [8.9094361, 45.9856171], [8.9093476, 45.985322], [8.909383, 45.9846876], [8.9091812, 45.9843064], [8.9090184, 45.9838735], [8.908758, 45.9833483], [8.9086928, 45.9832169], [8.9086017, 45.9830963], [8.9085133, 45.9830315], [8.9080721, 45.9827844], [8.9078957, 45.9825527], [8.9078923, 45.9825341], [8.9078067, 45.9820294], [8.9073686, 45.9813024], [8.9072899, 45.9813223], [8.907088, 45.9809939], [8.9070924, 45.9809315], [8.9070364, 45.9808012], [8.9067098, 45.9804504], [8.9065938, 45.9804534], [8.9063553, 45.9801085], [8.9061813, 45.9798412], [8.9059123, 45.9796971], [8.9057303, 45.97965], [8.905618, 45.9796037], [8.9055539, 45.9795769], [8.9051231, 45.9793949], [8.9048261, 45.9792547], [8.9046923, 45.979191], [8.9045275, 45.9790715], [8.9044403, 45.9788937], [8.9041585, 45.9786593], [8.9041316, 45.9785721], [8.9041733, 45.9785098], [8.9041704, 45.9783344], [8.9042455, 45.9780959], [8.9042668, 45.9779121], [8.9041594, 45.9777209], [8.9039826, 45.9776168], [8.9038233, 45.9775021], [8.903799, 45.977522], [8.9036865, 45.9774181], [8.9035764, 45.9773499], [8.9034712, 45.9772553], [8.9034572, 45.9771898], [8.9033122, 45.9768572], [8.9032937, 45.9767884], [8.9032174, 45.9766373], [8.9031424, 45.9765926], [8.9030879, 45.9765317], [8.9030206, 45.9764899], [8.9029466, 45.9764104], [8.9025657, 45.9762106], [8.9023048, 45.9760718], [8.9021124, 45.9760426], [8.9021551, 45.9760091], [8.9018397, 45.9758245], [8.9013981, 45.9756874], [8.9012496, 45.9754918], [8.9011898, 45.9753751], [8.9011214, 45.9749315], [8.9013168, 45.9744018], [8.9013846, 45.9743897], [8.9013727, 45.9742317], [8.9012916, 45.9741178], [8.9011375, 45.9739994], [8.9008803, 45.97375], [8.9008025, 45.9736593], [8.9006972, 45.9734653], [8.9004879, 45.9729792], [8.9003859, 45.972723], [8.9001009, 45.9722981], [8.8998984, 45.9720176], [8.8996802, 45.9711983], [8.8994848, 45.9706641], [8.8995011, 45.9703064], [8.89921, 45.9700303], [8.8989497, 45.9697811], [8.8990135, 45.9697436], [8.8988466, 45.9696378], [8.8987711, 45.9696994], [8.8986902, 45.9696794], [8.898424, 45.9694788], [8.8978686, 45.9689067], [8.8978447, 45.9686206], [8.8980681, 45.9682172], [8.8985857, 45.9675826], [8.8987142, 45.9675282], [8.8987976, 45.9674928], [8.8991865, 45.9671813], [8.8991399, 45.9671279], [8.8995141, 45.9667164], [8.8993838, 45.9665511], [8.8993155, 45.9663474], [8.8992829, 45.9659807], [8.8993611, 45.9655936], [8.8995677, 45.965228], [8.8998175, 45.9649617], [8.8999107, 45.9647862], [8.899998, 45.964622], [8.9000341, 45.964142], [8.9002148, 45.9638199], [8.9002673, 45.9635038], [8.9001186, 45.9634511], [8.9000457, 45.9633295], [8.9001164, 45.9631784], [8.8998475, 45.9625211], [8.9001507, 45.962053], [8.9000137, 45.9620308], [8.9004409, 45.9615843], [8.9007948, 45.9613803], [8.9011854, 45.9611959], [8.9013582, 45.9610623], [8.9014628, 45.9609149], [8.9015265, 45.9608251], [8.9015559, 45.9607439], [8.9016372, 45.9605192], [8.9015993, 45.9603733], [8.9015741, 45.9601729], [8.9015469, 45.9599559], [8.9015935, 45.9598789], [8.9014711, 45.9596114], [8.9013545, 45.9596398], [8.9011319, 45.9592523], [8.9011257, 45.9589192], [8.9012325, 45.9585919], [8.9013976, 45.9583779], [8.9014705, 45.9581618], [8.9013901, 45.9580136], [8.9013198, 45.95786], [8.9013213, 45.9576589], [8.901596, 45.9574584], [8.9021736, 45.9571303], [8.9026256, 45.9569627], [8.9028767, 45.9569173], [8.9032634, 45.9567741], [8.9034063, 45.9567001], [8.9034971, 45.9566531], [8.9038352, 45.956491], [8.9041238, 45.9561769], [8.9042268, 45.9558942], [8.9042312, 45.9558842], [8.9040838, 45.9558406], [8.9041272, 45.95575], [8.9041578, 45.9556242], [8.9045217, 45.955043], [8.9044567, 45.9548403], [8.9041634, 45.9546087], [8.9040784, 45.9544914], [8.9037625, 45.9542572], [8.9036132, 45.9541785], [8.9033487, 45.9542681], [8.9033079, 45.9542424], [8.9033343, 45.9541897], [8.9035479, 45.9540912], [8.9035617, 45.9540097], [8.903565, 45.9539503], [8.9031681, 45.9539863], [8.9031756, 45.9539311], [8.9035071, 45.9538868], [8.9033078, 45.9537951], [8.9031359, 45.9537347], [8.9026655, 45.9535726], [8.9026103, 45.9530175], [8.9026517, 45.9528955], [8.9027224, 45.9528427], [8.9026885, 45.9523688], [8.9026041, 45.9521527], [8.9025727, 45.9520289], [8.9026143, 45.951939], [8.9026795, 45.9518834], [8.9032553, 45.9515018], [8.9033365, 45.9514292], [8.9034316, 45.9513333], [8.9034358, 45.9512748], [8.9034599, 45.9511685], [8.9034853, 45.9510814], [8.9034599, 45.951032], [8.90349, 45.9510105], [8.9035711, 45.950992], [8.9036712, 45.9509784], [8.9036558, 45.9508862], [8.9036624, 45.9508264], [8.9037101, 45.9507158], [8.9037736, 45.9507133], [8.903819, 45.9506597], [8.9038758, 45.9506316], [8.9038959, 45.9506102], [8.9040008, 45.9505745], [8.9040459, 45.9505605], [8.9041025, 45.9504955], [8.9041908, 45.9504472], [8.9041975, 45.9504248], [8.9042178, 45.9503648], [8.9043339, 45.9503127], [8.9043996, 45.9502278], [8.9045022, 45.9500774], [8.9045524, 45.9500403], [8.904589, 45.9499879], [8.904671, 45.9498821], [8.9047228, 45.9497822], [8.9047246, 45.9497555], [8.9046864, 45.9497372], [8.9046721, 45.9496445], [8.9046457, 45.9493832], [8.9046472, 45.9491009], [8.9046171, 45.9486267], [8.9046118, 45.9485924], [8.9045884, 45.9485456], [8.9044801, 45.9484536], [8.9042026, 45.9482181], [8.9041843, 45.9482248], [8.904099, 45.9481653], [8.9041628, 45.9481211], [8.9040971, 45.9480704], [8.9040732, 45.9480926], [8.9037505, 45.9479217], [8.9037389, 45.9479331], [8.9036642, 45.9478915], [8.9035913, 45.9478692], [8.9035583, 45.9478471], [8.9034918, 45.9477862], [8.9035085, 45.9477771], [8.9035161, 45.9477663], [8.9035155, 45.9477507], [8.9035075, 45.947734], [8.9033283, 45.9474541], [8.903296, 45.9471498], [8.9033085, 45.9471354], [8.9033427, 45.9467773], [8.9033881, 45.9467142], [8.9034928, 45.9466129], [8.90361, 45.9466006], [8.9036932, 45.9464652], [8.9035774, 45.9464378], [8.903544, 45.946325], [8.9035708, 45.9462721], [8.9036378, 45.9462606], [8.903612, 45.9461811], [8.903538, 45.9461913], [8.9034903, 45.9460459], [8.9035751, 45.9460369], [8.9035635, 45.9459981], [8.9035027, 45.9460042], [8.903492, 45.9460038], [8.9034832, 45.9460016], [8.903476, 45.9459969], [8.9034715, 45.9459865], [8.9034861, 45.9459858], [8.9035174, 45.9459624], [8.903412, 45.9456421], [8.9033271, 45.94554], [8.9033207, 45.9454856], [8.9033003, 45.9454735], [8.9032896, 45.9454619], [8.9032848, 45.9454465], [8.9032881, 45.9454297], [8.9032915, 45.9454185], [8.9032891, 45.9454113], [8.9033103, 45.9454084], [8.903328, 45.9454119], [8.9033804, 45.9454046], [8.9033598, 45.945363], [8.9032724, 45.9453737], [8.9032462, 45.9453443], [8.9032281, 45.9453053], [8.9032633, 45.9452891], [8.9032275, 45.9451205], [8.9031771, 45.9449778], [8.9031445, 45.9449717], [8.9031353, 45.9449637], [8.9031174, 45.9449397], [8.9031037, 45.9449066], [8.9030776, 45.9449018], [8.9030643, 45.9448583], [8.9030672, 45.9448267], [8.9030919, 45.9448231], [8.9030518, 45.9447029], [8.9030121, 45.9446683], [8.9029988, 45.9446263], [8.9029895, 45.944623], [8.9029308, 45.9445817], [8.9029725, 45.9445612], [8.9029468, 45.9445224], [8.9029378, 45.9445274], [8.9029181, 45.9445111], [8.9029005, 45.9445164], [8.9028818, 45.9444862], [8.9029602, 45.9444622], [8.9029486, 45.9444441], [8.9028839, 45.9444648], [8.9028034, 45.944318], [8.9027639, 45.9442445], [8.9027177, 45.9441654], [8.9027092, 45.9441661], [8.9026921, 45.9441632], [8.9026693, 45.9441323], [8.9026867, 45.9441197], [8.9026034, 45.9439676], [8.902613, 45.9439618], [8.9025989, 45.9439348], [8.9025865, 45.9439367], [8.9025283, 45.943869], [8.9025296, 45.9438653], [8.9024853, 45.9437861], [8.9024656, 45.9437224], [8.9023725, 45.9436219], [8.9023804, 45.9436163], [8.9023579, 45.9435274], [8.9023395, 45.9435169], [8.9023599, 45.9434863], [8.9022644, 45.9432677], [8.9022291, 45.9432484], [8.9021965, 45.9431844], [8.9022548, 45.9431632], [8.9022464, 45.9431417], [8.902235, 45.9431412], [8.9021605, 45.9431605], [8.9021388, 45.9431487], [8.9020739, 45.943045], [8.901964, 45.9428373], [8.9020021, 45.9428242], [8.901957, 45.9427468], [8.9019314, 45.9427424], [8.9018086, 45.9424915], [8.90183, 45.9424788], [8.9017743, 45.9423515], [8.9017294, 45.9422828], [8.9017176, 45.9422201], [8.9017071, 45.9421921], [8.9016299, 45.9421317], [8.9016904, 45.9420993], [8.9016794, 45.9420602], [8.9016929, 45.9420346], [8.9016507, 45.9419544], [8.9016174, 45.9418707], [8.9015638, 45.9418532], [8.9014008, 45.9416044], [8.9013382, 45.9414728], [8.9011898, 45.9412985], [8.9009293, 45.940896], [8.9008344, 45.940787], [8.9008558, 45.9407803], [8.9007279, 45.9406394], [8.9006929, 45.9405627], [8.9006688, 45.9405088], [8.9006648, 45.9404985], [8.9006411, 45.9404304], [8.9005831, 45.94033], [8.9005582, 45.9402917], [8.9005553, 45.9402793], [8.9005428, 45.940262], [8.90057, 45.9402532], [8.9005392, 45.9402157], [8.9005099, 45.9402235], [8.9004973, 45.9401998], [8.900506, 45.9401761], [8.9004514, 45.9400987], [8.9004156, 45.9400853], [8.9003085, 45.9398732], [8.9002987, 45.9398107], [8.900284, 45.9397576], [8.9002659, 45.9397149], [8.9002504, 45.9396688], [8.900244, 45.9396451], [8.900249, 45.9396376], [8.9002313, 45.9395769], [8.9002411, 45.9395492], [8.9002377, 45.9395365], [8.9002223, 45.9395425], [8.9002154, 45.9395424], [8.9002106, 45.9395398], [8.9001898, 45.9394853], [8.9002408, 45.9394771], [8.900235, 45.9394549], [8.9002093, 45.9394593], [8.9001933, 45.939453], [8.9001352, 45.9394045], [8.9001211, 45.9393644], [8.8999404, 45.9388419], [8.8999416, 45.9388274], [8.8999704, 45.9388057], [8.8999593, 45.9387906], [8.8999777, 45.9387856], [8.8999626, 45.938756], [8.8999306, 45.9387603], [8.8999253, 45.9387485], [8.8998231, 45.9384975], [8.899807, 45.9384939], [8.8997866, 45.9384869], [8.8997198, 45.9382854], [8.8996939, 45.9382397], [8.8996668, 45.9382287], [8.8996744, 45.9382053], [8.8995913, 45.9380586], [8.899581, 45.9380258], [8.8995648, 45.938], [8.8995417, 45.9379902], [8.8994228, 45.9377307], [8.8994064, 45.9377319], [8.8993811, 45.9376754], [8.899368, 45.9376701], [8.8993712, 45.9376564], [8.8993582, 45.9376481], [8.8993206, 45.9375402], [8.8993638, 45.9375329], [8.8993677, 45.9375218], [8.8993699, 45.9375117], [8.8993619, 45.9374869], [8.89935, 45.9374859], [8.8993249, 45.9374828], [8.8993091, 45.9374774], [8.8993023, 45.9374482], [8.8993092, 45.9374417], [8.899328, 45.9374296], [8.8993333, 45.9374251], [8.8993237, 45.9373945], [8.8993013, 45.9373945], [8.8992708, 45.9373889], [8.8992622, 45.93736], [8.8992805, 45.9373451], [8.8992969, 45.9373399], [8.8992858, 45.9373054], [8.8992596, 45.9373043], [8.8992339, 45.9372978], [8.8992245, 45.9372703], [8.8992383, 45.9372553], [8.8992712, 45.9372443], [8.8992493, 45.9371807], [8.8992304, 45.937177], [8.8992115, 45.9371409], [8.8991856, 45.9371292], [8.8991454, 45.9370827], [8.8991262, 45.9370861], [8.8989983, 45.9368587], [8.8989028, 45.9368316], [8.8987499, 45.9366773], [8.8986972, 45.9364667], [8.8986055, 45.9361006], [8.8981857, 45.9353312], [8.8978644, 45.9343904], [8.8976685, 45.9339578], [8.897657, 45.9329057], [8.8981232, 45.9328967], [8.8983577, 45.9324946], [8.8988922, 45.9319821], [8.8991607, 45.9319018], [8.8994473, 45.9315462], [8.899935, 45.9311695], [8.9005091, 45.9309085], [8.9005675, 45.9308735], [8.900828, 45.9307173], [8.9010621, 45.9307402], [8.9015631, 45.9306528], [8.901737, 45.9305057], [8.9020298, 45.930258], [8.9022007, 45.9298516], [8.9022121, 45.9298299], [8.9023486, 45.9295692], [8.9023853, 45.9295493], [8.9024509, 45.9295136], [8.902593, 45.9294751], [8.9026618, 45.9294565], [8.902961, 45.9291981], [8.9032047, 45.9289968], [8.9034492, 45.9288255], [8.9034246, 45.9288086], [8.9036125, 45.9286479], [8.9038202, 45.9284682], [8.9038722, 45.9284293], [8.9043919, 45.9281269], [8.9043965, 45.9281115], [8.9045294, 45.9280683], [8.9046717, 45.9280525], [8.904805, 45.9280673], [8.9049499, 45.9280359], [8.9054917, 45.9278914], [8.9059617, 45.9277183], [8.9060609, 45.9276766], [8.9060382, 45.9276513], [8.9061087, 45.9276266], [8.9061255, 45.9276385], [8.9063644, 45.9275104], [8.9064032, 45.9275262], [8.9064461, 45.9275055], [8.906437, 45.9274973], [8.9065339, 45.9274439], [8.9068121, 45.9272947], [8.9067714, 45.9272543], [8.9071424, 45.9269697], [8.9074705, 45.9267857], [8.9075276, 45.9265902], [8.9075391, 45.9265507], [8.9075627, 45.9265343], [8.9079407, 45.9262713], [8.9081219, 45.9259238], [8.9083181, 45.9258523], [8.9085921, 45.9253583], [8.9094434, 45.9248563], [8.9096803, 45.9245377], [8.9096214, 45.9245144], [8.9097276, 45.9243992], [8.909749, 45.9244088], [8.9098736, 45.9242407], [8.9099299, 45.9241537], [8.9100312, 45.9241897], [8.9101116, 45.9241125], [8.9101619, 45.9240151], [8.9103044, 45.9237979], [8.9103437, 45.9237411], [8.9103116, 45.9237325], [8.9103658, 45.9236229], [8.9104634, 45.9235026], [8.9105975, 45.9233835], [8.9109806, 45.9231758], [8.911028, 45.9231498], [8.9115404, 45.9229627], [8.9118941, 45.9228393], [8.912873, 45.9225662], [8.9128933, 45.922555], [8.9138447, 45.9223054], [8.9141133, 45.9222927], [8.9147317, 45.9223827], [8.9151446, 45.9223976], [8.9154889, 45.9224189], [8.9156834, 45.9224528], [8.9158267, 45.9224847], [8.9159407, 45.9225289], [8.9160073, 45.9225429], [8.9162373, 45.9226123], [8.9163761, 45.9226462], [8.9164899, 45.922657], [8.9167267, 45.9226827], [8.916948, 45.9227196], [8.9169767, 45.9227259], [8.9169973, 45.9227026], [8.9170262, 45.9227131], [8.9171617, 45.9227683], [8.9171509, 45.9227849], [8.9171443, 45.9227924], [8.9175601, 45.9230207], [8.9175848, 45.9230706], [8.9177158, 45.9231614], [8.9177757, 45.9231718], [8.9179817, 45.9232683], [8.9180643, 45.9233045], [8.9186915, 45.9235868], [8.9187982, 45.9236804], [8.9188576, 45.9237324], [8.9190333, 45.9238865], [8.9196613, 45.9243381], [8.9196045, 45.9243884], [8.9198893, 45.9246849], [8.9206408, 45.9254255], [8.9210977, 45.9258724], [8.9211557, 45.925943], [8.921203, 45.92601], [8.9212394, 45.9259972], [8.9213802, 45.9261395], [8.921608, 45.9263411], [8.9217013, 45.9263663], [8.9217558, 45.9264013], [8.9217629, 45.9264654], [8.9218629, 45.9265235], [8.9221119, 45.926649], [8.9221253, 45.9266359], [8.9223603, 45.9267505], [8.9223927, 45.9267235], [8.9226008, 45.9268485], [8.9225859, 45.9268611], [8.9226369, 45.9268858], [8.9227905, 45.9269111], [8.9230239, 45.9270278], [8.9231464, 45.9270497], [8.9231873, 45.9270944], [8.9233998, 45.9271952], [8.9234948, 45.9272634], [8.9242647, 45.9277343], [8.9243383, 45.9277826], [8.9244816, 45.9278726], [8.9247118, 45.9281703], [8.9248761, 45.928347], [8.9261768, 45.9293738], [8.9264608, 45.9296865], [8.9264789, 45.9296795], [8.9265286, 45.9297002], [8.9265387, 45.9297108], [8.9264825, 45.9297331], [8.9265578, 45.9298059], [8.9266529, 45.9297556], [8.9266875, 45.9297795], [8.9268749, 45.929827], [8.9270094, 45.9299821], [8.927053, 45.9300427], [8.9270595, 45.9300519], [8.9271301, 45.9301455], [8.9271755, 45.9301796], [8.9271936, 45.9301726], [8.9272275, 45.9301967], [8.927211, 45.9302096], [8.9273455, 45.9303102], [8.9275545, 45.9304741], [8.9276788, 45.9305598], [8.9277609, 45.930695], [8.9278697, 45.9307875], [8.9279594, 45.9309394], [8.9280526, 45.9310373], [8.9280969, 45.9310794], [8.9281441, 45.9311461], [8.9282122, 45.931195], [8.928351, 45.9313255], [8.9283027, 45.93143], [8.9285113, 45.9316834], [8.928539, 45.9317496], [8.9286922, 45.9318795], [8.9296813, 45.9324731], [8.9302235, 45.9331128], [8.9303033, 45.9331612], [8.9303859, 45.9332565], [8.9306933, 45.9336448], [8.9305797, 45.9336823], [8.9306629, 45.9338958], [8.9307928, 45.9341355], [8.9309706, 45.9341961], [8.9314508, 45.9346059], [8.9314318, 45.9346932], [8.9321213, 45.9352885], [8.9327071, 45.9356317], [8.932815, 45.9357223], [8.9329914, 45.9359792], [8.9331062, 45.9362332], [8.933369, 45.9365505], [8.9334824, 45.9368133], [8.9335859, 45.9368746], [8.9337167, 45.936968], [8.9338637, 45.9370866], [8.934269, 45.9375094], [8.9346911, 45.9377305], [8.9348569, 45.9380008], [8.9349364, 45.9381222], [8.9352154, 45.9383046], [8.935317, 45.9383628], [8.935355, 45.9384202], [8.9354897, 45.9386238], [8.9354866, 45.9387884], [8.9355188, 45.9389122], [8.9355723, 45.9389827], [8.9355916, 45.9390119], [8.9356707, 45.9391052], [8.9357203, 45.9391489], [8.9359873, 45.9393199], [8.936413, 45.9395714], [8.9367377, 45.9397294], [8.9370314, 45.940148], [8.9373213, 45.9405933], [8.937338, 45.9411608], [8.9373107, 45.9412169], [8.9372531, 45.9418146], [8.9377477, 45.9423755], [8.9383351, 45.9428956], [8.9385114, 45.9431272], [8.9384184, 45.9431647], [8.938684, 45.9434457], [8.9390369, 45.9436132], [8.9393025, 45.9438028], [8.9397949, 45.9442239], [8.9398706, 45.9442683], [8.9399067, 45.9443783], [8.9399114, 45.9447612], [8.939966, 45.9449526], [8.9398044, 45.9452761], [8.9397897, 45.9454702], [8.9398485, 45.9456439], [8.9397407, 45.9459879], [8.9397655, 45.946533], [8.9398697, 45.9467357], [8.9400493, 45.946972], [8.9404264, 45.9471934], [8.9405747, 45.9474433], [8.9407339, 45.9476712], [8.9407929, 45.9478401], [8.9407585, 45.948189], [8.9409792, 45.9484661], [8.9410582, 45.9485215], [8.9411857, 45.9487151], [8.9413031, 45.9490221], [8.9414311, 45.9494858], [8.9414464, 45.9495609], [8.9416797, 45.9498802], [8.9418477, 45.949996], [8.9418597, 45.9500023], [8.9420382, 45.950095], [8.941969, 45.9501516], [8.9421823, 45.9502501], [8.9424094, 45.9503395], [8.9425106, 45.9504172], [8.94255, 45.9504469], [8.9425587, 45.9504535], [8.9427758, 45.9506696], [8.9428359, 45.9507457], [8.9428894, 45.9508021], [8.9431288, 45.9510721], [8.9431685, 45.9510604], [8.9432774, 45.951152], [8.9433688, 45.9512148], [8.9434012, 45.9511967], [8.9435171, 45.951284], [8.9435428, 45.951267], [8.9438028, 45.951403], [8.943989, 45.9514612], [8.9440129, 45.9514316], [8.9442691, 45.9515172], [8.9443096, 45.9515555], [8.9444549, 45.9515701], [8.9446262, 45.9515872], [8.9447834, 45.9515891], [8.9450252, 45.9515602], [8.9450728, 45.9515371], [8.9452, 45.9515064], [8.9453264, 45.9515089], [8.9454359, 45.9514927], [8.9455756, 45.9514596], [8.9455813, 45.9514356], [8.9456065, 45.9514231], [8.9456399, 45.9514241], [8.9456599, 45.9514388], [8.94566, 45.9514642], [8.9458257, 45.9515567], [8.9458291, 45.9515545], [8.9458373, 45.9515477], [8.9459248, 45.9515984], [8.9459166, 45.951606], [8.9459123, 45.9516099], [8.9460846, 45.9517051], [8.9461128, 45.9516941], [8.9461459, 45.9516994], [8.9461635, 45.9517184], [8.9461633, 45.9517368], [8.9461445, 45.9517495], [8.9462588, 45.9518075], [8.9463142, 45.9518148], [8.9469149, 45.9520221], [8.9468648, 45.952067], [8.946795, 45.9521297], [8.9472227, 45.9523641], [8.9472401, 45.9523644], [8.9472545, 45.9523597], [8.9473616, 45.9522622], [8.9474467, 45.9522533], [8.9474223, 45.9523122], [8.9476843, 45.9524672], [8.9480055, 45.9527731], [8.9480478, 45.9527635], [8.9482917, 45.9527671], [8.9484385, 45.9527885], [8.9485439, 45.9528038], [8.9487014, 45.9527655], [8.9492967, 45.9525469], [8.9494624, 45.9524732], [8.949606, 45.9524017], [8.949665, 45.9523615], [8.9496885, 45.9523272], [8.9496896, 45.9523165], [8.9496934, 45.9522782], [8.9497235, 45.9521965], [8.9497663, 45.9521494], [8.9498194, 45.9521073], [8.9498909, 45.9520604], [8.9500974, 45.9519873], [8.9502401, 45.9519487], [8.9503283, 45.9519433], [8.9504024, 45.9519441], [8.9504667, 45.9519587], [8.9506558, 45.9520288], [8.9507755, 45.9520798], [8.950901, 45.9521498], [8.9509447, 45.9521709], [8.9509879, 45.9522001], [8.9510077, 45.9522318], [8.9510488, 45.9522718], [8.9510744, 45.9523315], [8.9510596, 45.9523758], [8.9510052, 45.9524431], [8.9509597, 45.9524776], [8.9508765, 45.9525153], [8.9508323, 45.9525238], [8.9507817, 45.9525187], [8.9507259, 45.9524926], [8.9507022, 45.9524792], [8.9506361, 45.9524419], [8.9505544, 45.9524099], [8.9504783, 45.9523932], [8.9504142, 45.9523957], [8.9503431, 45.9524225], [8.9502483, 45.9524776], [8.9501878, 45.9525266], [8.9501437, 45.9525779], [8.9501373, 45.9526146], [8.9501585, 45.9526909], [8.9501976, 45.952756], [8.9502555, 45.9528182], [8.9503042, 45.9528587], [8.9503751, 45.9529018], [8.9504492, 45.9529249], [8.9505405, 45.9529325], [8.9506291, 45.9529279], [8.9507147, 45.9529095], [8.9507724, 45.9528811], [8.9508126, 45.9528496], [8.9508274, 45.9528198], [8.9508326, 45.9527797], [8.9508459, 45.952755], [8.9508638, 45.9527412], [8.9508828, 45.9527266], [8.9509137, 45.952724], [8.9509975, 45.9527387], [8.9518487, 45.9528689], [8.9523325, 45.9528961], [8.9528197, 45.9529198], [8.9528531, 45.9529381], [8.9528817, 45.9529632], [8.9528997, 45.9529974], [8.9528981, 45.9530792], [8.9528763, 45.9530936], [8.9523725, 45.9531312], [8.9523458, 45.9531545], [8.9523713, 45.9532796], [8.9535306, 45.953174], [8.9535104, 45.9530679], [8.953483, 45.9530515], [8.9529873, 45.9530859], [8.9529613, 45.9530789], [8.9529626, 45.9529951], [8.9529756, 45.9529731], [8.952995, 45.9529566], [8.9530303, 45.9529429], [8.9537556, 45.9528758], [8.9541049, 45.9528414], [8.9544476, 45.9528029], [8.9545623, 45.9527855], [8.9545687, 45.9527686], [8.9545962, 45.9527454], [8.9546523, 45.9527336], [8.9547034, 45.9527316], [8.9547498, 45.9527473], [8.9547922, 45.9527759], [8.954843, 45.9528508], [8.95488, 45.952943], [8.9549145, 45.9530352], [8.9549858, 45.9531136], [8.954969, 45.9531228], [8.9550496, 45.9531813], [8.955053, 45.9531838], [8.9551471, 45.9532224], [8.9552421, 45.9532474], [8.9553572, 45.9532614], [8.9554833, 45.9532661], [8.9554846, 45.9532446], [8.9558484, 45.9532049], [8.9560883, 45.9532138], [8.9563799, 45.9532406], [8.9566479, 45.9532529], [8.956909, 45.9532399], [8.9573447, 45.953197], [8.9574441, 45.9532031], [8.9575457, 45.9532462], [8.9576385, 45.9532999], [8.9576736, 45.9533708], [8.9576744, 45.9533773], [8.9577337, 45.9538895], [8.9576931, 45.9539442], [8.9576306, 45.95397], [8.9565095, 45.9540999], [8.9558043, 45.954238], [8.9534727, 45.9546536], [8.9522817, 45.9549321], [8.9514029, 45.9552064], [8.9501248, 45.9557525], [8.950055, 45.9557657], [8.9500016, 45.9557624], [8.9499464, 45.9557504], [8.9499145, 45.9557326], [8.9498784, 45.9556963], [8.9497347, 45.9555488], [8.9496043, 45.95553], [8.9494887, 45.9555785], [8.9495178, 45.9556048], [8.9494144, 45.9556384], [8.9493617, 45.9556579], [8.949285, 45.9556706], [8.9492314, 45.9556634], [8.9491747, 45.9556424], [8.9490484, 45.9557307], [8.9490097, 45.9557238], [8.9488496, 45.9558324], [8.9487074, 45.9559344], [8.9484978, 45.9560994], [8.9483201, 45.956267], [8.9483433, 45.956273], [8.9483815, 45.9562755], [8.9485556, 45.9562219], [8.9482361, 45.9563812], [8.9479855, 45.9567192], [8.9477083, 45.9572435], [8.9474839, 45.9577717], [8.9473563, 45.9580846], [8.9472725, 45.9583068], [8.9472023, 45.9585113], [8.9471279, 45.9587907], [8.9470508, 45.9591129], [8.9471004, 45.9593847], [8.9470616, 45.9596627], [8.9470568, 45.9598433], [8.947086, 45.9598592], [8.947098, 45.9598858], [8.9470945, 45.95991], [8.9470753, 45.9599258], [8.9472181, 45.9604036], [8.9472399, 45.9606145], [8.9471986, 45.9606366], [8.947244, 45.9608358], [8.947337, 45.960964], [8.9473221, 45.9609918], [8.9474076, 45.9612066], [8.9475276, 45.9615445], [8.94753, 45.9617456], [8.947563, 45.9619934], [8.9475326, 45.9621082], [8.947485, 45.9622097], [8.9473793, 45.9624201], [8.9473446, 45.9627981], [8.9473653, 45.9631002], [8.9473514, 45.9634613], [8.947394, 45.96418], [8.9477182, 45.9650788], [8.9479473, 45.965251], [8.9482513, 45.9654796], [8.9486659, 45.9657892], [8.9489072, 45.966285], [8.9489416, 45.9666574], [8.9488524, 45.9669894], [8.9485601, 45.9672335], [8.9483026, 45.9675448], [8.9483907, 45.9678984], [8.9488113, 45.9686123], [8.9491222, 45.9689804], [8.9494158, 45.9698878], [8.9494018, 45.969956], [8.9496623, 45.9704412], [8.9500222, 45.970786], [8.9504469, 45.9712118], [8.9508273, 45.9717561], [8.9510418, 45.9721368], [8.9513992, 45.9724672], [8.9514382, 45.9724897], [8.9515694, 45.9725334], [8.952986, 45.9734308], [8.9537752, 45.9748704], [8.9538997, 45.975036], [8.9547395, 45.9758515], [8.9552876, 45.9763174], [8.9554304, 45.9765206], [8.9555053, 45.9766293], [8.9558997, 45.9774499], [8.9560967, 45.9778163], [8.9561768, 45.9781248], [8.9561186, 45.9787285], [8.955933, 45.9796799], [8.9557474, 45.9803677], [8.9556491, 45.9810554], [8.9557204, 45.9821708], [8.9557232, 45.9822147], [8.9558028, 45.9822685], [8.9559662, 45.9822669], [8.9559994, 45.9824726], [8.9560988, 45.9825908], [8.9569603, 45.9827059], [8.9570973, 45.9828825], [8.9571348, 45.9829561], [8.9572629, 45.9829822], [8.9573336, 45.9830636], [8.9572775, 45.9831324], [8.9573213, 45.9831836], [8.9573146, 45.9832193], [8.9571023, 45.9833251], [8.9571043, 45.9833599], [8.9568992, 45.9834611], [8.9564525, 45.9836427], [8.9561656, 45.9838224], [8.9561039, 45.9838919], [8.9560804, 45.983892], [8.9560376, 45.9839209], [8.9559364, 45.9839252], [8.9558693, 45.98411], [8.9558393, 45.9843279], [8.9560391, 45.9844688], [8.9560877, 45.9847751], [8.956196, 45.9848058], [8.9563042, 45.9849224], [8.9563882, 45.9849562], [8.9564464, 45.9850626], [8.9563206, 45.9852373], [8.9560738, 45.9852874], [8.9560179, 45.9854323], [8.9560093, 45.9856199], [8.9563389, 45.9857453], [8.9564448, 45.9858802], [8.9563206, 45.9864819], [8.9562548, 45.9866686], [8.9559703, 45.986882], [8.9558574, 45.9870683], [8.9559507, 45.9872619], [8.9559714, 45.9872984], [8.9559956, 45.9873646], [8.9560484, 45.9874352], [8.9561178, 45.9876279], [8.9561431, 45.9876218], [8.9562441, 45.9878017], [8.956192, 45.9879608], [8.9559331, 45.9882178], [8.9550636, 45.9886836], [8.9550652, 45.9887974], [8.954902, 45.9888591], [8.9548609, 45.9890549], [8.9545947, 45.9892044], [8.9542891, 45.989194], [8.9542623, 45.9891931], [8.9539858, 45.9893669], [8.9538589, 45.9892515], [8.9531686, 45.989582], [8.9531923, 45.9896053], [8.9531217, 45.9896393], [8.9531946, 45.9897087], [8.9528799, 45.9898619], [8.9528693, 45.9898659], [8.9528221, 45.9898659], [8.9527687, 45.9898168], [8.9523174, 45.990027], [8.9522406, 45.9900628], [8.9521005, 45.9900561], [8.9516853, 45.9902508], [8.9514302, 45.9903738], [8.9511613, 45.9905019], [8.9510704, 45.9905175], [8.9510196, 45.9905519], [8.9509931, 45.9905818], [8.951007, 45.9906285], [8.9507773, 45.9907055], [8.9507916, 45.9907319], [8.9502968, 45.9908933], [8.9499617, 45.9910026], [8.9496304, 45.9911099], [8.9496002, 45.9911197], [8.9495537, 45.9911327], [8.9494961, 45.9910635], [8.9494717, 45.9910722], [8.9492204, 45.9911622], [8.9490188, 45.9912529], [8.9490759, 45.9913008], [8.9491184, 45.991345], [8.9487203, 45.9915764], [8.9485188, 45.9916871], [8.9486161, 45.9917768], [8.9483891, 45.9919039], [8.9483438, 45.9919332], [8.9483784, 45.9919784], [8.94838, 45.9919867], [8.9483763, 45.9920045], [8.9483615, 45.9920321], [8.9483393, 45.9920598], [8.948319, 45.9920823], [8.9482923, 45.9921056], [8.9482624, 45.9921271], [8.9482408, 45.9921391], [8.9482119, 45.992153], [8.9481839, 45.9921662], [8.9481576, 45.9921757], [8.9481062, 45.9921914], [8.948097, 45.9921932], [8.9480861, 45.992195], [8.9480732, 45.9921949], [8.9480622, 45.9921932], [8.9480364, 45.9921857], [8.9480249, 45.9921807], [8.9479942, 45.9921614], [8.947768, 45.9922643], [8.9476209, 45.9923439], [8.9473588, 45.9925126], [8.9472789, 45.9925706], [8.9470658, 45.9927993], [8.9468553, 45.9930754], [8.9469278, 45.9930959], [8.9468851, 45.9932062], [8.9468681, 45.9932488], [8.9468646, 45.9932969], [8.9468408, 45.9933314], [8.9468131, 45.9933889], [8.9467072, 45.9933499], [8.9465416, 45.9938305], [8.9464351, 45.9941832], [8.9464189, 45.9946021], [8.9465567, 45.9949736], [8.9468595, 45.9955609], [8.946865, 45.9955728], [8.9468705, 45.9955847], [8.9469503, 45.9957749], [8.9470544, 45.9960232], [8.9471961, 45.9960701], [8.9473217, 45.9961642], [8.9473448, 45.9962749], [8.9472297, 45.996393], [8.9476233, 45.9972026], [8.947705, 45.9973705], [8.9478713, 45.9977237], [8.9479964, 45.9979075], [8.9481872, 45.9979997], [8.9481982, 45.9979933], [8.9482287, 45.9979848], [8.9482614, 45.9979835], [8.9482931, 45.9979894], [8.9482958, 45.9979907], [8.9483097, 45.9979971], [8.9483204, 45.998002], [8.948341, 45.9980207], [8.9483517, 45.998043], [8.9483513, 45.9980666], [8.948346, 45.9980768], [8.948623, 45.9982095], [8.9486675, 45.9982395], [8.9487052, 45.9982797], [8.9487465, 45.9982512], [8.9491975, 45.9985741], [8.9492422, 45.9986029], [8.9493327, 45.9986521], [8.949356, 45.9986561], [8.9495396, 45.9986804], [8.9498669, 45.9988487], [8.9499821, 45.9989776], [8.9500175, 45.9991898], [8.9497949, 45.9996946], [8.9498413, 45.999882], [8.9498573, 46.0000734], [8.949987, 46.0001086], [8.9500187, 46.0002132], [8.9499316, 46.0002484], [8.9498223, 46.0002682], [8.9499269, 46.0011569], [8.9502423, 46.0018267], [8.9504954, 46.0022925], [8.9507232, 46.002536], [8.950893, 46.0026468], [8.951515, 46.0028813], [8.9515432, 46.0028389], [8.9516265, 46.0028589], [8.9517294, 46.0028907], [8.9516959, 46.0029442], [8.9527243, 46.0033779], [8.9528897, 46.0034246], [8.9547507, 46.0036223], [8.9547671, 46.0036072], [8.9547772, 46.0035985], [8.9548845, 46.0034987], [8.9549238, 46.0034783], [8.9549705, 46.0034609], [8.9549978, 46.0034539], [8.95501, 46.0034508], [8.9550178, 46.0034488], [8.955057, 46.0034445], [8.9550691, 46.0034444], [8.9551202, 46.0034524], [8.9551347, 46.0034547], [8.9551879, 46.0034631], [8.9552024, 46.0034654], [8.9552516, 46.0034731], [8.955267, 46.0034755], [8.9553724, 46.003492], [8.955715, 46.0035458], [8.9557498, 46.0035626], [8.9557737, 46.0035833], [8.9557894, 46.0036062], [8.9558244, 46.0036448], [8.9558395, 46.0036467], [8.9558521, 46.0036503], [8.9558614, 46.0036558], [8.9558663, 46.003661], [8.9558708, 46.0036708], [8.9558723, 46.0036845], [8.9560176, 46.0037583], [8.956245, 46.0038773], [8.9564452, 46.0039812], [8.9566419, 46.004094], [8.9571251, 46.0041413], [8.9572953, 46.0041618], [8.95748, 46.004184], [8.9575986, 46.0041983], [8.9578931, 46.0041875], [8.9580794, 46.0041884], [8.9582057, 46.004197], [8.9584905, 46.0040326], [8.9586455, 46.0039512], [8.9587439, 46.0038952], [8.9591012, 46.0036996], [8.9593021, 46.0036406], [8.9595585, 46.0036342], [8.9598667, 46.0036415], [8.9601284, 46.0035066], [8.9606307, 46.0031196], [8.9606902, 46.0029581], [8.9607896, 46.002549], [8.9608231, 46.002487], [8.9608587, 46.0023794], [8.9608995, 46.0023273], [8.9609901, 46.002244], [8.9610848, 46.0021219], [8.9611245, 46.0020666], [8.961164, 46.0019831], [8.961254, 46.001911], [8.9613926, 46.0018344], [8.9614638, 46.0018234], [8.9615939, 46.0018126], [8.9617029, 46.0018023], [8.9617592, 46.0017921], [8.9618437, 46.0017888], [8.9619117, 46.0018161], [8.9619812, 46.0018671], [8.9620563, 46.0019393], [8.9620885, 46.0019858], [8.9621451, 46.0020138], [8.9622267, 46.0020223], [8.9623182, 46.0020434], [8.9624098, 46.0020825], [8.962465, 46.0021456], [8.962483, 46.0022032], [8.9624778, 46.0022102], [8.9624414, 46.0022198], [8.9624359, 46.0022495], [8.9624051, 46.0022475], [8.9624341, 46.0024673], [8.9624609, 46.0024685], [8.9624575, 46.002532], [8.962511, 46.002537], [8.9625453, 46.0025559], [8.9625583, 46.0025786], [8.9625814, 46.0025774], [8.9625845, 46.0026148], [8.9625622, 46.0026162], [8.9624783, 46.0030285], [8.9624569, 46.0031356], [8.9624837, 46.00314], [8.9624412, 46.0033382], [8.9624269, 46.0033357], [8.9623882, 46.0034395], [8.9625942, 46.003487], [8.9627558, 46.0035936], [8.9626237, 46.0036912], [8.9626024, 46.0036768], [8.9626678, 46.0036278], [8.9625137, 46.0035285], [8.9618801, 46.0033799], [8.9617105, 46.0038138], [8.9626352, 46.0040325], [8.9627311, 46.0038252], [8.9626344, 46.003806], [8.962643, 46.0037854], [8.9627691, 46.0038138], [8.9628821, 46.0038428], [8.9629524, 46.0039237], [8.962975, 46.0039536], [8.9630014, 46.0039865], [8.9630128, 46.0039711], [8.9630422, 46.0039788], [8.9630732, 46.003987], [8.9630628, 46.0040044], [8.963154, 46.0040263], [8.9631705, 46.0040096], [8.9632584, 46.0040302], [8.9632529, 46.0040407], [8.9630988, 46.0043348], [8.9631647, 46.0044365], [8.9634199, 46.0045809], [8.9638728, 46.0047809], [8.9641467, 46.0048691], [8.9643994, 46.0049135], [8.9644218, 46.0049783], [8.9644718, 46.0049776], [8.9644776, 46.0051049], [8.9645712, 46.0051042], [8.9646124, 46.0051039], [8.9646548, 46.0051036], [8.9646566, 46.0051629], [8.9647651, 46.0051927], [8.9647826, 46.0051975], [8.9647935, 46.0052005], [8.9650679, 46.0052664], [8.9650841, 46.0052703], [8.9650899, 46.0052717], [8.9651055, 46.0051993], [8.9651285, 46.0051993], [8.9651364, 46.0051992], [8.9651463, 46.0053614], [8.9651471, 46.0053738], [8.9652991, 46.0053707], [8.9653776, 46.0053691], [8.9654155, 46.0053922], [8.9654627, 46.00541], [8.9654794, 46.0054232], [8.9654943, 46.0054349], [8.9657754, 46.0054674], [8.9659451, 46.0054192], [8.966548, 46.0054544], [8.9668163, 46.0054766], [8.9672507, 46.0053999], [8.9673862, 46.0053766], [8.9677452, 46.0053129], [8.9679927, 46.0052987], [8.9683219, 46.0052854], [8.9683316, 46.0053778], [8.9685132, 46.005362], [8.969254, 46.0052831], [8.9697886, 46.005191], [8.9698046, 46.0051881], [8.9698883, 46.005178], [8.9699802, 46.0051587], [8.970071, 46.0051184], [8.9701934, 46.0050481], [8.9703031, 46.0049389], [8.9704167, 46.0048094], [8.9704414, 46.0048171], [8.9704496, 46.0048049], [8.9704897, 46.0047169], [8.9704499, 46.0047092], [8.9705039, 46.0045108], [8.9705401, 46.0044267], [8.9705495, 46.0043422], [8.9705837, 46.0042826], [8.9706011, 46.0042484], [8.9706283, 46.0042202], [8.970643, 46.0042111], [8.9706551, 46.0041967], [8.9706712, 46.0041852], [8.9706933, 46.0041794], [8.9707097, 46.0041552], [8.9707356, 46.004137], [8.9707895, 46.0041114], [8.9708723, 46.0040739], [8.9709076, 46.0040467], [8.9709283, 46.004019], [8.9709337, 46.0039861], [8.970931, 46.003903], [8.9709247, 46.003875], [8.970988, 46.0037684], [8.9710427, 46.0037833], [8.9712235, 46.0036467], [8.9712111, 46.0034606], [8.9710899, 46.0034211], [8.9710659, 46.0033965], [8.9710811, 46.003359], [8.9711982, 46.0032857], [8.9712035, 46.0030956], [8.9710759, 46.0030223], [8.971041, 46.0029416], [8.9710507, 46.0028992], [8.9710879, 46.0028918], [8.9711223, 46.0028957], [8.9712573, 46.0028486], [8.9713682, 46.0028029], [8.9715434, 46.002717], [8.971611, 46.0026884], [8.9717435, 46.0027203], [8.9717552, 46.0027231], [8.9722766, 46.0027731], [8.9724995, 46.0027731], [8.972741, 46.0025818], [8.972756, 46.0022476], [8.9728792, 46.0019532], [8.9729074, 46.0017937], [8.972955, 46.0016112], [8.9736805, 46.0010626], [8.9746566, 46.000732], [8.9756711, 46.0003598], [8.9765482, 46.0001124], [8.9770192, 46.0000053], [8.9773765, 45.9999648], [8.9783884, 45.9999218], [8.9792315, 45.9998615], [8.9792842, 45.999811], [8.9793801, 45.9998048], [8.9794457, 45.9998574], [8.9797401, 45.9998595], [8.9797997, 45.9998981], [8.9800055, 45.9999089], [8.9800471, 45.9998963], [8.9800549, 45.9998949], [8.9800545, 45.9999914], [8.9801584, 46.0000124], [8.9803041, 45.9999688], [8.9803537, 45.9999202], [8.9808997, 45.9999892], [8.9814225, 45.9999312], [8.9818226, 46.0000651], [8.9823333, 46.0003098], [8.982569, 46.0004112], [8.9826797, 46.0004416], [8.9827144, 46.0004492], [8.983056, 46.0005343], [8.9834418, 46.0006024], [8.9837976, 46.0006238], [8.9841371, 46.0007271], [8.9844461, 46.0007969], [8.9851982, 46.0010025], [8.9854022, 46.0010997], [8.9857345, 46.0011655], [8.9857233, 46.0012239], [8.9858889, 46.0012489], [8.9859359, 46.0011845], [8.9864052, 46.0012792], [8.9865643, 46.0013373], [8.9865743, 46.0014613], [8.9867553, 46.0014696], [8.9873417, 46.0017968], [8.9877045, 46.0017985], [8.9884569, 46.0019258], [8.9886471, 46.0019412], [8.9887216, 46.0019777], [8.9892194, 46.0021886], [8.9892258, 46.0021878], [8.9895859, 46.0022595], [8.9897389, 46.0023224], [8.9896999, 46.0024153], [8.9903644, 46.0025626], [8.9904316, 46.0025255], [8.990543, 46.0025981], [8.990692, 46.0027134], [8.9907762, 46.0028203], [8.9908386, 46.0030079], [8.990852, 46.0030472], [8.9909255, 46.0030832], [8.9919169, 46.0033434], [8.9919857, 46.0034161], [8.9922056, 46.0035493], [8.9922145, 46.0035798], [8.9922638, 46.0036114], [8.9923357, 46.0037093], [8.9924295, 46.003782], [8.9925549, 46.0037965], [8.9927391, 46.0038239], [8.9927591, 46.0038091], [8.9929437, 46.0038094], [8.9929323, 46.0038576], [8.9929903, 46.0038641], [8.9929996, 46.0038454], [8.9931717, 46.003867], [8.993341, 46.0039378], [8.9934862, 46.003981], [8.993714, 46.0040377], [8.993876, 46.0039908], [8.9938868, 46.0040052], [8.9939615, 46.0039815], [8.9939874, 46.0039768], [8.9940164, 46.0039771], [8.9940769, 46.0039581], [8.9949917, 46.0039314], [8.9951491, 46.0039595], [8.995206, 46.0039601], [8.9954131, 46.0039499], [8.9954977, 46.003957], [8.995744, 46.0040305], [8.9960175, 46.0040883], [8.9961424, 46.0040797], [8.9965724, 46.0041189], [8.9968439, 46.004222], [8.9968745, 46.0042738], [8.9968782, 46.0043459], [8.9968525, 46.004372], [8.9968793, 46.0044192], [8.9969861, 46.0044366], [8.9971467, 46.0044897], [8.997317, 46.0045061], [8.9975625, 46.0045745], [8.9976713, 46.004556], [8.9978054, 46.0045951], [8.997843, 46.0046342], [8.998314, 46.0047692], [8.9984626, 46.0048075], [8.9985001, 46.0048373], [8.9987023, 46.0048914], [8.9988004, 46.004942], [8.9989797, 46.0050094], [8.9990386, 46.0049999], [8.9991244, 46.0050101], [8.9991664, 46.0049897], [8.9991992, 46.0049545], [8.9991358, 46.0049142], [8.9991251, 46.0048955], [8.9991493, 46.0047927], [8.9992538, 46.0046967], [8.9993146, 46.0046809], [8.9994349, 46.0046734], [8.9994901, 46.0046314], [8.9996778, 46.0046479], [8.9998472, 46.004651], [8.9998459, 46.0046724], [8.9999579, 46.0046738], [8.9999887, 46.0047116], [9.0000849, 46.00473], [9.0003589, 46.0047088], [9.0005118, 46.0047172], [9.0006511, 46.0047003], [9.0007424, 46.0047078], [9.0011072, 46.0047931], [9.0015123, 46.0047709], [9.0017461, 46.0047932], [9.0019955, 46.0048461], [9.0021385, 46.0048764], [9.0024519, 46.0050073], [9.0027104, 46.0050974], [9.0027392, 46.0051084], [9.0027693, 46.0051197], [9.0028023, 46.0050845], [9.0028849, 46.005116], [9.0028545, 46.0051542], [9.003148, 46.0052376], [9.0031863, 46.0052167], [9.0033327, 46.0052802], [9.0035303, 46.0054455], [9.0037686, 46.005516], [9.0039034, 46.0055912], [9.0039429, 46.0056261], [9.0040433, 46.0056748], [9.0041461, 46.0057082], [9.0041336, 46.0057275], [9.0043242, 46.0057905], [9.0043453, 46.0057495], [9.0044215, 46.0057685], [9.0045507, 46.0058369], [9.004735, 46.0059126], [9.0048464, 46.0059664], [9.0050793, 46.0060787], [9.005166, 46.0061691], [9.0052691, 46.006356], [9.0054954, 46.0064626], [9.005827, 46.0066343], [9.0058291, 46.0066889], [9.0059677, 46.0067644], [9.0062253, 46.0068506], [9.0063212, 46.0069077], [9.0064483, 46.0069628], [9.0066637, 46.0070932], [9.0068224, 46.0071352], [9.0071257, 46.007294], [9.0074058, 46.0074157], [9.0079522, 46.0078114], [9.0083126, 46.0079875], [9.010544, 46.0096745], [9.0116044, 46.0104428], [9.0116952, 46.0105086], [9.0122593, 46.0107932], [9.0124147, 46.0110113], [9.0125916, 46.0112162], [9.0126427, 46.0112804], [9.0132192, 46.011748], [9.0134076, 46.0119008], [9.0138131, 46.0119619], [9.0140568, 46.0121223], [9.0143725, 46.0124888], [9.0145081, 46.012622], [9.0147436, 46.0127741], [9.0152239, 46.0130024], [9.015554, 46.0130484], [9.0170189, 46.0136432], [9.0174363, 46.013878], [9.0175385, 46.0140047], [9.018196, 46.0143667], [9.018635, 46.0145468], [9.0195021, 46.0149642], [9.0202802, 46.0153523], [9.0206408, 46.0153736], [9.022039, 46.0163351], [9.0225202, 46.0166987], [9.0225549, 46.0167819], [9.0225742, 46.01683], [9.022698, 46.0169001], [9.0229216, 46.017103], [9.023292, 46.0173286], [9.0237148, 46.0174662], [9.0240741, 46.0178171], [9.0241974, 46.0178935], [9.0244223, 46.0179923], [9.0246453, 46.0181722], [9.0246679, 46.0182127], [9.0245957, 46.0183157], [9.0246548, 46.0183469], [9.024763, 46.0184461], [9.0248937, 46.0184909], [9.0250476, 46.0185861], [9.0253991, 46.0187166], [9.0261521, 46.0190489], [9.026295, 46.0191276], [9.0263289, 46.0191455], [9.0265933, 46.0192919], [9.0267646, 46.0193998], [9.0269778, 46.0194852], [9.0271409, 46.0195211], [9.0274882, 46.0196605], [9.0280487, 46.0199752], [9.0282469, 46.0199855], [9.0285946, 46.0201229], [9.0289564, 46.0202137], [9.0292447, 46.0203306], [9.0293724, 46.0204487], [9.0295843, 46.0205884], [9.0299223, 46.020673], [9.0302293, 46.0206612], [9.0309189, 46.0209414], [9.0312791, 46.0211033], [9.0313971, 46.0211437], [9.0320801, 46.0211382], [9.0320867, 46.0211381], [9.032313, 46.0211521], [9.0324781, 46.0211948], [9.0325744, 46.0212197], [9.0328037, 46.0212646], [9.0332467, 46.0212736], [9.033524, 46.0213182], [9.0340328, 46.021453], [9.0342677, 46.0214378], [9.0343908, 46.0214915], [9.034372, 46.0215814], [9.035065, 46.0217495], [9.0354784, 46.0218169], [9.0358162, 46.0218978], [9.036098, 46.0219697], [9.0362798, 46.0220478], [9.0368273, 46.0223472], [9.0371099, 46.0224236], [9.0376284, 46.0224459], [9.0380871, 46.0224997], [9.0385455, 46.0225875], [9.038566, 46.0225541], [9.0386955, 46.0225681], [9.038706, 46.0226426], [9.0393683, 46.022695], [9.039831, 46.0228427], [9.0398534, 46.0228001], [9.039995, 46.0228496], [9.0400816, 46.0228778], [9.0405567, 46.0229629], [9.0409726, 46.0231604], [9.0411636, 46.0232374], [9.0413322, 46.0234027], [9.0414922, 46.0235511], [9.0416135, 46.0236996], [9.0417476, 46.0238484], [9.0418309, 46.0240087], [9.0418182, 46.0240656], [9.041927, 46.0241896], [9.0421503, 46.0242012], [9.0422647, 46.0243252], [9.0423534, 46.0244931], [9.0425048, 46.0245171], [9.0425533, 46.0246193], [9.0428267, 46.0246295], [9.0429264, 46.0246024], [9.042911, 46.024554], [9.0432454, 46.0244426], [9.0433037, 46.0244384], [9.0433696, 46.0244593], [9.0434482, 46.0243844], [9.0440102, 46.0242465], [9.0445353, 46.0243017], [9.0448351, 46.0243625], [9.045207, 46.0244362], [9.0454456, 46.0245733], [9.045903, 46.0247313], [9.0460689, 46.0247886], [9.0461246, 46.0248698], [9.0462513, 46.0249491], [9.0462924, 46.0249659], [9.0466115, 46.0250968], [9.0470587, 46.0252212], [9.0471284, 46.0252406], [9.0474766, 46.0252898], [9.0478438, 46.0254519], [9.0481853, 46.0254574], [9.0484176, 46.0254005], [9.0498635, 46.0253405], [9.0505451, 46.0252718], [9.0507879, 46.0251585], [9.0509688, 46.0249823], [9.0510898, 46.0247532], [9.0514782, 46.0244537], [9.0515715, 46.0243177], [9.0516332, 46.0242145], [9.0516992, 46.0241326], [9.051998, 46.0241199], [9.0521846, 46.0241806], [9.052375, 46.0241986], [9.0527054, 46.0241509], [9.0528347, 46.0241277], [9.0532285, 46.0241996], [9.0535503, 46.0242579], [9.0537739, 46.0243871], [9.0538015, 46.0243915], [9.053828, 46.0243954], [9.0540608, 46.0244799], [9.0543355, 46.0245046], [9.0543821, 46.0245035], [9.0544657, 46.024497], [9.0545309, 46.0244767], [9.0546362, 46.0244104], [9.0551125, 46.0241023], [9.0553408, 46.0240206], [9.0555044, 46.0239767], [9.0556533, 46.0239679], [9.0557968, 46.0239901], [9.0561924, 46.0239584], [9.0564023, 46.0239758], [9.0566382, 46.0240212], [9.0568611, 46.0240076], [9.0570759, 46.0239734], [9.0579188, 46.0239129], [9.0583241, 46.0238719], [9.0585992, 46.0238868], [9.059033, 46.0237681], [9.0591132, 46.023689], [9.059288, 46.023633], [9.0593478, 46.0236194], [9.0594657, 46.0236329], [9.0596252, 46.0236472], [9.0596789, 46.023653], [9.0598195, 46.0237182], [9.060246, 46.0237928], [9.060277, 46.023898], [9.0603705, 46.0239655], [9.060658, 46.0240013], [9.0616125, 46.0240414], [9.0616787, 46.0240549], [9.0617838, 46.0241043], [9.0619535, 46.0242483], [9.0620618, 46.0242876], [9.0622516, 46.0242667], [9.0623853, 46.0242767], [9.0625179, 46.0242677], [9.0626753, 46.0241759], [9.0628222, 46.0240453], [9.062959, 46.0239917], [9.0631502, 46.0239867], [9.0632297, 46.0239071], [9.0633019, 46.0238621], [9.0635082, 46.0237975], [9.0636326, 46.0237795], [9.0641103, 46.0237998], [9.0642915, 46.0237297], [9.0644362, 46.02367], [9.0647968, 46.0236304], [9.0651828, 46.0235718], [9.0653631, 46.023532], [9.0655576, 46.0236841], [9.0657601, 46.0236368], [9.065978, 46.0236199], [9.0661906, 46.0236208], [9.0663859, 46.0235757], [9.0666329, 46.0234361], [9.06675, 46.0234273], [9.0669693, 46.0234332], [9.0671073, 46.0234587], [9.0673242, 46.0235258], [9.0674922, 46.0235523], [9.0677021, 46.0235391], [9.0680805, 46.0234395], [9.0683641, 46.0234218], [9.0688293, 46.0234531], [9.069288, 46.0235294], [9.0697219, 46.02361], [9.0698451, 46.0236901], [9.0699954, 46.0237804], [9.0700201, 46.0238699], [9.0701815, 46.0238811], [9.0705903, 46.0240013], [9.071113, 46.0239996], [9.071527, 46.0239783], [9.0717888, 46.0239103], [9.0719161, 46.0238879], [9.0721446, 46.0238929], [9.0723082, 46.0238964], [9.0725838, 46.0239024], [9.0727586, 46.0239294], [9.072819, 46.0239643], [9.0728918, 46.0239954], [9.0729241, 46.0240092], [9.0731129, 46.0240384], [9.0734215, 46.0240585], [9.0735168, 46.0240539], [9.0737929, 46.0239863], [9.0742128, 46.0239996], [9.0746553, 46.0239859], [9.0748264, 46.0239318], [9.0749928, 46.0239559], [9.0756744, 46.0239809], [9.076301, 46.0240032], [9.0768228, 46.0240659], [9.0775978, 46.0241024], [9.0778097, 46.0241431], [9.0782534, 46.0241614], [9.0792194, 46.0240333], [9.0794357, 46.0239567], [9.07956, 46.0239297], [9.0798088, 46.0239502], [9.080606, 46.0237648], [9.0808461, 46.023659], [9.0811826, 46.0235734], [9.0816622, 46.0235507], [9.0817931, 46.0235866], [9.0819968, 46.0237081], [9.0821406, 46.0237665], [9.0824088, 46.0238339], [9.0828709, 46.0240002], [9.0831793, 46.0240862], [9.0832276, 46.0241032], [9.0833261, 46.024138], [9.0834186, 46.0241304], [9.0835206, 46.0241443], [9.0838985, 46.024163], [9.0844086, 46.02413], [9.0846811, 46.0241126], [9.0850412, 46.0240895], [9.0851392, 46.0240881], [9.0852537, 46.0240857], [9.085505, 46.0240872], [9.0860646, 46.024073], [9.0865596, 46.0239127], [9.086767, 46.0239467], [9.0871983, 46.0239434], [9.0877141, 46.0239553], [9.088196, 46.0239261], [9.0884694, 46.0238927], [9.0889251, 46.0239861], [9.0894085, 46.0239837], [9.0899862, 46.0241119], [9.0903901, 46.0242647], [9.0908415, 46.0244988], [9.0910515, 46.0245347], [9.0919266, 46.0245861], [9.0921979, 46.0245512], [9.0924035, 46.024491], [9.0926899, 46.0246539], [9.0928885, 46.0247503], [9.0929953, 46.0248022], [9.093051, 46.0248884], [9.0931347, 46.0249292], [9.0933898, 46.0248936], [9.0934902, 46.0249231], [9.0936685, 46.0250565], [9.0936283, 46.0251377], [9.0938217, 46.0252196], [9.094119, 46.0253155], [9.094352, 46.0254915], [9.0945472, 46.025497], [9.0945712, 46.0255478], [9.0952092, 46.0256326], [9.0961588, 46.0260322], [9.0962645, 46.026097], [9.0962171, 46.0261468], [9.0963242, 46.02623], [9.0965813, 46.026307], [9.0967783, 46.0263096], [9.096936, 46.026356], [9.097475, 46.0264854], [9.0975854, 46.0265178], [9.0979988, 46.0265923], [9.0983441, 46.0268056], [9.098605, 46.0270075], [9.0988022, 46.0270572], [9.0988359, 46.0271083], [9.0988404, 46.0271721], [9.0987291, 46.0272771], [9.0989994, 46.0275013], [9.0990542, 46.0275467], [9.0993135, 46.0277593], [9.0993291, 46.0277721], [9.0994583, 46.0278292], [9.0995642, 46.0279189], [9.0996276, 46.0278892], [9.0998482, 46.0281019], [9.1002111, 46.0283734], [9.1004111, 46.0285846], [9.1004797, 46.0285703], [9.1005106, 46.0286366], [9.1004474, 46.0286966], [9.1007195, 46.0290387], [9.1008796, 46.02916], [9.1010074, 46.0292859], [9.1011029, 46.0293773], [9.10121, 46.0295145], [9.101189, 46.0295475], [9.1014683, 46.0297035], [9.1018013, 46.0299292], [9.1018857, 46.0299418], [9.1020506, 46.0300136], [9.1022105, 46.0300539], [9.1023253, 46.0301032], [9.1026036, 46.0303549], [9.1028385, 46.0305913], [9.1030354, 46.0306783], [9.1031615, 46.0307322], [9.103609, 46.0307856], [9.1039532, 46.0308572], [9.1040906, 46.030911], [9.1042022, 46.0309828], [9.104262, 46.0310278], [9.1044352, 46.03123], [9.10471, 46.0313955], [9.1047603, 46.0314321], [9.1049677, 46.0317964], [9.1051226, 46.032079], [9.1052975, 46.0321484], [9.1062225, 46.0322632], [9.1063816, 46.0323406], [9.1064339, 46.032393], [9.1065942, 46.0325702], [9.1068273, 46.0326648], [9.1068005, 46.032805], [9.1069947, 46.0328311], [9.1072863, 46.0329244], [9.1074996, 46.0330487], [9.1076712, 46.0332169], [9.1078798, 46.0332647], [9.1081376, 46.0332538], [9.1083098, 46.0333708], [9.1084729, 46.033538], [9.108748, 46.0337761], [9.1089605, 46.0338903], [9.1091065, 46.0339289], [9.1093551, 46.0338944], [9.1095296, 46.0338921], [9.1096491, 46.0338958], [9.1097337, 46.0339639], [9.1098689, 46.0340513], [9.1100108, 46.0340875], [9.1101103, 46.0340706], [9.1102255, 46.0340021], [9.1103229, 46.0340083], [9.1103929, 46.0340305], [9.1104672, 46.0340484], [9.1105141, 46.0340709], [9.110579, 46.0341968], [9.1107278, 46.0343001], [9.1108233, 46.0343704], [9.1109795, 46.0344145], [9.1110889, 46.0344427], [9.1111837, 46.034484], [9.1113908, 46.0345531], [9.1116723, 46.034486], [9.1117927, 46.0345679], [9.1120356, 46.0345822], [9.1124697, 46.0345444], [9.1126102, 46.0345767], [9.1127218, 46.0346756], [9.1128903, 46.0349139], [9.1131878, 46.035363], [9.1133335, 46.03547], [9.1135142, 46.035438], [9.1139122, 46.0355508], [9.1138807, 46.0356238], [9.1141842, 46.0357421], [9.1148941, 46.0360903], [9.1153701, 46.0362184], [9.1158506, 46.0362928], [9.1161094, 46.036324], [9.1162395, 46.0363143], [9.1164332, 46.0362391], [9.1166718, 46.0360809], [9.117591, 46.035405], [9.1177555, 46.0352382], [9.1177925, 46.0352149], [9.1179195, 46.0350626], [9.1179621, 46.0350426], [9.1185283, 46.0342676], [9.1185061, 46.0341999], [9.1185508, 46.0341472], [9.1187134, 46.0341062], [9.1188099, 46.0340321], [9.1192788, 46.0338173], [9.1195653, 46.0336183], [9.1195904, 46.0334571], [9.1196095, 46.0334064], [9.1196964, 46.0332876], [9.1198928, 46.0331708], [9.1203749, 46.0330458], [9.1207115, 46.032972], [9.1208411, 46.033143], [9.120935, 46.0330714], [9.1210353, 46.0330437], [9.1212338, 46.0328647], [9.1215138, 46.0329372], [9.1217668, 46.0329586], [9.1220463, 46.0328456], [9.1223977, 46.0325257], [9.1224221, 46.0324539], [9.1224588, 46.0323463], [9.122548, 46.0323733], [9.1227118, 46.0320331], [9.1229931, 46.0320589], [9.1230598, 46.0319262], [9.1229833, 46.0318077], [9.1230493, 46.0317538], [9.1230755, 46.031727], [9.1232939, 46.031427], [9.123526, 46.0310643], [9.1235603, 46.0309132], [9.1235827, 46.030755], [9.1235185, 46.0305951], [9.1234311, 46.0305169], [9.1232492, 46.0305544], [9.1230245, 46.0304876], [9.1228116, 46.0304079], [9.1225824, 46.030331], [9.1225636, 46.0303122], [9.1225525, 46.0302885], [9.122562, 46.0302687], [9.1225858, 46.0302502], [9.1229429, 46.030124], [9.1235177, 46.0300186], [9.123669, 46.0298528], [9.1237032, 46.0298219], [9.1232816, 46.0297], [9.1229916, 46.0296004], [9.1228738, 46.0295404], [9.1228759, 46.0293597], [9.1230239, 46.0292299], [9.123243, 46.029118], [9.123448, 46.0290323], [9.1235819, 46.0289691], [9.1238867, 46.0287707], [9.1241303, 46.0286579], [9.1242675, 46.0286127], [9.1245028, 46.0283604], [9.1245979, 46.0283018], [9.1248952, 46.0281501], [9.1249633, 46.0280432], [9.1250727, 46.0279612], [9.1250779, 46.0277719], [9.1249193, 46.0277223], [9.1248093, 46.0276879], [9.1246939, 46.0276674], [9.1247355, 46.027601], [9.1248136, 46.0275156], [9.1249255, 46.0274463], [9.1251389, 46.027349], [9.1252449, 46.0270353], [9.1252394, 46.0269753], [9.1252137, 46.0269119], [9.12526, 46.0267779], [9.1252081, 46.0266344], [9.125064, 46.0264779], [9.1249567, 46.0263365], [9.1249291, 46.0261728], [9.1249407, 46.0255878], [9.1248681, 46.0254143], [9.1248288, 46.0253809], [9.1246824, 46.0252723], [9.1245844, 46.0252708], [9.1243016, 46.0252652], [9.1241617, 46.0252735], [9.1239259, 46.0254266], [9.1237707, 46.0254707], [9.1236037, 46.025478], [9.1230463, 46.0254107], [9.1226699, 46.0252818], [9.122422, 46.0252219], [9.1222447, 46.0251552], [9.1221243, 46.0251105], [9.1221037, 46.025039], [9.1222018, 46.0249748], [9.1221694, 46.0249028], [9.121972, 46.0247275], [9.1216553, 46.024475], [9.1215884, 46.0244009], [9.1215431, 46.0243186], [9.1215251, 46.0242241], [9.1215406, 46.0239226], [9.1215273, 46.0237381], [9.121451, 46.0235582], [9.1213543, 46.0233775], [9.1210644, 46.0232453], [9.1208608, 46.0232079], [9.1206442, 46.0231587], [9.1201165, 46.0230292], [9.1198884, 46.0230385], [9.1196781, 46.0229619], [9.1190363, 46.0226747], [9.1188988, 46.0225939], [9.1186255, 46.0223782], [9.1183344, 46.0221986], [9.1181272, 46.0219919], [9.1178944, 46.0218482], [9.117553, 46.0215471], [9.1173654, 46.0214348], [9.1171229, 46.0213226], [9.1170016, 46.0212373], [9.1168253, 46.02108], [9.1166375, 46.0208642], [9.1165484, 46.0207249], [9.1163315, 46.0204911], [9.1162037, 46.0203698], [9.1159837, 46.0202261], [9.1157152, 46.0200014], [9.1156003, 46.0198845], [9.1154545, 46.0196822], [9.1152733, 46.0195712], [9.1149016, 46.0193949], [9.1144747, 46.0190895], [9.1143308, 46.0190086], [9.1139413, 46.0188516], [9.1137797, 46.0188113], [9.1131449, 46.0187221], [9.1124536, 46.0186465], [9.1121336, 46.0185344], [9.1114906, 46.0183552], [9.111337, 46.0182744], [9.1113046, 46.018225], [9.1110525, 46.0179833], [9.1108872, 46.017861], [9.1106791, 46.0177717], [9.1099773, 46.0174707], [9.1098447, 46.0173718], [9.1092281, 46.0166616], [9.1090906, 46.0165538], [9.108701, 46.0163843], [9.1082936, 46.0160913], [9.1081484, 46.0159648], [9.1080202, 46.0158531], [9.1077809, 46.0156824], [9.1076856, 46.015651], [9.1070829, 46.0156667], [9.1068127, 46.0156804], [9.1063921, 46.0157108], [9.1061856, 46.0156807], [9.1054659, 46.0155198], [9.1054361, 46.015469], [9.1051905, 46.0153702], [9.104739, 46.0149798], [9.1046666, 46.0148681], [9.1046434, 46.0148179], [9.1046432, 46.0146964], [9.1046847, 46.0144353], [9.1047795, 46.0141832], [9.1048777, 46.0140034], [9.1049001, 46.0139625], [9.1049033, 46.013922], [9.104764, 46.0137197], [9.1047121, 46.0136875], [9.1046278, 46.0136352], [9.1047411, 46.0135401], [9.1043143, 46.0132838], [9.1041186, 46.0130712], [9.1034965, 46.0128562], [9.1031742, 46.0126361], [9.1028613, 46.0125161], [9.1021599, 46.0121705], [9.101982, 46.0120719], [9.1016615, 46.0118942], [9.1015452, 46.0118297], [9.1013065, 46.0116558], [9.101158, 46.0115213], [9.100786, 46.0113355], [9.1003582, 46.0111507], [9.0999991, 46.0110617], [9.0996097, 46.0107778], [9.0994592, 46.0107474], [9.0992848, 46.0107071], [9.0989891, 46.0106085], [9.0987144, 46.0104873], [9.0984654, 46.0102806], [9.0981906, 46.01011], [9.097882, 46.0099979], [9.0976268, 46.0099306], [9.0973012, 46.0098822], [9.0966986, 46.009717], [9.0966498, 46.0096437], [9.0965983, 46.0095457], [9.0964357, 46.0094251], [9.0961708, 46.0092739], [9.0956861, 46.0090135], [9.0953355, 46.0088651], [9.0950009, 46.0086853], [9.094515, 46.0084756], [9.0943303, 46.0083751], [9.0942931, 46.0083346], [9.0937923, 46.0081593], [9.0933673, 46.0079255], [9.0930925, 46.0077456], [9.0928792, 46.0076422], [9.0926741, 46.0076018], [9.0922187, 46.0075435], [9.091495, 46.0075875], [9.0910001, 46.0075647], [9.0906486, 46.0076266], [9.0903446, 46.0075977], [9.0900721, 46.0075503], [9.0895177, 46.0075254], [9.0891479, 46.0075539], [9.0889395, 46.007464], [9.0887844, 46.0074371], [9.0884339, 46.0073382], [9.0883467, 46.0073338], [9.0880917, 46.0073699], [9.0878415, 46.007442], [9.0874495, 46.0076177], [9.087256, 46.0077663], [9.0871383, 46.0078833], [9.0870432, 46.0080094], [9.0869869, 46.0081489], [9.0869253, 46.0082126], [9.086716, 46.0083245], [9.0866529, 46.0083378], [9.0865143, 46.0084416], [9.0858735, 46.0087557], [9.085556, 46.0089435], [9.0853932, 46.0090677], [9.0852657, 46.0090992], [9.085028, 46.0091949], [9.0849505, 46.0091985], [9.0848498, 46.0091795], [9.0848101, 46.0091351], [9.0847476, 46.0090188], [9.0846207, 46.0089072], [9.0844592, 46.0088436], [9.0841527, 46.0085752], [9.0838346, 46.0084026], [9.0836643, 46.0082359], [9.0833604, 46.0080838], [9.0832749, 46.0080201], [9.0830631, 46.0078492], [9.0828432, 46.0076288], [9.082706, 46.0075212], [9.0826601, 46.0074853], [9.0824382, 46.0073115], [9.0824144, 46.0072928], [9.0823822, 46.0073049], [9.0823366, 46.0072993], [9.0823057, 46.0072769], [9.0820323, 46.0072616], [9.0812389, 46.0074275], [9.0811913, 46.0074363], [9.0809141, 46.0075057], [9.0807344, 46.0075396], [9.0803398, 46.0075674], [9.0799059, 46.0077552], [9.0796071, 46.0078739], [9.0789141, 46.0081031], [9.078855, 46.0081796], [9.0785697, 46.0082944], [9.0781595, 46.0083544], [9.0776789, 46.0085059], [9.0773509, 46.0086642], [9.0770582, 46.0087436], [9.0767645, 46.0088556], [9.076351, 46.0089983], [9.076089, 46.0090887], [9.0758243, 46.0091567], [9.0756369, 46.0092048], [9.0750584, 46.0092074], [9.0741445, 46.0091803], [9.0735085, 46.0091328], [9.0725645, 46.0092293], [9.0722502, 46.0093543], [9.0719151, 46.0094383], [9.0716956, 46.0094789], [9.0713772, 46.0094917], [9.0712403, 46.0094926], [9.0708835, 46.0095558], [9.0705627, 46.0094994], [9.0703327, 46.0093581], [9.0702277, 46.0093356], [9.069986, 46.0093465], [9.0698372, 46.0093772], [9.0697316, 46.0094189], [9.0695789, 46.0095429], [9.0693, 46.009858], [9.0691951, 46.0098851], [9.0687937, 46.0099362], [9.0683976, 46.010007], [9.0678245, 46.0100567], [9.0675341, 46.0100657], [9.0674338, 46.0100884], [9.0671997, 46.010088], [9.0669708, 46.0101165], [9.066851, 46.0101382], [9.0665717, 46.0101923], [9.0664797, 46.0102283], [9.0661068, 46.010287], [9.0658905, 46.0103726], [9.0655886, 46.0104043], [9.0653398, 46.0104639], [9.0650963, 46.0105035], [9.0640904, 46.0105579], [9.0638321, 46.0105176], [9.0634053, 46.0105658], [9.0631959, 46.0105674], [9.0629892, 46.0104954], [9.0624319, 46.0102482], [9.0619357, 46.0099891], [9.0617695, 46.0099425], [9.0616226, 46.0099336], [9.0613585, 46.0100056], [9.0610625, 46.010063], [9.0608562, 46.0101125], [9.0607235, 46.010186], [9.0606597, 46.0102385], [9.0605761, 46.0102723], [9.060579, 46.0104603], [9.0605709, 46.0105569], [9.0604912, 46.0105894], [9.0604059, 46.0105776], [9.0603542, 46.0105327], [9.0602134, 46.0103122], [9.0601182, 46.0102853], [9.0599973, 46.0102839], [9.0598072, 46.0103529], [9.059345, 46.0105458], [9.0592677, 46.0106952], [9.0591597, 46.0109157], [9.0591049, 46.0109427], [9.0588482, 46.0109924], [9.0584155, 46.0110196], [9.0580329, 46.0111187], [9.057681, 46.0111774], [9.0576035, 46.0111774], [9.0573531, 46.0110831], [9.0572611, 46.0110921], [9.0571175, 46.0111597], [9.0568091, 46.0112093], [9.0559193, 46.011259], [9.0554594, 46.0112774], [9.055222, 46.0113135], [9.0549928, 46.0113676], [9.054679, 46.0113748], [9.0543704, 46.0113828], [9.0543216, 46.0114577], [9.0540887, 46.0114806], [9.0539962, 46.011495], [9.0539111, 46.0114806], [9.0537963, 46.0113502], [9.0536978, 46.0113052], [9.0536374, 46.0113071], [9.0535347, 46.0113323], [9.053446, 46.0113819], [9.0533379, 46.0114719], [9.0532911, 46.0114944], [9.0531797, 46.011508], [9.053027, 46.0116388], [9.0529247, 46.0116521], [9.0521414, 46.0114005], [9.052017, 46.0113375], [9.0518604, 46.0113556], [9.0518071, 46.0114141], [9.0519508, 46.0114542], [9.0519372, 46.0115546], [9.051858, 46.0115944], [9.0516958, 46.0115113], [9.0516071, 46.0115627], [9.0515441, 46.0115807], [9.0514036, 46.0115583], [9.0513213, 46.0115628], [9.0512793, 46.0116034], [9.0512923, 46.0117024], [9.0514177, 46.0118924], [9.0513765, 46.0119993], [9.0512876, 46.0120453], [9.0511514, 46.012064], [9.0510355, 46.0120615], [9.050509, 46.0119288], [9.0504416, 46.0118209], [9.0505899, 46.0116667], [9.050474, 46.0116162], [9.0498111, 46.0110865], [9.0495784, 46.0108886], [9.0493581, 46.0107685], [9.0490808, 46.0106665], [9.0489214, 46.010649], [9.0481657, 46.0109568], [9.0481529, 46.0110918], [9.0480481, 46.0112088], [9.0477623, 46.011308], [9.0475815, 46.0113485], [9.0474152, 46.0113666], [9.0468307, 46.0113579], [9.0462748, 46.0113998], [9.0456994, 46.0114661], [9.0451759, 46.0115927], [9.0450306, 46.0116647], [9.0448593, 46.0117401], [9.0447057, 46.0118077], [9.0444745, 46.0118727], [9.0442797, 46.0118728], [9.0440432, 46.0119585], [9.0435299, 46.0119016], [9.0432676, 46.0118725], [9.0428057, 46.0117423], [9.0424714, 46.0116254], [9.042389, 46.0116209], [9.042256, 46.011602], [9.0420231, 46.0115977], [9.0416814, 46.0115684], [9.0411343, 46.0113785], [9.0408193, 46.0111941], [9.0406497, 46.0111267], [9.0403769, 46.0110639], [9.0401281, 46.011028], [9.0400263, 46.010992], [9.039743, 46.0108435], [9.0395126, 46.0106772], [9.0385906, 46.0101854], [9.0383367, 46.0100208], [9.038152, 46.0098606], [9.037676, 46.0095126], [9.0373157, 46.0092022], [9.0372204, 46.0090853], [9.037125, 46.0089143], [9.0370487, 46.0088373], [9.0369328, 46.0087389], [9.036684, 46.0085905], [9.036482, 46.0083746], [9.0359599, 46.0074613], [9.0358856, 46.0073983], [9.0355852, 46.0070938], [9.0348181, 46.0065998], [9.0346898, 46.0065463], [9.0344561, 46.006364], [9.0344012, 46.0063235], [9.0339501, 46.0061784], [9.0338092, 46.0061254], [9.0336673, 46.0060721], [9.0336206, 46.0060683], [9.0335789, 46.0060665], [9.0335609, 46.0060658], [9.0334304, 46.0059863], [9.0333834, 46.0059471], [9.0332415, 46.0058287], [9.0331065, 46.0057239], [9.032917, 46.0056266], [9.0328056, 46.0054872], [9.0327859, 46.0054454], [9.0327506, 46.0053702], [9.031323, 46.0047499], [9.0309888, 46.004624], [9.0305521, 46.0042196], [9.0304237, 46.0041176], [9.0300263, 46.0039185], [9.0296335, 46.0036764], [9.0295755, 46.0036165], [9.0294733, 46.0034295], [9.0292372, 46.0032527], [9.0289488, 46.0030892], [9.0289174, 46.0030531], [9.0287894, 46.0029965], [9.0286725, 46.0029631], [9.0284592, 46.0028537], [9.0282803, 46.002729], [9.0280913, 46.002669], [9.0279806, 46.0026168], [9.0279285, 46.0025431], [9.0278579, 46.0025357], [9.0276734, 46.0023806], [9.0276226, 46.0023221], [9.0275759, 46.0021553], [9.0274935, 46.0021208], [9.0274006, 46.0021057], [9.0272295, 46.0020187], [9.0271501, 46.0019564], [9.0272004, 46.0019231], [9.0271579, 46.0019], [9.0271292, 46.0019147], [9.0269879, 46.001898], [9.0269085, 46.0018483], [9.0265503, 46.0016424], [9.0264764, 46.0016], [9.0264877, 46.0015791], [9.0263367, 46.0014927], [9.0262418, 46.0014265], [9.0261889, 46.0013142], [9.0262778, 46.0012376], [9.0262971, 46.0011611], [9.0261221, 46.0010243], [9.0259464, 46.0009969], [9.0254988, 46.0009474], [9.0253969, 46.0008939], [9.0252923, 46.0008642], [9.0252647, 46.0009087], [9.0251067, 46.0009517], [9.0250366, 46.0009322], [9.02488, 46.00085], [9.0248396, 46.0008515], [9.0247583, 46.0008187], [9.0247568, 46.0008017], [9.0247166, 46.0007915], [9.0246912, 46.000752], [9.0245132, 46.0007436], [9.0244836, 46.0007603], [9.0243281, 46.0007012], [9.0243471, 46.0006672], [9.0242993, 46.0006552], [9.0242759, 46.0006898], [9.0240161, 46.0006352], [9.0240237, 46.0006105], [9.023999, 46.0005993], [9.0239845, 46.0006272], [9.0237484, 46.0005619], [9.0236089, 46.0005181], [9.0235419, 46.0004851], [9.023542, 46.0004336], [9.0235767, 46.0004122], [9.023576, 46.0003905], [9.0235323, 46.000386], [9.0235226, 46.0003384], [9.023536, 46.0002413], [9.0235823, 46.0002416], [9.0235804, 46.0002205], [9.0235487, 46.0002129], [9.023542, 46.0001868], [9.023411, 46.0000701], [9.0232518, 45.9999967], [9.0229362, 45.9999643], [9.0227974, 45.9999229], [9.0226883, 45.9999304], [9.0225315, 45.9999509], [9.022438, 45.9999217], [9.0224109, 45.9999096], [9.0223244, 45.999833], [9.0221644, 45.9998169], [9.0221587, 45.9997957], [9.0221321, 45.999792], [9.0221156, 45.9998065], [9.0220812, 45.9998001], [9.0220778, 45.9997761], [9.0219739, 45.9997642], [9.0219524, 45.9997794], [9.0219241, 45.9997773], [9.0219131, 45.9997497], [9.0218864, 45.9997542], [9.0218684, 45.9997807], [9.0218066, 45.9997199], [9.0217627, 45.9996543], [9.0216926, 45.9996235], [9.0216291, 45.9995653], [9.0215904, 45.9995151], [9.0215725, 45.9994975], [9.021541, 45.9994912], [9.0215133, 45.9994708], [9.0214784, 45.9994634], [9.021468, 45.9994541], [9.0213992, 45.9994245], [9.0212264, 45.9993826], [9.0212033, 45.9994438], [9.0210816, 45.9994205], [9.021078, 45.9994268], [9.0208075, 45.9993606], [9.0208153, 45.9993444], [9.0203594, 45.9992047], [9.0203486, 45.999187], [9.0203074, 45.9991473], [9.0202217, 45.9991111], [9.0200998, 45.9990827], [9.0201066, 45.999064], [9.0200509, 45.9990694], [9.0199409, 45.9990828], [9.0197634, 45.9990634], [9.0196891, 45.9990416], [9.0197399, 45.9989658], [9.0196762, 45.9989485], [9.0196412, 45.9989875], [9.0194632, 45.9989029], [9.0193221, 45.998866], [9.0190217, 45.9988093], [9.0186927, 45.9987802], [9.0183534, 45.998725], [9.018208, 45.9986771], [9.0181275, 45.9986557], [9.0180468, 45.9986349], [9.0179649, 45.9986114], [9.0176377, 45.9985425], [9.017449, 45.9984654], [9.0174039, 45.998436], [9.0172091, 45.9984026], [9.0171654, 45.9984124], [9.0169959, 45.9983798], [9.0168778, 45.9983259], [9.0166669, 45.9982459], [9.0165455, 45.998223], [9.0162474, 45.9982214], [9.016014, 45.9982467], [9.0157898, 45.9982328], [9.0154833, 45.9981752], [9.0152897, 45.9982061], [9.0149291, 45.9981925], [9.0146282, 45.9982166], [9.0146249, 45.9982392], [9.014256, 45.9982732], [9.0138547, 45.998229], [9.0134337, 45.9981237], [9.0134411, 45.9980857], [9.0134128, 45.9980807], [9.0134006, 45.9980946], [9.0127855, 45.9979592], [9.0125205, 45.9978821], [9.0120859, 45.9978286], [9.0120803, 45.9978446], [9.0119401, 45.9978208], [9.0119473, 45.9978003], [9.0119167, 45.9977943], [9.011758, 45.9977185], [9.0111153, 45.9974307], [9.0111399, 45.997404], [9.0111107, 45.997385], [9.0110732, 45.9974119], [9.0108336, 45.9973046], [9.0107215, 45.9971966], [9.0106721, 45.997068], [9.0106856, 45.9970268], [9.0107224, 45.9970135], [9.0107245, 45.996996], [9.0106969, 45.9969797], [9.0106827, 45.9969381], [9.0107097, 45.9968586], [9.0107348, 45.9968643], [9.0107205, 45.9967787], [9.0106825, 45.9967568], [9.0106342, 45.9967143], [9.0106703, 45.9966487], [9.0106382, 45.9965832], [9.0106324, 45.9965022], [9.0105667, 45.9964605], [9.0104625, 45.9963738], [9.0103988, 45.9963669], [9.0103439, 45.9963213], [9.0103718, 45.9962694], [9.010365, 45.9962432], [9.0103008, 45.9962099], [9.0101997, 45.9961367], [9.0100151, 45.9960621], [9.0098409, 45.9959318], [9.0098018, 45.9958079], [9.009704, 45.9957125], [9.0093633, 45.9956175], [9.009132, 45.9955267], [9.0088412, 45.9952762], [9.008569, 45.995109], [9.0079381, 45.9948237], [9.0074752, 45.9943089], [9.0073259, 45.9941382], [9.0069238, 45.9940206], [9.0060343, 45.9935556], [9.0052571, 45.9932121], [9.0048938, 45.993063], [9.004544, 45.9929825], [9.004333, 45.9929229], [9.0039086, 45.9927706], [9.003481, 45.9926534], [9.0027296, 45.9925016], [9.0024349, 45.9925062], [9.002282, 45.9925081], [9.0022222, 45.9925251], [9.0018118, 45.9925739], [9.0014479, 45.9925621], [9.0009965, 45.992513], [9.0005788, 45.9924056], [9.0003052, 45.9922399], [9.0001178, 45.9921759], [8.9999808, 45.992052], [8.9998062, 45.9919364], [8.9995956, 45.9917926], [8.9994689, 45.9917166], [8.9993601, 45.9916438], [8.9991588, 45.991558], [8.998594, 45.9913361], [8.9983463, 45.9912584], [8.9981574, 45.9912347], [8.9979331, 45.9911793], [8.9976953, 45.9911221], [8.99748, 45.9910278], [8.9974413, 45.9910112], [8.9972855, 45.9909804], [8.9965955, 45.9908075], [8.9964547, 45.9907806], [8.9962317, 45.9907849], [8.9959037, 45.9907639], [8.9956167, 45.9906726], [8.9951688, 45.9904508], [8.994635, 45.9903129], [8.9938787, 45.9901936], [8.9934531, 45.9900193], [8.9926986, 45.9899071], [8.9919785, 45.9899453], [8.9918255, 45.9899067], [8.9917001, 45.9898979], [8.9914493, 45.9898131], [8.9908469, 45.9896111], [8.9905127, 45.9893938], [8.9904006, 45.9893485], [8.9902415, 45.989317], [8.9899527, 45.9893348], [8.9898002, 45.9893157], [8.9895027, 45.9892234], [8.9890055, 45.9891955], [8.9888169, 45.9890475], [8.9883117, 45.9887611], [8.9879264, 45.9885528], [8.9871313, 45.9882618], [8.9870542, 45.9883186], [8.9863749, 45.9879363], [8.9861228, 45.9878744], [8.9855655, 45.9878042], [8.9855514, 45.9879133], [8.9852181, 45.9878836], [8.9849273, 45.9876401], [8.9846683, 45.9875423], [8.984581, 45.9875854], [8.9845493, 45.9875605], [8.9837886, 45.9868875], [8.98358, 45.9867922], [8.9830497, 45.9867202], [8.9822775, 45.9865784], [8.9814137, 45.9862186], [8.9806598, 45.985871], [8.9806023, 45.98572], [8.980574, 45.9855163], [8.9804083, 45.985389], [8.9802088, 45.9853268], [8.9799147, 45.9851237], [8.9797536, 45.9850467], [8.9794781, 45.984915], [8.9793847, 45.984874], [8.9790714, 45.984812], [8.97882, 45.9846065], [8.9788722, 45.9844683], [8.978811, 45.9842689], [8.9785241, 45.9842529], [8.9782469, 45.9840657], [8.9779236, 45.983677], [8.9774984, 45.9833952], [8.9772266, 45.9832025], [8.9771965, 45.9831189], [8.9771383, 45.9830816], [8.9771413, 45.9830711], [8.9771303, 45.9830604], [8.9771048, 45.9830301], [8.9771076, 45.9829903], [8.977087, 45.982927], [8.9769821, 45.9828569], [8.9769706, 45.9827668], [8.9769486, 45.9827198], [8.9769405, 45.982704], [8.9769626, 45.9826951], [8.9769339, 45.982637], [8.9768875, 45.9825437], [8.9769331, 45.9825195], [8.9769705, 45.9825101], [8.9767533, 45.9821145], [8.9767688, 45.9819005], [8.9767143, 45.9817891], [8.9767343, 45.9816495], [8.9766177, 45.9816037], [8.9765896, 45.9815936], [8.9764862, 45.9815504], [8.9764222, 45.981491], [8.9763105, 45.9813856], [8.976269, 45.9813151], [8.976165, 45.981316], [8.976014, 45.9813119], [8.9758953, 45.9810715], [8.9759035, 45.9808356], [8.975747, 45.980666], [8.975509, 45.9805552], [8.9749504, 45.9799366], [8.9749355, 45.9796908], [8.9748142, 45.979575], [8.974746, 45.9795246], [8.9746526, 45.979456], [8.9745982, 45.9794112], [8.9745118, 45.9793686], [8.9745071, 45.9793072], [8.9745663, 45.9791483], [8.9741124, 45.9792138], [8.9737924, 45.9790567], [8.9737511, 45.9789061], [8.9737671, 45.9786936], [8.9737905, 45.9784473], [8.9738252, 45.9783128], [8.9738656, 45.9780741], [8.9738834, 45.9777663], [8.9737269, 45.9775458], [8.9737001, 45.9772761], [8.9734818, 45.977164], [8.9732726, 45.9771165], [8.9731262, 45.97704], [8.9730717, 45.976834], [8.9731733, 45.9766794], [8.973237, 45.9765951], [8.9732131, 45.9764927], [8.9732498, 45.9763687], [8.9733937, 45.9762119], [8.9734638, 45.9761464], [8.9737252, 45.9761193], [8.9739701, 45.9760238], [8.973983, 45.9759491], [8.973995, 45.9757602], [8.9740722, 45.9755635], [8.9741172, 45.975516], [8.9741629, 45.9755052], [8.9741829, 45.9755057], [8.9742456, 45.9755153], [8.974261, 45.9755108], [8.9743214, 45.9753521], [8.9742714, 45.9752067], [8.9742449, 45.9750633], [8.9740404, 45.9746616], [8.9739789, 45.9746559], [8.9739385, 45.9745999], [8.9739429, 45.9744594], [8.9739543, 45.9743331], [8.9739761, 45.9743282], [8.9739832, 45.9742363], [8.9739673, 45.9741878], [8.9738997, 45.9740972], [8.9738163, 45.9740387], [8.9734924, 45.973888], [8.9731889, 45.9739936], [8.9731244, 45.9739244], [8.9731063, 45.9738544], [8.9731056, 45.9737687], [8.9732211, 45.9735493], [8.9732615, 45.9734048], [8.9732871, 45.9733032], [8.9732757, 45.9732792], [8.9732227, 45.9732329], [8.9731821, 45.97319], [8.9730048, 45.9731296], [8.972708, 45.9730466], [8.9719615, 45.9727884], [8.9716778, 45.9726323], [8.971143, 45.9719795], [8.9711201, 45.9719915], [8.9711144, 45.9719857], [8.9710626, 45.9719337], [8.971016, 45.9718868], [8.9709717, 45.9718422], [8.9709323, 45.9718025], [8.9709286, 45.971799], [8.9708714, 45.9717438], [8.9705617, 45.9714768], [8.9705553, 45.9714796], [8.9705445, 45.9714816], [8.9705289, 45.9714787], [8.9705179, 45.9714728], [8.9705128, 45.9714632], [8.9705124, 45.9714522], [8.9705193, 45.9714427], [8.9705317, 45.971436], [8.9705404, 45.9714351], [8.9705495, 45.9714339], [8.9705365, 45.9713884], [8.9705338, 45.9713789], [8.9704549, 45.9713453], [8.9704468, 45.9713153], [8.9704341, 45.9713083], [8.9702371, 45.9706212], [8.9702339, 45.9705974], [8.9701895, 45.9705877], [8.9701779, 45.9705175], [8.9701588, 45.9705086], [8.9701621, 45.9703982], [8.9701703, 45.9703981], [8.9701843, 45.9703978], [8.9701953, 45.9699297], [8.9702054, 45.9696838], [8.9702162, 45.9695968], [8.9702405, 45.9694815], [8.9703003, 45.9694632], [8.9703122, 45.9694072], [8.9703444, 45.9692567], [8.9703768, 45.9691096], [8.9703891, 45.9690424], [8.9703915, 45.9690309], [8.9704023, 45.9689568], [8.9704073, 45.9689009], [8.9704174, 45.9688269], [8.9704405, 45.9685802], [8.9703157, 45.968382], [8.9701605, 45.9682213], [8.9699702, 45.9678305], [8.9698825, 45.9676122], [8.9697597, 45.9673426], [8.9698335, 45.9669512], [8.9698576, 45.9665194], [8.9698395, 45.9664139], [8.9698653, 45.9662551], [8.9698129, 45.9661643], [8.9695948, 45.9656185], [8.969534, 45.9652715], [8.9695489, 45.9651411], [8.9694512, 45.9651119], [8.9691687, 45.9646775], [8.9691583, 45.9646292], [8.9692139, 45.9645748], [8.9692933, 45.9645662], [8.9693288, 45.9645935], [8.9693909, 45.9645789], [8.9693037, 45.9644272], [8.9692605, 45.9644433], [8.9692518, 45.9644348], [8.9691618, 45.9643423], [8.9691575, 45.9643371], [8.9686534, 45.9638174], [8.9688241, 45.9637601], [8.9687801, 45.9636856], [8.9687446, 45.9636234], [8.9687325, 45.9636122], [8.9685857, 45.9636666], [8.9685865, 45.9636155], [8.9685584, 45.9635847], [8.9684688, 45.9634938], [8.9684942, 45.9634098], [8.9684916, 45.9633604], [8.9684486, 45.9633334], [8.9683184, 45.9632803], [8.9682538, 45.9632032], [8.9681482, 45.9630594], [8.9679876, 45.962876], [8.9678697, 45.9627535], [8.9676697, 45.9626497], [8.9674966, 45.962407], [8.9673921, 45.9623468], [8.9672937, 45.9621414], [8.9671952, 45.9621808], [8.9671325, 45.9620086], [8.9671832, 45.9619713], [8.9669027, 45.961104], [8.9668537, 45.9609119], [8.9669385, 45.9608965], [8.9669201, 45.9608303], [8.9668221, 45.9607762], [8.9667567, 45.9606096], [8.96684, 45.9605563], [8.9667892, 45.9603882], [8.966828, 45.9602326], [8.9668243, 45.9600006], [8.9666549, 45.9596143], [8.9668025, 45.9596129], [8.966672, 45.9592845], [8.9664569, 45.9592904], [8.9662253, 45.9589024], [8.9660124, 45.9580222], [8.9659306, 45.9575122], [8.9658709, 45.9573333], [8.9659854, 45.9573253], [8.9659369, 45.9571516], [8.9657802, 45.9571516], [8.9658182, 45.9569147], [8.9655553, 45.9559506], [8.9654854, 45.9559507], [8.9654695, 45.9558404], [8.9654742, 45.9556777], [8.9653214, 45.955095], [8.9652135, 45.9551012], [8.9650827, 45.9547946], [8.9647433, 45.9543741], [8.9646439, 45.9541081], [8.9647392, 45.9540874], [8.9645485, 45.9538387], [8.9645246, 45.953532], [8.9643756, 45.9533745], [8.964274, 45.9533312], [8.9639311, 45.9533226], [8.9638337, 45.9532429], [8.9637325, 45.9529861], [8.9636073, 45.9525948], [8.9635663, 45.9524952], [8.963494, 45.9522903], [8.9635147, 45.9522396], [8.9633022, 45.951676], [8.963564, 45.9514963], [8.9638495, 45.9512556], [8.9639197, 45.9512405], [8.9639197, 45.9511757], [8.9639197, 45.9510251], [8.9639449, 45.9509851], [8.9640314, 45.9509325], [8.9640782, 45.950841], [8.9640998, 45.9507459], [8.9640656, 45.9507434], [8.9641341, 45.9504679], [8.9641413, 45.9503702], [8.9642277, 45.9501435], [8.9643106, 45.9498993], [8.9643341, 45.9497995], [8.9643537, 45.9497001], [8.9643073, 45.9496679], [8.9644457, 45.9494359], [8.9645285, 45.9494284], [8.9645483, 45.9493595], [8.9646991, 45.9492549], [8.9647602, 45.9492859], [8.9648086, 45.9492638], [8.9648481, 45.9492833], [8.965206, 45.9491159], [8.9652277, 45.9491248], [8.9653194, 45.9490805], [8.9654964, 45.9492186], [8.9656429, 45.9491248], [8.9656747, 45.9490973], [8.9656887, 45.9490681], [8.9655955, 45.9490021], [8.9655332, 45.9490115], [8.9653752, 45.9490921], [8.9653623, 45.949081], [8.9655305, 45.9490001], [8.9656048, 45.948985], [8.9656199, 45.9489573], [8.96564, 45.9489188], [8.9658433, 45.9487784], [8.9659169, 45.9487697], [8.966008, 45.9485529], [8.9659963, 45.9485522], [8.9660237, 45.9484021], [8.9659982, 45.9482126], [8.9659451, 45.9482039], [8.9658822, 45.9481543], [8.9658681, 45.9480746], [8.9659777, 45.9479576], [8.9659997, 45.9479554], [8.9660131, 45.9479085], [8.9659896, 45.9479077], [8.9660065, 45.9478008], [8.9660364, 45.9477052], [8.9661039, 45.9477025], [8.9661154, 45.9476441], [8.9660657, 45.9476158], [8.9661052, 45.9473784], [8.9661689, 45.9473492], [8.9662326, 45.9470419], [8.9660912, 45.9465362], [8.9660215, 45.946441], [8.9658887, 45.9461014], [8.9657549, 45.945857], [8.965662, 45.9457906], [8.9656276, 45.9457525], [8.9656225, 45.9457317], [8.9655893, 45.9457084], [8.9655477, 45.945715], [8.965522, 45.945692], [8.9655117, 45.9456232], [8.9655053, 45.9455249], [8.9654378, 45.9454558], [8.965327, 45.9452353], [8.9651971, 45.9447624], [8.965122, 45.9447066], [8.965127, 45.9445569], [8.96522, 45.9444329], [8.9651958, 45.9443612], [8.9652455, 45.9442487], [8.9652098, 45.9440769], [8.9651028, 45.9440122], [8.9650965, 45.9439432], [8.9649182, 45.9437288], [8.9647755, 45.9435207], [8.9647284, 45.9433037], [8.9645743, 45.9430141], [8.9643724, 45.9427066], [8.9642114, 45.9423879], [8.9641318, 45.942341], [8.9640475, 45.9422525], [8.964041, 45.9420878], [8.9640349, 45.9419555], [8.9639724, 45.9418252], [8.9639904, 45.9416849], [8.9639401, 45.941547], [8.9639511, 45.9414193], [8.9640026, 45.9413229], [8.9640358, 45.9410966], [8.9640796, 45.9410871], [8.964085, 45.9410522], [8.964051, 45.9410463], [8.9641056, 45.9408177], [8.9641374, 45.9408093], [8.9641795, 45.940476], [8.9641608, 45.9404551], [8.9641683, 45.9404187], [8.9641505, 45.9404122], [8.964172, 45.940351], [8.9642853, 45.9401765], [8.96429, 45.9401212], [8.9643415, 45.9400157], [8.9644182, 45.9399122], [8.9645156, 45.9398432], [8.9649593, 45.9395346], [8.965418, 45.9394116], [8.965404, 45.9393862], [8.9655313, 45.9393374], [8.9655491, 45.9393576], [8.9658168, 45.9392547], [8.9659282, 45.9391714], [8.9661057, 45.9392031], [8.9663214, 45.9391874], [8.966555, 45.9390343], [8.9666275, 45.9390229], [8.966778, 45.9389185], [8.9668007, 45.9388517], [8.9668587, 45.9388101], [8.9670209, 45.9387461], [8.9672808, 45.938692], [8.9675887, 45.9386324], [8.9676835, 45.9385933], [8.9678539, 45.9384878], [8.9678557, 45.9384181], [8.9678792, 45.9383451], [8.9680488, 45.9383015], [8.9681749, 45.9382458], [8.9683191, 45.9381096], [8.9683968, 45.9379754], [8.9684755, 45.93773], [8.9684736, 45.937661], [8.9684871, 45.9375649], [8.9684323, 45.9375014], [8.9684229, 45.9373091], [8.9684483, 45.937244], [8.9684678, 45.937153], [8.9684381, 45.9370058], [8.9684488, 45.9368171], [8.9684198, 45.9366266], [8.9684693, 45.9364276], [8.9685315, 45.9364175], [8.9685532, 45.9362383], [8.9685217, 45.9361351], [8.9684473, 45.9359354], [8.9683065, 45.9357234], [8.9683626, 45.9355551], [8.9683599, 45.9353443], [8.9683378, 45.9353293], [8.9683512, 45.9352858], [8.9684166, 45.9352023], [8.9684419, 45.9350725], [8.9684736, 45.9350661], [8.9684799, 45.9343263], [8.9684954, 45.9343035], [8.9685153, 45.9341661], [8.9684815, 45.9340933], [8.9682431, 45.9338323], [8.9681159, 45.9338267], [8.967979, 45.9337091], [8.9679418, 45.9335171], [8.9679935, 45.9333408], [8.9680418, 45.9332734], [8.968504, 45.9331849], [8.9686699, 45.9330539], [8.9687665, 45.9330595], [8.9688922, 45.9329419], [8.9689807, 45.9329889], [8.9690516, 45.9329217], [8.9689856, 45.9328511], [8.9691337, 45.9327918], [8.9693418, 45.9326267], [8.9694056, 45.932625], [8.9694558, 45.9325935], [8.9698358, 45.932323], [8.9699297, 45.9322603], [8.9700469, 45.932197], [8.9701016, 45.9322306], [8.9704401, 45.9321181], [8.970596, 45.9320626], [8.9706256, 45.932046], [8.9707217, 45.931992], [8.971084, 45.9316941], [8.9712435, 45.931451], [8.9713417, 45.9314958], [8.9713642, 45.9314678], [8.9713691, 45.9314297], [8.9713304, 45.9313939], [8.9712805, 45.9314118], [8.971237, 45.9313905], [8.9712551, 45.931352], [8.9714673, 45.9311833], [8.972116, 45.9307735], [8.972184, 45.9306479], [8.9722339, 45.9306288], [8.9722323, 45.9305571], [8.9723756, 45.9305616], [8.9723853, 45.9305112], [8.9724191, 45.9304563], [8.9725012, 45.9304093], [8.9726047, 45.9303815], [8.9727444, 45.930379], [8.9729119, 45.9303858], [8.973147, 45.9304149], [8.973305, 45.9304022], [8.9734043, 45.9303942], [8.9734112, 45.9303757], [8.973569, 45.9303734], [8.9737558, 45.9303432], [8.9740167, 45.9302256], [8.9741408, 45.9301976], [8.9742882, 45.9301699], [8.9745855, 45.9301564], [8.974598, 45.9301319], [8.9746857, 45.9301224], [8.9749588, 45.9301525], [8.9752084, 45.9301366], [8.9752141, 45.9301556], [8.9754737, 45.9301168], [8.9755101, 45.9301351], [8.975829, 45.9300107], [8.9760852, 45.9298071], [8.976087, 45.9297848], [8.9761023, 45.9297287], [8.9760579, 45.9295014], [8.9760875, 45.9294444], [8.976067, 45.9293398], [8.9760916, 45.9293029], [8.9760598, 45.9292839], [8.9760852, 45.9292257], [8.9760864, 45.9291307], [8.9760919, 45.9290997], [8.975986, 45.9290653], [8.9760408, 45.9289785], [8.9760086, 45.9289589], [8.9760296, 45.9289197], [8.976028, 45.928853], [8.9760022, 45.9288435], [8.976011, 45.9288149], [8.9760255, 45.9288104], [8.9760269, 45.9286903], [8.9759502, 45.9285184], [8.9759258, 45.9284143], [8.9759502, 45.9282463], [8.9759258, 45.9279819], [8.9758678, 45.9278321], [8.9758116, 45.9278282], [8.9758023, 45.9276498], [8.9758229, 45.9276121], [8.975879, 45.9272539], [8.9759194, 45.9272136], [8.9759581, 45.927052], [8.9759126, 45.927014], [8.9759672, 45.9268746], [8.9760128, 45.9268714], [8.9760632, 45.9266528], [8.9761495, 45.9263565], [8.9763608, 45.9260216], [8.9763512, 45.9259298], [8.9765476, 45.925895], [8.9765468, 45.9258351], [8.9764752, 45.9258357], [8.976413, 45.9255003], [8.9764586, 45.9252785], [8.9763089, 45.925134], [8.9763287, 45.9250678], [8.9763493, 45.925045], [8.976365, 45.9249701], [8.976292, 45.9248706], [8.9765634, 45.924664], [8.9766929, 45.9245806], [8.9770215, 45.9243001], [8.9774846, 45.924214], [8.9777556, 45.9241279], [8.9780735, 45.923975], [8.9782869, 45.9238221], [8.9784875, 45.9236113], [8.9784683, 45.9235831], [8.978592, 45.9234169], [8.9786452, 45.9234154], [8.9788417, 45.9231482], [8.9792642, 45.9227756], [8.9797336, 45.9224654], [8.9800004, 45.9222695], [8.9800537, 45.9221388], [8.9800046, 45.9221106], [8.9801882, 45.9218954], [8.980233, 45.9217841], [8.9803226, 45.9218034], [8.9803653, 45.9217618], [8.9802479, 45.9217232], [8.9802884, 45.9215703], [8.9805829, 45.9215169], [8.9807579, 45.921318], [8.980856, 45.9212824], [8.9808987, 45.9211829], [8.9809289, 45.921157], [8.9809627, 45.9210745], [8.9809222, 45.9210508], [8.980935, 45.9209513], [8.9809862, 45.9208756], [8.9810246, 45.920843], [8.9810865, 45.9208177], [8.9811911, 45.9208147], [8.9812118, 45.9208493], [8.9812903, 45.9208054], [8.981234, 45.9207686], [8.9812427, 45.9207312], [8.9813639, 45.9207465], [8.9813205, 45.9206902], [8.9813741, 45.9206631], [8.9814298, 45.9207158], [8.9815453, 45.9205565], [8.9814578, 45.9204823], [8.98143, 45.920417], [8.9814727, 45.9203724], [8.9815773, 45.9203694], [8.9819528, 45.9204288], [8.9822665, 45.9202997], [8.9824628, 45.9201112], [8.982529, 45.9199731], [8.9825055, 45.9199479], [8.9825887, 45.9198425], [8.9826463, 45.9198588], [8.9827914, 45.91974], [8.9829323, 45.9195441], [8.983024, 45.9195382], [8.9830688, 45.9194595], [8.9830347, 45.9194417], [8.9830859, 45.9193378], [8.983024, 45.9190943], [8.9831286, 45.918955], [8.9831542, 45.9189384], [8.9835191, 45.91879], [8.9837154, 45.9186668], [8.9838818, 45.9184797], [8.9839586, 45.9182689], [8.9840056, 45.9180552], [8.9840504, 45.9177642], [8.9840355, 45.9173827], [8.9840227, 45.917209], [8.9840397, 45.9171511], [8.9839585, 45.917114], [8.9838356, 45.9170165], [8.9838372, 45.9169985], [8.9837986, 45.9169522], [8.983741, 45.9169804], [8.9834487, 45.9167102], [8.9834785, 45.9166776], [8.983406, 45.9166152], [8.9833932, 45.9165514], [8.9831307, 45.916296], [8.9830667, 45.9162574], [8.9830006, 45.9161609], [8.9830496, 45.9161342], [8.9829173, 45.9159308], [8.9828106, 45.9158819], [8.982753, 45.9157675], [8.982753, 45.9156859], [8.9828256, 45.9156918], [8.9829131, 45.9151915], [8.9831713, 45.9147016], [8.9834913, 45.9142696], [8.9836905, 45.9140325], [8.9837538, 45.9138008], [8.9836119, 45.9132183], [8.9834989, 45.9129581], [8.9831737, 45.9123989], [8.983032, 45.91226], [8.9827486, 45.9118236], [8.9826766, 45.911578], [8.9824513, 45.9112079], [8.9824072, 45.9109897], [8.9822284, 45.9106277], [8.9821355, 45.9102835], [8.9822166, 45.9099003], [8.9822632, 45.9096662], [8.9823004, 45.9091312], [8.9823027, 45.9088452], [8.9823213, 45.9088145], [8.9822049, 45.908003], [8.9820924, 45.9077442], [8.9820473, 45.9076403], [8.9818196, 45.9072355], [8.9815609, 45.906935], [8.9815107, 45.9068767], [8.9814317, 45.9068169], [8.9814154, 45.9067458], [8.9812414, 45.9064953], [8.9810368, 45.906408], [8.9809802, 45.906377], [8.9809273, 45.9063816], [8.9809128, 45.9063502], [8.9809358, 45.9063442], [8.9808872, 45.9062651], [8.980906, 45.9062627], [8.9809344, 45.9062578], [8.9809272, 45.9062294], [8.9808967, 45.906211], [8.980479, 45.9056819], [8.9801859, 45.9055692], [8.9801352, 45.9055674], [8.9800746, 45.9055863], [8.9800528, 45.9056041], [8.9800312, 45.9056129], [8.9800043, 45.9056152], [8.9796992, 45.9055372], [8.9797098, 45.9055154], [8.9800134, 45.9055925], [8.9800424, 45.9055868], [8.9800752, 45.9055605], [8.9800751, 45.905505], [8.9800047, 45.9055066], [8.9800043, 45.905453], [8.9799664, 45.9054238], [8.9796753, 45.9053369], [8.9796486, 45.9053817], [8.9793989, 45.9053574], [8.9788164, 45.9052621], [8.9787908, 45.9051862], [8.9785237, 45.905149], [8.9783159, 45.9051622], [8.9783049, 45.9051316], [8.9777559, 45.9052003], [8.9777498, 45.9051824], [8.9774831, 45.905212], [8.9774622, 45.90517], [8.9774099, 45.905109], [8.9772878, 45.9051042], [8.9771277, 45.9051118], [8.9769746, 45.9051303], [8.9768963, 45.9051547], [8.9768839, 45.9052153], [8.9768862, 45.9052427], [8.9766818, 45.9052492], [8.9764728, 45.905149], [8.9764211, 45.9049709], [8.9763354, 45.9049567], [8.9762657, 45.9050875], [8.9761526, 45.9051894], [8.9752838, 45.9053378], [8.9750008, 45.9056125], [8.9748047, 45.905819], [8.9747669, 45.9059482], [8.9748776, 45.9059629], [8.9748632, 45.9060136], [8.9748376, 45.9060101], [8.9747059, 45.9061212], [8.9744328, 45.9068235], [8.974435, 45.9070546], [8.9739499, 45.9070525], [8.9738141, 45.9068999], [8.9733977, 45.9066146], [8.9727827, 45.9063651], [8.9725668, 45.9062947], [8.9724379, 45.9062989], [8.9723569, 45.9063165], [8.9722919, 45.9063468], [8.9721191, 45.906464], [8.9720602, 45.906607], [8.9720792, 45.9068332], [8.9720231, 45.9068732], [8.972005, 45.906886], [8.9717227, 45.9070843], [8.9714866, 45.9071736], [8.9714779, 45.9073723], [8.9716149, 45.9078125], [8.9717927, 45.9079889], [8.9720047, 45.9081086], [8.9721593, 45.9085621], [8.9726606, 45.9093268], [8.9730327, 45.9102708], [8.9729482, 45.9109074], [8.9728063, 45.9115806], [8.9720193, 45.9125459], [8.9717533, 45.9129542], [8.9714625, 45.913205], [8.9714341, 45.9137157], [8.9712191, 45.9137634], [8.9711856, 45.9137708], [8.9710596, 45.9138272], [8.9706959, 45.9139898], [8.9703928, 45.9140507], [8.9701538, 45.9141622], [8.9701159, 45.91429], [8.9704948, 45.9144887], [8.9707501, 45.9146322], [8.9706595, 45.9147406], [8.9710818, 45.9165954], [8.9709414, 45.9169203], [8.9708051, 45.9174596], [8.9704987, 45.9183757], [8.9703877, 45.9194299], [8.9705237, 45.920279], [8.971015, 45.9209494], [8.9709359, 45.9213315], [8.9706275, 45.9216186], [8.9701556, 45.9229301], [8.9702352, 45.9233789], [8.9699262, 45.9238554], [8.9691455, 45.9243816], [8.9681257, 45.9257648], [8.9678429, 45.9260709], [8.9670376, 45.9265938], [8.9663965, 45.9267662], [8.9658644, 45.9270023], [8.9654695, 45.9273621], [8.9652719, 45.9275381], [8.9629803, 45.9286477], [8.9625227, 45.9288139], [8.9608204, 45.9297992], [8.9600175, 45.9302621], [8.9597862, 45.9306998], [8.9592881, 45.9311549], [8.95865, 45.9313781], [8.9581478, 45.9314713], [8.9560822, 45.9321275], [8.9553236, 45.9325355], [8.9549081, 45.9328764], [8.9541739, 45.9331292], [8.9530718, 45.9331683], [8.9526638, 45.9332392], [8.9523, 45.9333617], [8.9522367, 45.933445], [8.9521561, 45.9335159], [8.952008, 45.9335531], [8.9517837, 45.9336631], [8.9513022, 45.9341739], [8.9507305, 45.9345863], [8.9506515, 45.9347072], [8.9503189, 45.9348216], [8.9502789, 45.9348228], [8.9502126, 45.9348742], [8.9501308, 45.9349241], [8.9500117, 45.9349772], [8.9498344, 45.935113], [8.9498905, 45.935133], [8.9498657, 45.9352309], [8.9498164, 45.9353296], [8.949684, 45.9355706], [8.9495021, 45.9357758], [8.9494371, 45.935813], [8.9492339, 45.9360058], [8.9490051, 45.9361914], [8.9487883, 45.936243], [8.9484801, 45.936221], [8.9481634, 45.9361927], [8.9478426, 45.9358621], [8.9469196, 45.935222], [8.9465309, 45.9349372], [8.9460957, 45.9346624], [8.9456098, 45.9344425], [8.9446501, 45.9337389], [8.9442486, 45.9332746], [8.9435397, 45.9326868], [8.9424918, 45.9315404], [8.9421571, 45.9312566], [8.9417939, 45.9310587], [8.9415023, 45.9309616], [8.9412269, 45.9309541], [8.941226, 45.9308932], [8.9404429, 45.9308504], [8.9404196, 45.9309392], [8.9401474, 45.9308979], [8.940167, 45.9308277], [8.939663, 45.9307872], [8.9392498, 45.9308636], [8.9379549, 45.9299689], [8.9370955, 45.9287818], [8.9371741, 45.9283132], [8.9372315, 45.9282125], [8.9372207, 45.9277789], [8.9369877, 45.9274756], [8.936643, 45.9273105], [8.9366828, 45.9269134], [8.9366158, 45.9268217], [8.9364868, 45.9266314], [8.9363002, 45.9264099], [8.9362166, 45.9262515], [8.9361551, 45.9260628], [8.9359453, 45.9259242], [8.9355753, 45.9256759], [8.9355653, 45.9256692], [8.93489, 45.9246673], [8.934706, 45.9245393], [8.9346682, 45.9245159], [8.9344881, 45.9244042], [8.9339091, 45.9242351], [8.9335077, 45.9241587], [8.9330105, 45.9241982], [8.9326626, 45.9239051], [8.9326356, 45.9239241], [8.9324604, 45.9238587], [8.9324762, 45.9238286], [8.9324081, 45.9238067], [8.9320686, 45.9236979], [8.9316681, 45.9235695], [8.9315756, 45.9235398], [8.9312452, 45.923306], [8.9308919, 45.9230395], [8.9304461, 45.9226797], [8.9297005, 45.9219704], [8.9295126, 45.9217745], [8.929422, 45.9216183], [8.9293987, 45.9215338], [8.9294103, 45.921425], [8.9294713, 45.9208968], [8.9295119, 45.9205447], [8.929448, 45.920258], [8.929299, 45.9199847], [8.9290428, 45.9196329], [8.9284821, 45.9190008], [8.9282534, 45.9188327], [8.9280205, 45.9187121], [8.9264739, 45.9183325], [8.9262078, 45.9182466], [8.9260058, 45.9181222], [8.925949, 45.9180562], [8.9258559, 45.9179781], [8.9257477, 45.9179039], [8.9257364, 45.9178106], [8.9257507, 45.9177136], [8.9257281, 45.9176352], [8.925667, 45.9175457], [8.9255529, 45.9174339], [8.9255124, 45.917294], [8.925464, 45.9172064], [8.925333, 45.9170562], [8.9249805, 45.9167559], [8.9249006, 45.916631], [8.9247839, 45.9165559], [8.924085, 45.9163156], [8.9241197, 45.9162573], [8.9239529, 45.9162014], [8.9237607, 45.9161064], [8.9236422, 45.9160644], [8.9234267, 45.9160195], [8.9233114, 45.9160234], [8.922663, 45.9157866], [8.9224096, 45.9156224], [8.921905, 45.9154093], [8.9210284, 45.9152659], [8.9208442, 45.9152358], [8.9202012, 45.9151306], [8.9194475, 45.9149226], [8.9194416, 45.9148751], [8.9192214, 45.9147879], [8.9191087, 45.9147686], [8.919004, 45.9147263], [8.9189316, 45.9146781], [8.9187786, 45.9145905], [8.9185989, 45.9145029], [8.9184474, 45.914461], [8.9178682, 45.9139607], [8.9176413, 45.9138267], [8.9174911, 45.9138054], [8.9167137, 45.913696], [8.9166411, 45.913655]], [[8.963292, 45.9523468], [8.9633443, 45.952364], [8.9633918, 45.9523988], [8.9634447, 45.9525497], [8.9634868, 45.952652], [8.9635808, 45.9530203], [8.9636742, 45.953236], [8.9636731, 45.9532572], [8.9636462, 45.9532856], [8.9635291, 45.9533413], [8.963238, 45.9533624], [8.9627146, 45.9534405], [8.961347, 45.9536849], [8.9607596, 45.9537494], [8.9595248, 45.9538126], [8.9587226, 45.9538799], [8.9585629, 45.9538543], [8.9584923, 45.9538055], [8.9583688, 45.9532665], [8.9584235, 45.9531998], [8.9585394, 45.9531673], [8.9605069, 45.9530088], [8.9611337, 45.9529473], [8.9616577, 45.9528449], [8.9618812, 45.9527868], [8.9622874, 45.95268], [8.9626827, 45.9525388], [8.9630264, 45.9524245], [8.9631576, 45.952372], [8.9632369, 45.9523545], [8.963292, 45.9523468]]]}, "properties": {"corpo_id": "lago_lugano", "nome": "Lago di Lugano", "osm_type": "relation", "osm_id": 1342576, "specie_attesa": "poligono"}}, {"type": "Feature", "geometry": {"type": "Polygon", "coordinates": [[[9.1564836, 46.0339448], [9.1561427, 46.0339272], [9.1558435, 46.0338457], [9.1555739, 46.0337611], [9.1553336, 46.0336628], [9.1551685, 46.0335841], [9.1549608, 46.0335057], [9.1548203, 46.0335149], [9.154675, 46.0335744], [9.1545751, 46.0336457], [9.1545409, 46.0337265], [9.1545651, 46.0338076], [9.1546324, 46.0339201], [9.1546749, 46.0341091], [9.1547511, 46.0342035], [9.1547772, 46.0342799], [9.1547258, 46.034406], [9.1546099, 46.0345232], [9.1546142, 46.0345565], [9.1547087, 46.0346355], [9.1549602, 46.0346787], [9.1551497, 46.0349178], [9.1552588, 46.0350866], [9.1554376, 46.0352105], [9.1556521, 46.0352328], [9.1557703, 46.0353407], [9.1557921, 46.0355866], [9.1559326, 46.0357812], [9.1560822, 46.0359523], [9.1561515, 46.0360839], [9.1564892, 46.0365278], [9.1565232, 46.0367174], [9.1566846, 46.0369059], [9.1569481, 46.0371212], [9.1571046, 46.0372683], [9.1570885, 46.0374512], [9.1572359, 46.0377914], [9.1573293, 46.0379998], [9.1575801, 46.0384209], [9.1577211, 46.0385648], [9.1577528, 46.0385996], [9.1579355, 46.0386825], [9.1582001, 46.0387075], [9.1584388, 46.0386854], [9.1586631, 46.0386933], [9.1590057, 46.0386656], [9.1593641, 46.0386515], [9.1596059, 46.0386368], [9.1600343, 46.0386968], [9.1604796, 46.0386778], [9.1609761, 46.0386724], [9.1613588, 46.0387483], [9.1616436, 46.0388279], [9.1619834, 46.0388608], [9.1620465, 46.0388788], [9.1620838, 46.0389147], [9.1622721, 46.0392385], [9.1623014, 46.0393149], [9.1622889, 46.0394157], [9.1621679, 46.0395176], [9.1619161, 46.0396034], [9.1617709, 46.0396711], [9.1616837, 46.0396802], [9.1614626, 46.039748], [9.1610783, 46.0398025], [9.1610365, 46.0398926], [9.1609332, 46.0400245], [9.1608639, 46.0401523], [9.1607889, 46.0402844], [9.1607505, 46.0403356], [9.1607118, 46.0404628], [9.1604347, 46.0405832], [9.1606073, 46.0407567], [9.1604037, 46.0410424], [9.160278, 46.0411462], [9.1603259, 46.0412376], [9.1604875, 46.0412626], [9.1606491, 46.0417445], [9.1605745, 46.0417858], [9.1606329, 46.0420395], [9.1607797, 46.0421556], [9.1609466, 46.0422433], [9.1611158, 46.0422893], [9.1613248, 46.0423459], [9.161518, 46.0423719], [9.162069, 46.0423828], [9.1621616, 46.042354], [9.1622527, 46.0423121], [9.1623183, 46.0422538], [9.1624068, 46.0422081], [9.1626494, 46.0421282], [9.1627087, 46.0419693], [9.1628312, 46.0417961], [9.1630381, 46.0416201], [9.1632654, 46.0415099], [9.1635329, 46.0414102], [9.1637944, 46.0413647], [9.1641476, 46.0413514], [9.1644849, 46.0412787], [9.1645798, 46.0412279], [9.1647326, 46.0412853], [9.1647763, 46.0411755], [9.1648866, 46.0411916], [9.1650049, 46.0412465], [9.1650647, 46.0412465], [9.1651081, 46.0411969], [9.1651014, 46.0411069], [9.1651175, 46.0410799], [9.1654358, 46.0410975], [9.1654697, 46.0410749], [9.1655242, 46.0409579], [9.1656153, 46.0409011], [9.1657938, 46.0408855], [9.1661078, 46.0407781], [9.1662188, 46.0408605], [9.1663786, 46.0408474], [9.1666587, 46.0407727], [9.1669007, 46.0406976], [9.1671016, 46.0406364], [9.1671548, 46.0405569], [9.1673953, 46.0405145], [9.1675021, 46.040434], [9.1676732, 46.0403733], [9.1676853, 46.0403698], [9.1677966, 46.0402745], [9.1679466, 46.0403166], [9.1684947, 46.0403091], [9.1686617, 46.0402964], [9.1688499, 46.0402822], [9.1695208, 46.0403588], [9.1697602, 46.0403404], [9.1698699, 46.0403248], [9.1700289, 46.0402732], [9.1700342, 46.0402681], [9.1700668, 46.0402521], [9.1700826, 46.0402275], [9.1701482, 46.0401128], [9.1701115, 46.0399554], [9.1702279, 46.0398809], [9.1703505, 46.0399086], [9.1703934, 46.0398214], [9.1701666, 46.0396427], [9.1702034, 46.0395001], [9.1701161, 46.0394594], [9.1699981, 46.0392555], [9.1700085, 46.0391189], [9.1698098, 46.0390186], [9.1697039, 46.0389406], [9.1696089, 46.0387917], [9.1695458, 46.0387388], [9.1692209, 46.0384666], [9.1690779, 46.0382955], [9.1689708, 46.0382189], [9.1689009, 46.0381817], [9.1686314, 46.0376884], [9.1684037, 46.0374487], [9.1683606, 46.0373402], [9.1683375, 46.0372003], [9.1681385, 46.0370177], [9.1680748, 46.0370784], [9.1679887, 46.037049], [9.1679537, 46.0369633], [9.1677694, 46.0369158], [9.1677852, 46.0368646], [9.1676852, 46.0368207], [9.1675382, 46.0368316], [9.1672869, 46.0366805], [9.1672402, 46.0365939], [9.1672249, 46.0364871], [9.1671979, 46.0363979], [9.1671852, 46.0362406], [9.1669164, 46.0361453], [9.1668169, 46.0360624], [9.1668245, 46.0359637], [9.1668119, 46.0357451], [9.1667939, 46.0356782], [9.1666775, 46.0355853], [9.1664245, 46.0355215], [9.1660581, 46.0353695], [9.1657967, 46.035181], [9.1656694, 46.0351409], [9.1654634, 46.0351393], [9.1653094, 46.03511], [9.1651616, 46.0350849], [9.1651517, 46.0350159], [9.165408, 46.0349684], [9.1654576, 46.0348333], [9.165535, 46.0347792], [9.1657097, 46.0346801], [9.1658278, 46.0346367], [9.1661562, 46.0345431], [9.1661461, 46.0344895], [9.1660134, 46.034436], [9.1658394, 46.0344171], [9.1655562, 46.0344437], [9.1652542, 46.0344679], [9.1648249, 46.0344471], [9.1646874, 46.0343933], [9.1645499, 46.034308], [9.1644721, 46.0342271], [9.1643828, 46.0340742], [9.1643256, 46.0340394], [9.1641808, 46.0339968], [9.1639777, 46.0340205], [9.1635805, 46.034037], [9.1633022, 46.0339756], [9.1623293, 46.033854], [9.1620896, 46.0338061], [9.1618222, 46.0338723], [9.1616229, 46.0338814], [9.1613664, 46.033853], [9.1610417, 46.0338309], [9.1604311, 46.0338044], [9.1601805, 46.0337465], [9.1599642, 46.0337519], [9.1597201, 46.0337291], [9.1595278, 46.0337294], [9.1592838, 46.0336757], [9.1592272, 46.0336487], [9.1586869, 46.0335488], [9.1585163, 46.0335867], [9.1581967, 46.0336754], [9.1578917, 46.0337675], [9.1575045, 46.0339389], [9.1574324, 46.033955], [9.1571611, 46.0339945], [9.1568553, 46.0339894], [9.1566954, 46.0340075], [9.1564836, 46.0339448]]]}, "properties": {"corpo_id": "lago_piano", "nome": "Lago di Piano", "osm_type": "relation", "osm_id": 176824, "specie_attesa": "poligono"}}, {"type": "Feature", "geometry": {"type": "MultiLineString", "coordinates": [[[8.8389941, 45.9842375], [8.8382154, 45.9845199], [8.8379537, 45.9845818], [8.8375922, 45.9846181], [8.8372691, 45.9846414], [8.8362429, 45.9846701], [8.8357582, 45.9846982], [8.8353533, 45.984754], [8.8348373, 45.9849252], [8.8343414, 45.9851214], [8.8341424, 45.9852046], [8.8339029, 45.9853992], [8.8336508, 45.9858319], [8.8332915, 45.9861779], [8.8329203, 45.9867174], [8.8327662, 45.9869736], [8.8326682, 45.9871428], [8.8325288, 45.9873157], [8.8324008, 45.9874312], [8.8322285, 45.9875748], [8.8318005, 45.9878538], [8.8315778, 45.9879577], [8.8311647, 45.9880763], [8.8305597, 45.9880708], [8.8300588, 45.9879422], [8.8295494, 45.987683], [8.8288701, 45.9875533], [8.8285207, 45.9875153], [8.8280879, 45.9873853], [8.8278077, 45.9873212], [8.8274212, 45.9872211], [8.8270814, 45.9871993], [8.8268342, 45.987215], [8.8258605, 45.9875813], [8.8254042, 45.9877523], [8.8251006, 45.9878391], [8.8248337, 45.9879031], [8.8244731, 45.9880091], [8.8238401, 45.9881246], [8.8233622, 45.9881093], [8.8229754, 45.9879382], [8.8226293, 45.9877905], [8.8222679, 45.9876273], [8.8219798, 45.9875158], [8.8217314, 45.9874045], [8.8213067, 45.9872977], [8.820509, 45.9873465], [8.8198648, 45.987431], [8.8198526, 45.9874337], [8.8191687, 45.9875874], [8.8186827, 45.9877788], [8.8179398, 45.9879565], [8.8169765, 45.9883619], [8.8165567, 45.9886241], [8.8162631, 45.9889451], [8.8159087, 45.9892559], [8.8156403, 45.9894347], [8.8150725, 45.9898203], [8.814566, 45.9900914], [8.8142132, 45.9902641], [8.8138544, 45.9904268], [8.8137179, 45.9904632], [8.813622, 45.9904888], [8.8133194, 45.990493], [8.8130733, 45.9904825], [8.8128047, 45.9904625], [8.8122732, 45.9902518], [8.8122374, 45.9902376], [8.8114567, 45.9899073], [8.8108158, 45.9898436], [8.8101242, 45.9897927], [8.8095589, 45.9898658], [8.8090731, 45.990073], [8.8086728, 45.9902608], [8.8081533, 45.9904855], [8.8074815, 45.9907042], [8.8073715, 45.9907106], [8.8066658, 45.9907665], [8.8052497, 45.9909531], [8.8047314, 45.9910062], [8.8042261, 45.9910323], [8.8029425, 45.9911606], [8.8018029, 45.9911811], [8.8013413, 45.9911611], [8.8011488, 45.9911612], [8.8009334, 45.9911614], [8.800574, 45.9911628], [8.8002976, 45.9911694], [8.8000192, 45.9911813], [8.7996308, 45.991219], [8.7991426, 45.9913041], [8.7988106, 45.9913827], [8.7986301, 45.9914255], [8.7974943, 45.9918396], [8.7969225, 45.9919511], [8.7965508, 45.9919928], [8.7955937, 45.9920792], [8.7952676, 45.9920921], [8.7947931, 45.9920958], [8.7946174, 45.992092], [8.7938893, 45.9920761], [8.7934437, 45.9920888], [8.7926998, 45.9920515], [8.7925096, 45.9919881], [8.7924227, 45.9919115], [8.7923521, 45.9917898], [8.7922966, 45.9915467], [8.7923771, 45.9911599], [8.7923874, 45.9910901], [8.7924115, 45.9909272], [8.7924516, 45.990656], [8.7924838, 45.9902375], [8.7924627, 45.989837], [8.7924325, 45.9897244], [8.7922607, 45.9894856], [8.7921609, 45.9894044], [8.7919854, 45.9893051], [8.7917436, 45.9892237], [8.7916035, 45.9891514], [8.7912109, 45.9888267], [8.791103, 45.988759], [8.7905101, 45.9884924], [8.7903005, 45.9884245], [8.7900908, 45.9884061], [8.7897259, 45.9884235], [8.7891897, 45.9885685], [8.7888111, 45.9886827], [8.7881599, 45.9888529], [8.7871595, 45.9889182], [8.7868076, 45.9889401], [8.7860796, 45.9890527], [8.7859409, 45.9890883], [8.7856916, 45.9891524], [8.7851218, 45.9893221], [8.7847686, 45.9895156], [8.7845634, 45.9896809], [8.7840564, 45.9898574], [8.783898, 45.9900866], [8.7837696, 45.9902934], [8.7836636, 45.9905902], [8.783671, 45.9907477], [8.7837458, 45.990914], [8.7838152, 45.9910225], [8.7839887, 45.9912253], [8.7843456, 45.991595], [8.7844675, 45.9917887], [8.784565, 45.9920499], [8.784583, 45.9923965], [8.7845583, 45.9925089], [8.7845126, 45.9926483], [8.7844655, 45.9927202], [8.7842935, 45.9928816], [8.7840446, 45.9930389], [8.7837408, 45.9931374], [8.7829628, 45.9931449], [8.7825882, 45.9931622], [8.782191, 45.9932019], [8.7796184, 45.9936082], [8.7787282, 45.9937488], [8.7784957, 45.9937708], [8.7781212, 45.9937746], [8.7778615, 45.9937471], [8.7776389, 45.9937017], [8.7775342, 45.9936565], [8.7773451, 45.9935294], [8.7764033, 45.9926823], [8.7754635, 45.9918345], [8.7751185, 45.9915232], [8.774893, 45.9914057], [8.7745901, 45.9912746], [8.7744337, 45.9912248], [8.7741934, 45.9911838], [8.7739868, 45.9911699], [8.7737832, 45.9911764], [8.7730245, 45.991267], [8.7725463, 45.9913606], [8.7721278, 45.9914767], [8.7717851, 45.9916111], [8.7710114, 45.9921315], [8.770853, 45.9922077], [8.7707221, 45.9922389], [8.7706365, 45.9922388], [8.7705672, 45.9922206], [8.770026, 45.9919495], [8.7697327, 45.9918364], [8.7690683, 45.9917001], [8.7684553, 45.9916224], [8.7682132, 45.9916129], [8.7676935, 45.9916208], [8.7671239, 45.9915881], [8.7667979, 45.9915176], [8.7667079, 45.9914906], [8.7665676, 45.991443], [8.7664735, 45.9913081], [8.7663685, 45.9911958], [8.7662483, 45.991099], [8.7660083, 45.9908928], [8.765957, 45.9908027], [8.7657232, 45.9903672], [8.7655944, 45.9897613], [8.7655661, 45.9893394], [8.7654668, 45.9891592], [8.7653984, 45.989092], [8.7653109, 45.9890194], [8.765163, 45.9889544], [8.7648873, 45.9888724], [8.7642489, 45.9886979], [8.7639073, 45.988499], [8.7637173, 45.9883859], [8.7633007, 45.9884392], [8.7625451, 45.9885186], [8.7619274, 45.9886278], [8.7617795, 45.9886748], [8.7613853, 45.9887604], [8.7606804, 45.9889656], [8.7604254, 45.9890591], [8.760012, 45.9892233], [8.7596197, 45.9894575], [8.7588618, 45.9901162], [8.7584866, 45.9904005], [8.7579913, 45.9909301], [8.7578745, 45.9910649], [8.7577676, 45.9911547], [8.7574261, 45.9913609], [8.7567664, 45.991625], [8.75218, 45.9932617], [8.7517517, 45.9933918], [8.7513043, 45.9934583], [8.7506568, 45.9935154], [8.7482099, 45.993519], [8.7478984, 45.9935093], [8.7473333, 45.9935396], [8.7466855, 45.9936642], [8.7463121, 45.9937897], [8.7460614, 45.9939063], [8.7455403, 45.9941791], [8.7452477, 45.994291], [8.7445641, 45.9944649], [8.744049, 45.9945193], [8.7390074, 45.9946459], [8.7384233, 45.9946085], [8.7375714, 45.9945256], [8.7366973, 45.9943751], [8.7362105, 45.9942434], [8.7356288, 45.9940171], [8.7352972, 45.9938318], [8.7345683, 45.9932678], [8.7341499, 45.9930857], [8.7337873, 45.9929823], [8.7335213, 45.9929101], [8.7332087, 45.9928837], [8.7327936, 45.9929544], [8.7324755, 45.9930407], [8.7321968, 45.9931384], [8.7314978, 45.9934674], [8.7301162, 45.9941032], [8.7286366, 45.9949952], [8.726384513396066, 45.996852054666064]], [[8.8431107, 45.9807295], [8.8425901, 45.9807145], [8.8425384, 45.9807324], [8.8423153, 45.9808671], [8.842173, 45.9809749], [8.842003, 45.9811502], [8.8418706, 45.981204], [8.8413976, 45.9812348], [8.8412668, 45.9812752], [8.8411102, 45.9812974], [8.8408924, 45.9812701], [8.8405974, 45.9811752], [8.8405329, 45.9811706], [8.8404537, 45.9811885], [8.8403616, 45.9812469], [8.8401675, 45.9814131], [8.8400459, 45.9815975], [8.8397715, 45.9821866], [8.8396959, 45.9826455], [8.8396568, 45.9827669], [8.839501, 45.9830907], [8.8394906, 45.9833382], [8.8394253, 45.9835991], [8.8392902, 45.9839769], [8.8391671, 45.9841298], [8.8389941, 45.9842375]], [[8.8431107, 45.9807295], [8.8430476, 45.9810701], [8.8428692, 45.9814716], [8.8427645, 45.9817071], [8.8422168, 45.9826162], [8.8419082, 45.9829304], [8.8410079, 45.9834265], [8.8403363, 45.9836233], [8.8393762, 45.9841101], [8.8389941, 45.9842375]], [[8.8590264, 45.9669218], [8.8588476, 45.9670624], [8.8584855, 45.9673475], [8.8581489, 45.9677148], [8.857779, 45.9679745], [8.8574759, 45.9681658], [8.8568321, 45.9683822], [8.8561378, 45.9687081], [8.8558646, 45.9688967], [8.8552373, 45.9694045], [8.8551491, 45.9694661], [8.854948, 45.9696066], [8.8542027, 45.9701907], [8.8530627, 45.9711387], [8.8524839, 45.9715655], [8.8523062, 45.9716643], [8.8520864, 45.971817], [8.8517018, 45.972019], [8.8510526, 45.9722521], [8.8505165, 45.9724134], [8.8500384, 45.9726018], [8.8497055, 45.9727634], [8.8491187, 45.9731856], [8.8488874, 45.9733923], [8.8483954, 45.9739452], [8.8482334, 45.974161], [8.8480388, 45.9745297], [8.8479202, 45.9748266], [8.8476382, 45.9752852], [8.8474051, 45.9755639], [8.847223, 45.9757049], [8.8472078, 45.9757166], [8.8471913, 45.9757294], [8.846377, 45.9763617], [8.845973, 45.9766224], [8.8455056, 45.9767799], [8.8451942, 45.9768075], [8.8445728, 45.9768696], [8.8442903, 45.9769277], [8.8437921, 45.977183], [8.8436541, 45.9773025], [8.8434395, 45.9775551], [8.8434268, 45.9775701], [8.8433338, 45.9779164], [8.8432806, 45.9784834], [8.8432593, 45.9791539], [8.8432196, 45.9794958], [8.8431293, 45.9802404], [8.8431192, 45.980381], [8.8431327, 45.9805532], [8.8431107, 45.9807295]]]}, "properties": {"corpo_id": "tresa", "nome": "Tresa", "osm_type": "relation", "osm_id": 2201762, "specie_attesa": "linea"}}, {"type": "Feature", "geometry": {"type": "LineString", "coordinates": [[9.1428242, 46.1243985], [9.1425934, 46.1246103], [9.1424093, 46.124741], [9.1423075, 46.1247951], [9.1421927, 46.1248268], [9.1420036, 46.124908], [9.1415351, 46.1251921], [9.1414561, 46.1253002], [9.1410827, 46.1260656], [9.1406392, 46.1266512], [9.1405101, 46.1267773], [9.1404438, 46.1267999], [9.1402806, 46.1268856], [9.1399411, 46.126967], [9.1397907, 46.1270257], [9.1394952, 46.1272421], [9.1392627, 46.1274314], [9.1391981, 46.1274674], [9.139093, 46.1274946], [9.1389104, 46.1275983], [9.1385418, 46.1277157], [9.1380747, 46.1279233], [9.137955, 46.1279594], [9.1375995, 46.1281489], [9.1375041, 46.1281715], [9.1373084, 46.1282032], [9.1370658, 46.128217], [9.1367793, 46.1281814], [9.1364603, 46.1280827], [9.1362062, 46.1280695], [9.135318, 46.1280751], [9.1351869, 46.1280617], [9.1345493, 46.1280265], [9.1341027, 46.128027], [9.1338243, 46.1280048], [9.1335733, 46.1278926], [9.1334728, 46.1278208], [9.1334482, 46.1277038], [9.1334109, 46.1276633], [9.133097, 46.1276502], [9.1329287, 46.1276279], [9.1325679, 46.1276463], [9.1320695, 46.1276154], [9.1315551, 46.1276745], [9.1311053, 46.127693], [9.1308723, 46.1276618], [9.1305226, 46.1275677], [9.1303541, 46.1275003], [9.1301257, 46.1273926], [9.1298457, 46.1273209], [9.1293646, 46.127119], [9.129146, 46.1270427], [9.1289226, 46.126998], [9.128374, 46.1269311], [9.1282753, 46.1269312], [9.1278189, 46.1268867], [9.1276133, 46.1268194], [9.1273622, 46.1267027], [9.1271096, 46.1266265], [9.1267323, 46.1264739], [9.12652, 46.1263121], [9.1263483, 46.1262493], [9.1262591, 46.1261459], [9.1262102, 46.1259615], [9.1261469, 46.1258896], [9.1257663, 46.1257145], [9.12557, 46.1254852], [9.1254597, 46.1253863], [9.1252087, 46.1252516], [9.125006, 46.1250853], [9.1247355, 46.1249371], [9.1246853, 46.1249012], [9.124622, 46.1248112], [9.1245685, 46.1247843], [9.1244632, 46.1247034], [9.1244047, 46.1246045], [9.1244351, 46.1244334], [9.1243621, 46.1243615], [9.1242568, 46.1243121], [9.1236871, 46.1242362], [9.1235398, 46.1241734], [9.1233275, 46.1240206], [9.1231185, 46.1239039], [9.122903, 46.1237376], [9.1227489, 46.1235488], [9.1225592, 46.123378], [9.1224423, 46.1231936], [9.1223353, 46.1231217], [9.1222899, 46.1230677], [9.12217, 46.1229779], [9.1220029, 46.122744], [9.121737, 46.1225013], [9.1216088, 46.1223395], [9.1213333, 46.1221013], [9.1210788, 46.121908], [9.1210139, 46.1217956], [9.1209745, 46.1215616], [9.1207995, 46.1214268], [9.120741, 46.1213144], [9.1207326, 46.1211434], [9.1207406, 46.1210894], [9.1208132, 46.1210128], [9.1208244, 46.1209723], [9.1208179, 46.1209363], [9.1206979, 46.1208194], [9.1206953, 46.1203784], [9.1206271, 46.1202345], [9.1206091, 46.120149], [9.1206671, 46.120059], [9.1206394, 46.119951], [9.1205484, 46.1197936], [9.1204156, 46.1196992], [9.1203961, 46.1196543], [9.1203988, 46.1194158], [9.1202511, 46.1191954], [9.1201924, 46.118984], [9.1201324, 46.1189165], [9.1199622, 46.1187727], [9.1196719, 46.118422], [9.119581, 46.1182871], [9.1195273, 46.1181612], [9.1194636, 46.1178597], [9.1193711, 46.1177383], [9.1192447, 46.1176215], [9.119063, 46.1173651], [9.1187487, 46.1171495], [9.1186692, 46.1170731], [9.1183454, 46.1169429], [9.118279, 46.11688], [9.1182366, 46.116745], [9.1181604, 46.1166641], [9.1181441, 46.1166191], [9.1181244, 46.1164481], [9.1180417, 46.1163627], [9.118085, 46.1162097], [9.1179636, 46.1161513], [9.1178761, 46.1160839], [9.1177882, 46.11585], [9.1176748, 46.1157781], [9.1176568, 46.1156566], [9.1174753, 46.1155263], [9.1174509, 46.1154633], [9.1174587, 46.1153013], [9.1173485, 46.1151934], [9.1173446, 46.1148784], [9.1172861, 46.114775], [9.1172827, 46.114703], [9.11731, 46.114613], [9.117515, 46.1144012], [9.1175228, 46.1142797], [9.1174805, 46.1141583], [9.1175416, 46.1139647], [9.1175818, 46.1138432], [9.1176593, 46.1137756], [9.1177579, 46.113735], [9.1179761, 46.1136898], [9.1180876, 46.1136267], [9.1181394, 46.1136176], [9.1181342, 46.1134736], [9.1182002, 46.113307], [9.1182273, 46.113145], [9.1181964, 46.1130415], [9.1182221, 46.112965], [9.1183416, 46.1128569], [9.1185661, 46.1127037], [9.1185932, 46.1125326], [9.1187224, 46.1124155], [9.1188675, 46.1122039], [9.1188464, 46.1121769], [9.1188006, 46.1119429], [9.1188232, 46.1119024], [9.1189814, 46.1117807], [9.1190298, 46.1117177], [9.1191362, 46.1115466], [9.1191989, 46.111371], [9.1192698, 46.1112494], [9.1195201, 46.1110557], [9.1197314, 46.1107945], [9.1198397, 46.1107268], [9.1200029, 46.1106727], [9.1200173, 46.1105872], [9.1201528, 46.110416], [9.1199404, 46.1101867], [9.1199108, 46.1099753], [9.1198232, 46.1098449], [9.1197937, 46.1096649], [9.1196721, 46.109548], [9.1195715, 46.1093906], [9.1193722, 46.1092243], [9.1191827, 46.1090985], [9.1190144, 46.1090582], [9.1188543, 46.1090674], [9.1186568, 46.1090091], [9.1182667, 46.1088565], [9.1178796, 46.1086004], [9.1178358, 46.1085374], [9.1178389, 46.1084744], [9.1178711, 46.1084204], [9.1181262, 46.1082086], [9.1182198, 46.1081095], [9.1182035, 46.1080465], [9.1179333, 46.1079838], [9.1178604, 46.1079254], [9.1178522, 46.1078804], [9.1178715, 46.1078624], [9.1180251, 46.1078082], [9.1180913, 46.1077587], [9.1180961, 46.1077362], [9.1180134, 46.1076597], [9.1179664, 46.1075833], [9.1179824, 46.1075068], [9.1180147, 46.1074662], [9.1180793, 46.1074302], [9.1182005, 46.107403], [9.1182927, 46.1074074], [9.1183606, 46.1073939], [9.1184769, 46.1073038], [9.1185283, 46.1071597], [9.1185232, 46.1070427], [9.1185505, 46.1069212], [9.1186731, 46.1067816], [9.1188988, 46.1064573], [9.1190668, 46.1063536], [9.1193513, 46.1062544], [9.1194466, 46.1062048], [9.1195016, 46.1062002], [9.1194643, 46.1061732], [9.119461, 46.1061327], [9.1193783, 46.1060428], [9.1194088, 46.1059168], [9.119399, 46.1058898], [9.119245, 46.1057055], [9.119071, 46.1052916], [9.1189884, 46.1052242], [9.1186485, 46.1051121], [9.1185173, 46.1050447], [9.1180362, 46.1046582], [9.1180361, 46.1046222], [9.1178384, 46.1044244], [9.1177216, 46.104276], [9.1176713, 46.1041816], [9.1176532, 46.1040601], [9.1176623, 46.1037856], [9.1176927, 46.1036236], [9.1182104, 46.102948], [9.1183263, 46.1027004], [9.1183343, 46.1026149], [9.1183131, 46.1025609], [9.1180879, 46.1023722], [9.1180135, 46.1023857], [9.1178097, 46.1023724], [9.1175963, 46.1023862], [9.1174976, 46.1023593], [9.1172576, 46.102085], [9.1172024, 46.1019546], [9.1170726, 46.1017432], [9.1169701, 46.1014508], [9.1168677, 46.1012304], [9.1164983, 46.1009023], [9.1164157, 46.1008304], [9.1161339, 46.1006506], [9.1160705, 46.1005067], [9.1159701, 46.1004528], [9.1159279, 46.1003899], [9.1159359, 46.1003088], [9.1158693, 46.1001874], [9.1158997, 46.1000209], [9.1158946, 46.0999219], [9.1159462, 46.0998228], [9.1160592, 46.0997192], [9.1163108, 46.0994355], [9.1164497, 46.0993273], [9.1166872, 46.0992101], [9.1168987, 46.0990479], [9.1169342, 46.0990073], [9.117013, 46.0988183], [9.1174621, 46.0985748], [9.1177893, 46.0983229], [9.1178254, 46.0983134], [9.1179868, 46.0981693], [9.1182271, 46.0978855], [9.1183415, 46.0976784], [9.1184653, 46.0973453], [9.1184989, 46.0971562], [9.1185093, 46.0967242], [9.1185782, 46.0964406], [9.1187007, 46.0962425], [9.1189089, 46.0960713], [9.1191639, 46.0958145], [9.1197062, 46.095364], [9.1198513, 46.0951658], [9.1199334, 46.0949767], [9.1199508, 46.0948057], [9.119892, 46.0945088], [9.1196386, 46.0939825], [9.1196222, 46.0939015], [9.1196398, 46.0938115], [9.1196946, 46.0937305], [9.1197765, 46.0934559], [9.1199989, 46.0931361], [9.1200035, 46.0930191], [9.1199661, 46.0928797], [9.1198817, 46.0927628], [9.1197668, 46.0926909], [9.1195532, 46.0926191], [9.119456, 46.0925337], [9.1194153, 46.0924438], [9.1194217, 46.0923807], [9.11947, 46.0923177], [9.1198008, 46.0919799], [9.1201215, 46.0914665], [9.1203698, 46.0911603], [9.1204309, 46.0909982], [9.1204756, 46.0907461], [9.1204414, 46.0906202], [9.120409, 46.0905752], [9.1201903, 46.0903864], [9.1200316, 46.0902876], [9.1196027, 46.0900766], [9.1194131, 46.0899238], [9.1192478, 46.0897394], [9.1192376, 46.0895144], [9.1194419, 46.0890282], [9.1195045, 46.0887897], [9.1194735, 46.0886502], [9.1193826, 46.0885108], [9.1191832, 46.088268], [9.1191215, 46.0881555], [9.1190841, 46.0880296], [9.1190936, 46.0879261], [9.1191273, 46.087836], [9.1192047, 46.087728], [9.1192531, 46.0876739], [9.1194453, 46.0875657], [9.1198733, 46.0873583], [9.1200235, 46.0872996], [9.1203726, 46.0872137], [9.1206474, 46.0871999], [9.1212974, 46.0872353], [9.1214445, 46.0872216], [9.1215543, 46.087136], [9.1217978, 46.0868657], [9.1218785, 46.0867711], [9.1223661, 46.0864601], [9.1227036, 46.0862798], [9.1229297, 46.0861805], [9.1232058, 46.0860227], [9.1236147, 46.0859278], [9.1237844, 46.0859231], [9.1240335, 46.0859678], [9.124692, 46.0861696], [9.1247971, 46.086183], [9.1249976, 46.0861738], [9.125206, 46.0861286], [9.1252852, 46.086097], [9.1254079, 46.0860338], [9.1255677, 46.0859167], [9.1257341, 46.0858535], [9.1260057, 46.0858442], [9.1261948, 46.085817], [9.1270026, 46.0855776], [9.127384, 46.0854872], [9.127662, 46.0854463], [9.1281114, 46.0854233], [9.1283345, 46.0854276], [9.1285609, 46.0854588], [9.1286757, 46.0854587], [9.1287436, 46.0854316], [9.128792, 46.0853911], [9.1288435, 46.085292], [9.1288138, 46.0850311], [9.1288201, 46.0849455], [9.1288634, 46.0848285], [9.1289602, 46.0847204], [9.1291491, 46.0846212], [9.1292348, 46.0845986], [9.1293301, 46.0845895], [9.1296503, 46.0846071], [9.1300253, 46.0845977], [9.1302468, 46.0845839], [9.1306542, 46.0845925], [9.130984, 46.0845786], [9.1314271, 46.0846276], [9.1318506, 46.0845956], [9.1319508, 46.0845685], [9.1320363, 46.0844784], [9.1320894, 46.0843613], [9.1321032, 46.0840733], [9.1320884, 46.0839743], [9.1320608, 46.0839158], [9.1318227, 46.0837046], [9.1317318, 46.0835607], [9.1315859, 46.0833854], [9.1315419, 46.0832594], [9.1315691, 46.0831469], [9.1316046, 46.0830929], [9.1316853, 46.0830298], [9.131787, 46.0829892], [9.1318985, 46.0829665], [9.1324693, 46.0830064], [9.1327085, 46.0829836], [9.1329587, 46.0828303], [9.1331958, 46.0825645], [9.1332715, 46.0824609], [9.1333374, 46.0822854], [9.1334567, 46.0821547], [9.133539, 46.0821006], [9.1338169, 46.0820463], [9.1339833, 46.0819786], [9.1342465, 46.0818433], [9.1344013, 46.0816946], [9.1344966, 46.081663], [9.134634, 46.0816313], [9.1351287, 46.0816578], [9.1352968, 46.0816486], [9.1353646, 46.081599], [9.13554, 46.0812703], [9.1356239, 46.0811712], [9.1357869, 46.081072], [9.1361634, 46.0810085], [9.1366176, 46.0809585], [9.1371883, 46.0809938], [9.1375422, 46.0809259], [9.1379008, 46.0808175], [9.1385662, 46.0805241], [9.1387308, 46.0804115], [9.138792, 46.0803439], [9.1391877, 46.0801679], [9.1393392, 46.0800102], [9.1393308, 46.0798707], [9.1392625, 46.0797313], [9.1392429, 46.0796368], [9.139267, 46.0795603], [9.1393637, 46.0794657], [9.1394589, 46.0793846], [9.1394666, 46.0792181], [9.1393854, 46.0790966], [9.1393071, 46.0788177], [9.1390975, 46.0783725], [9.138945, 46.0781747], [9.1389077, 46.0780982], [9.1389044, 46.0780712], [9.1390011, 46.0779586], [9.139114, 46.0778595], [9.1392158, 46.0778368], [9.1393659, 46.0777602], [9.1395175, 46.0776205], [9.1396579, 46.0775348], [9.1398579, 46.0773591], [9.14011, 46.0773183], [9.1406799, 46.0770386], [9.1410417, 46.0769031], [9.1412437, 46.0768624], [9.1417883, 46.0767942], [9.142016, 46.0767309], [9.1422307, 46.0766091], [9.1425744, 46.0763432], [9.1426452, 46.0762396], [9.142645, 46.0761766], [9.1425883, 46.0760912], [9.1424424, 46.0759654], [9.142384, 46.0758529], [9.1423594, 46.075718], [9.1423554, 46.075421], [9.1424658, 46.0749843], [9.1427397, 46.0746555], [9.1428609, 46.0746148], [9.1431113, 46.074565], [9.1435278, 46.0743485], [9.1439427, 46.074159], [9.1441188, 46.0741273], [9.1443645, 46.0741135], [9.1446423, 46.0740456], [9.1450622, 46.0739011], [9.1451106, 46.073856], [9.1451427, 46.073766], [9.1451179, 46.073568], [9.1451308, 46.0735365], [9.145205, 46.0734734], [9.1454196, 46.0733516], [9.145909, 46.0731755], [9.146072, 46.0730988], [9.1461198, 46.0728467], [9.1460628, 46.0726578], [9.1459686, 46.0724959], [9.1456022, 46.0720644], [9.1455177, 46.0719115], [9.1454931, 46.0717585], [9.1455186, 46.0716415], [9.1456765, 46.0714568], [9.1457489, 46.0713172], [9.1457649, 46.0712632], [9.1457403, 46.0711147], [9.1457498, 46.0710562], [9.145956, 46.0707814], [9.1461206, 46.0706822], [9.1466343, 46.070551], [9.1467521, 46.0704969], [9.1467973, 46.0704653], [9.1468875, 46.0703437], [9.1470017, 46.0701231], [9.1470629, 46.0700555], [9.147142, 46.0700104], [9.1472808, 46.0699562], [9.1476442, 46.0698567], [9.1480705, 46.0696807], [9.1481057, 46.0695636], [9.1481476, 46.0695006], [9.1482928, 46.0693969], [9.1483461, 46.0693788], [9.148388, 46.0693428], [9.1484073, 46.0692933], [9.148381, 46.0691358], [9.1482884, 46.0689694], [9.1481781, 46.068821], [9.1477744, 46.0683716], [9.1475879, 46.0681153], [9.1475277, 46.0679804], [9.1474604, 46.0675845], [9.1472657, 46.0672877], [9.1472559, 46.0672427], [9.1472895, 46.0671482], [9.1475553, 46.0668148], [9.1477357, 46.0665851], [9.1478628, 46.0663644], [9.147911, 46.0662474], [9.1479092, 46.0661664], [9.1478094, 46.065712], [9.1477979, 46.0656355], [9.1478505, 46.0653834], [9.1478465, 46.0650684], [9.1478361, 46.0648255], [9.1478796, 46.0641549], [9.147855, 46.0640289], [9.1477724, 46.0639615], [9.1476738, 46.0639617], [9.1475525, 46.0639258], [9.1474101, 46.063872], [9.147368, 46.0638361], [9.147321, 46.0637866], [9.1472803, 46.0636697], [9.1472945, 46.0635256], [9.1473827, 46.06326], [9.1474017, 46.0631385], [9.14739, 46.062999], [9.1473216, 46.0627741], [9.1472405, 46.0626617], [9.1471222, 46.0625674], [9.1469379, 46.0625406], [9.146836, 46.0625047], [9.1467729, 46.0624598], [9.1466967, 46.0623699], [9.1466463, 46.0622755], [9.1466411, 46.062145], [9.1467518, 46.0618253], [9.1467466, 46.0616903], [9.1466716, 46.0614339], [9.1466697, 46.0613169], [9.1466289, 46.061164], [9.1465991, 46.060921], [9.1465648, 46.0607906], [9.146443, 46.0605342], [9.1464347, 46.0604622], [9.1464414, 46.0599537], [9.1464116, 46.0596702], [9.1464399, 46.0593642], [9.1463956, 46.0591348], [9.1463395, 46.0586893], [9.1462293, 46.05855], [9.1461935, 46.0584735], [9.1461704, 46.058298], [9.1461664, 46.057983], [9.1462062, 46.0577805], [9.1461769, 46.057074], [9.14625, 46.0565879], [9.1462362, 46.0562684], [9.1461389, 46.0561426], [9.1458118, 46.0559], [9.1455934, 46.0557697], [9.1450562, 46.0555229], [9.1447828, 46.0553793], [9.144624, 46.0552355], [9.1445802, 46.0551365], [9.144588, 46.0550555], [9.1446749, 46.0549159], [9.1447523, 46.0548483], [9.1449701, 46.054713], [9.1453317, 46.0545866], [9.1457724, 46.054397], [9.1462596, 46.0540994], [9.1464385, 46.0539462], [9.1465173, 46.0537931], [9.1465185, 46.0536535], [9.1463705, 46.0532802], [9.1465248, 46.052947], [9.1465342, 46.052848], [9.1465163, 46.0528075], [9.1463122, 46.0525963], [9.1459067, 46.0520388], [9.1458223, 46.0518814], [9.1457994, 46.0517824], [9.1458084, 46.0514989], [9.1457704, 46.0511795], [9.1457944, 46.0511029], [9.1457826, 46.050905], [9.1455586, 46.0505272], [9.1455439, 46.0504643], [9.1455543, 46.0501312], [9.1454838, 46.0497083], [9.1455079, 46.0496633], [9.1455675, 46.0496182], [9.1456418, 46.0495911], [9.1457985, 46.0495684], [9.1458533, 46.0495369], [9.1459951, 46.0493972], [9.1460354, 46.0493341], [9.1460561, 46.0492486], [9.1460073, 46.0491047], [9.1454071, 46.0488084], [9.1451203, 46.0485163], [9.1449109, 46.0481475], [9.144873, 46.0478281], [9.1448193, 46.0477021], [9.1447285, 46.0475718], [9.1445179, 46.0473605], [9.1441117, 46.0470955], [9.1439578, 46.0469427], [9.1437082, 46.046655], [9.1435493, 46.0464077], [9.1434307, 46.0461559], [9.1432945, 46.0459895], [9.1429289, 46.045783], [9.1427184, 46.0455943], [9.1425013, 46.045356], [9.1422341, 46.0451269], [9.142213, 46.0450864], [9.1422191, 46.0449334], [9.1421832, 46.0448254], [9.1419807, 46.0445782], [9.1418606, 46.0443623], [9.1417376, 46.0442815], [9.1414191, 46.0441919], [9.1412218, 46.0441066], [9.1411036, 46.0440032], [9.1409478, 46.0437559], [9.1408779, 46.0435625], [9.1407716, 46.0430721], [9.1407418, 46.0427568], [9.1407002, 46.0423162], [9.1406936, 46.0415962], [9.1407668, 46.0411641], [9.1407894, 46.0405431], [9.1407779, 46.0404351], [9.1408573, 46.0398995], [9.1408844, 46.0391504], [9.1409587, 46.037925], [9.1409104, 46.0372939], [9.1407536, 46.0365876], [9.1407033, 46.0364931], [9.1406335, 46.0363852], [9.1401606, 46.0358863], [9.1398821, 46.0356211], [9.1389128, 46.0349203], [9.1383724, 46.03457], [9.1381492, 46.0344532], [9.1377515, 46.0343277], [9.1376803, 46.0342918], [9.1375123, 46.0342515], [9.1366429, 46.034122], [9.1357718, 46.0339386], [9.1346806, 46.0335438], [9.1343329, 46.0333777], [9.1340125, 46.0331261], [9.1338085, 46.0329374], [9.1334769, 46.0326018], [9.1329814, 46.0321074], [9.1324416, 46.0316761], [9.1321026, 46.0315038], [9.1317097, 46.0313378], [9.1312828, 46.0311087], [9.1310225, 46.03101], [9.1308738, 46.0309652], [9.1302561, 46.03087], [9.1296401, 46.0306997], [9.1290543, 46.0306298], [9.1285226, 46.0304909], [9.1280007, 46.0304105], [9.1275159, 46.030312], [9.1271239, 46.0302714], [9.125798, 46.0301299], [9.1251854, 46.0300756], [9.1247127, 46.0300064], [9.1242113, 46.0299329], [9.123669, 46.0298528]]}, "properties": {"corpo_id": "cuccio", "nome": "Torrente Cuccio", "osm_type": "relation", "osm_id": 3714983, "specie_attesa": "linea"}}, {"type": "Feature", "geometry": {"type": "LineString", "coordinates": [[9.120935, 46.0330714], [9.1215647, 46.0342441], [9.1219975, 46.0349367], [9.1222403, 46.035265], [9.1224734, 46.0356247], [9.1227446, 46.0360159], [9.1229927, 46.0364341], [9.123152, 46.0369595], [9.1231767, 46.0371179], [9.1231536, 46.037604], [9.1230744, 46.0383105], [9.1229669, 46.0386662], [9.1226868, 46.0391559], [9.1224143, 46.0394974], [9.1223428, 46.0396889], [9.1223637, 46.0398143], [9.1223816, 46.0398818], [9.1225388, 46.0401202], [9.1225341, 46.0402012], [9.1225293, 46.0402748], [9.1225277, 46.0402986], [9.1226106, 46.040537], [9.1228113, 46.0407078], [9.1229843, 46.0407751], [9.1235452, 46.040896], [9.1239624, 46.0410935], [9.1240772, 46.0411249], [9.1242745, 46.0412507], [9.1242956, 46.0412822], [9.1243007, 46.0413902], [9.1242222, 46.0416918], [9.1241611, 46.0417953], [9.124003, 46.0419305], [9.1237948, 46.0419892], [9.1237431, 46.0419848], [9.1234941, 46.041904], [9.1233099, 46.0418862], [9.1231435, 46.0418999], [9.1229966, 46.0419271], [9.1229289, 46.042016], [9.1229035, 46.0421037], [9.1227997, 46.0421093], [9.1227051, 46.0420737], [9.1224469, 46.042045], [9.1219922, 46.0421487], [9.1217943, 46.0423121], [9.1217434, 46.0424524], [9.1216335, 46.0426067], [9.1210637, 46.0426446], [9.1207088, 46.0426663], [9.1201253, 46.0425819], [9.1199574, 46.0426318], [9.1199516, 46.0426468], [9.1197922, 46.0428432], [9.1197681, 46.0430202], [9.1195613, 46.0431142], [9.1193112, 46.0432585], [9.1192516, 46.0433171], [9.1192227, 46.0434206], [9.1192619, 46.043605], [9.1192218, 46.0437356], [9.1191428, 46.0438122], [9.1190331, 46.0438843], [9.1189041, 46.0440284], [9.1187556, 46.0440871], [9.1186637, 46.0441637], [9.1186058, 46.0442717], [9.11859, 46.0444473], [9.118553, 46.0445328], [9.1184353, 46.0446184], [9.1181608, 46.0447177], [9.1180479, 46.0447808], [9.1179737, 46.0448259], [9.1178253, 46.0449611], [9.1176316, 46.0450468], [9.1175188, 46.0451594], [9.1175011, 46.0452179], [9.1175665, 46.0455778], [9.1175377, 46.0456994], [9.1175038, 46.0457354], [9.1173698, 46.045776], [9.1173134, 46.0458436], [9.1172877, 46.0459246], [9.1172055, 46.0460147], [9.117141, 46.0460508], [9.1169731, 46.0461049], [9.1169457, 46.046141], [9.1169458, 46.046177], [9.1169961, 46.0462849], [9.1170544, 46.0463569], [9.1170739, 46.0464243], [9.1170547, 46.0465189], [9.1170016, 46.0466089], [9.1167175, 46.0467442], [9.1164349, 46.0467895], [9.1163284, 46.0468391], [9.1162138, 46.0469292], [9.1159173, 46.0470602], [9.1158065, 46.0471566], [9.1157919, 46.0472122], [9.1158247, 46.0472709], [9.1158948, 46.047339], [9.1159369, 46.047393], [9.1159419, 46.0474605], [9.1158629, 46.0475506], [9.1157452, 46.0476362], [9.1156713, 46.0478568], [9.1154745, 46.0480055], [9.1154116, 46.0480865], [9.1153507, 46.0482936], [9.1153737, 46.0484961], [9.1153578, 46.0485906], [9.1152419, 46.0488202], [9.1151859, 46.0490633], [9.1151262, 46.0491443], [9.1150585, 46.0491984], [9.1149213, 46.049257], [9.1148729, 46.0493066], [9.1147893, 46.0495182], [9.1147088, 46.0496443], [9.1146945, 46.0497748], [9.1146672, 46.0498423], [9.1144867, 46.0500405], [9.1143657, 46.0501306], [9.1143238, 46.0502072], [9.1143352, 46.0502611], [9.1144469, 46.05036], [9.1144988, 46.050432], [9.1145313, 46.05054], [9.1145267, 46.0506435], [9.1144111, 46.0510036], [9.1144166, 46.0513231], [9.1144329, 46.0514176], [9.1145158, 46.051629], [9.1145405, 46.0518585], [9.1145796, 46.0520024], [9.1147754, 46.0521597], [9.1149103, 46.0525421], [9.1150237, 46.052686], [9.1151645, 46.0527983], [9.1153327, 46.0528792], [9.115475, 46.052924], [9.1156625, 46.0529598], [9.1159083, 46.0530496], [9.115986, 46.0530945], [9.1161092, 46.0533149], [9.1160705, 46.0533374], [9.1161485, 46.0535489], [9.1162684, 46.0537062], [9.1166776, 46.0539128], [9.1169557, 46.0539755], [9.1170787, 46.0540609], [9.1171127, 46.0541149], [9.117134, 46.0542319], [9.1170717, 46.0545829], [9.1170266, 46.054655], [9.1167701, 46.0548352], [9.1167089, 46.0549511], [9.1166751, 46.0550153], [9.1166494, 46.0550739], [9.1166577, 46.0551729], [9.1167681, 46.0554247], [9.1167765, 46.0555642], [9.1167185, 46.0556723], [9.1166443, 46.0557354], [9.1165071, 46.055803], [9.1163877, 46.0558841], [9.1162537, 46.0559248], [9.1161504, 46.0560014], [9.1160391, 46.0560825], [9.1160021, 46.0561545], [9.1160203, 46.0563885], [9.1160937, 46.0567214], [9.1160955, 46.0568159], [9.116041, 46.057023], [9.1160415, 46.0572615], [9.1160062, 46.0573695], [9.1160474, 46.0577565], [9.1160512, 46.05804], [9.1161731, 46.0583504], [9.1161813, 46.0584179], [9.1161318, 46.0586789], [9.1161658, 46.0587374], [9.1161854, 46.0588319], [9.116179, 46.0588634], [9.1161081, 46.0589489], [9.1160112, 46.0589895], [9.1158739, 46.0590122], [9.115819, 46.0590392], [9.1157529, 46.0591023], [9.1157385, 46.0591788], [9.1157758, 46.0592598], [9.115776, 46.0593183], [9.1157425, 46.0595253], [9.1155943, 46.059773], [9.1155511, 46.0599755], [9.1156566, 46.0602094], [9.1156489, 46.0603714], [9.1156961, 46.0605559], [9.1157593, 46.0606188], [9.1158693, 46.0606682], [9.1159178, 46.0607087], [9.115965, 46.0608346], [9.1160427, 46.060929], [9.116046, 46.060956], [9.1159849, 46.0611001], [9.1159739, 46.0612666], [9.1159402, 46.0613521], [9.1158709, 46.0614287], [9.1158372, 46.0615502], [9.1157146, 46.0616719], [9.115634, 46.061789], [9.1156245, 46.0618745], [9.1156683, 46.0619509], [9.1157914, 46.0620678], [9.1158191, 46.0621848], [9.1157888, 46.0623603], [9.1158359, 46.0624818], [9.1157296, 46.0626889], [9.1157249, 46.0627564], [9.1158335, 46.0628823], [9.1161506, 46.0630709], [9.1162316, 46.0631474], [9.116391, 46.0636152], [9.1163705, 46.0638852], [9.1162673, 46.0640113], [9.1161349, 46.064052], [9.1160073, 46.0640746], [9.1159087, 46.0640747], [9.1155579, 46.064039], [9.1153705, 46.0640752], [9.1151881, 46.0641699], [9.1151397, 46.0642285], [9.1151254, 46.064323], [9.1151744, 46.0645704], [9.1152011, 46.0647878], [9.1151559, 46.0648848], [9.1150268, 46.065076], [9.1148984, 46.0651322], [9.1146894, 46.0652864], [9.11462, 46.065318], [9.1144734, 46.0655791], [9.1143815, 46.0656827], [9.1142911, 46.0657503], [9.1141942, 46.0657864], [9.1140474, 46.0659171], [9.1139635, 46.0659667], [9.1138636, 46.0661018], [9.11372, 46.0662234], [9.1136797, 46.0662999], [9.1136349, 46.066498], [9.1135527, 46.0666151], [9.113527, 46.0666781], [9.1135226, 46.0668986], [9.1134807, 46.0669571], [9.1134161, 46.0669797], [9.1131608, 46.067007], [9.1129475, 46.0670747], [9.1126683, 46.0672549], [9.1122535, 46.0675614], [9.1121002, 46.0676425], [9.1118821, 46.0677282], [9.1118241, 46.0678003], [9.1117402, 46.0678634], [9.1113735, 46.0679672], [9.1112702, 46.0680393], [9.1112335, 46.0682509], [9.1112386, 46.0683949], [9.1112, 46.0684759], [9.1111483, 46.0685119], [9.1109722, 46.0685616], [9.1107462, 46.0686698], [9.1104798, 46.0688276], [9.1101309, 46.0689359], [9.1100001, 46.0689991], [9.1099194, 46.0690576], [9.1097808, 46.0692468], [9.1097614, 46.0692378], [9.1097291, 46.0692828], [9.1096872, 46.0693054], [9.1095952, 46.0693774], [9.1093513, 46.0694902], [9.1090721, 46.0696659], [9.1086666, 46.0697788], [9.1084777, 46.069896], [9.1083324, 46.0699591], [9.1082081, 46.0700538], [9.1080952, 46.0702069], [9.1079842, 46.070441], [9.1079261, 46.070522], [9.1077631, 46.0706257], [9.1076308, 46.0707743], [9.1075065, 46.0708464], [9.1072884, 46.0709141], [9.1070363, 46.0708964], [9.1068164, 46.0709011], [9.1066759, 46.0709642], [9.1066308, 46.0710048], [9.1065179, 46.0711579], [9.1064519, 46.0713154], [9.106354, 46.0716575], [9.1062333, 46.0719411], [9.1061656, 46.0720132], [9.1060999, 46.0720552], [9.1060251, 46.0720763], [9.1059071, 46.0720809], [9.1056857, 46.0721171], [9.1055144, 46.0721218], [9.1052492, 46.0720905], [9.1051797, 46.0720681], [9.1049094, 46.0718793], [9.1046587, 46.0718256], [9.1043839, 46.0718078], [9.1042788, 46.0717854], [9.1041591, 46.071745], [9.1038888, 46.0715608], [9.1037578, 46.0715204], [9.1035962, 46.0715385], [9.1033781, 46.0715972], [9.1032311, 46.0716199], [9.1027591, 46.0716023], [9.1025553, 46.071562], [9.1021947, 46.0714453], [9.1017032, 46.0714007], [9.1011348, 46.0713493], [9.1003932, 46.0715428], [9.0999285, 46.0716288], [9.0987813, 46.071841], [9.0985342, 46.0717725], [9.0983112, 46.0717817], [9.0981996, 46.0717593], [9.0981835, 46.0717773], [9.0979667, 46.07171], [9.0977337, 46.0715572], [9.0975977, 46.0714043], [9.0974761, 46.0712154], [9.0974307, 46.0711029], [9.0972671, 46.0709186], [9.0971425, 46.0708287], [9.0969419, 46.0707523], [9.0967689, 46.0707255], [9.0965653, 46.0707347], [9.0962468, 46.0707169], [9.0960012, 46.0707666], [9.0958153, 46.0707578], [9.0957328, 46.0707354], [9.0953915, 46.0705781], [9.0950085, 46.070574], [9.0948452, 46.0705561], [9.0946576, 46.0705203], [9.0944588, 46.0705024], [9.093754, 46.070467], [9.0934841, 46.0704672], [9.0933725, 46.0704538], [9.0932196, 46.0704577], [9.0928198, 46.0704678], [9.0927211, 46.0704588], [9.0925368, 46.0704005], [9.0922749, 46.0703962], [9.0921472, 46.0703738], [9.0918884, 46.070275], [9.0917444, 46.0701581], [9.0916199, 46.0701177], [9.0913321, 46.0700729], [9.0912269, 46.070028], [9.0911088, 46.0699426], [9.0909745, 46.0698797], [9.0909228, 46.0698618], [9.0906738, 46.0698305], [9.090559, 46.0697631], [9.0904894, 46.0697406], [9.0901726, 46.0697139], [9.0897977, 46.0697457], [9.0894614, 46.0697099], [9.0884641, 46.0696972], [9.0876849, 46.0696123], [9.0870319, 46.0695948], [9.0867829, 46.069559], [9.0865565, 46.0694691], [9.0863738, 46.0694153], [9.0861797, 46.0693479], [9.0858432, 46.0691637], [9.085447, 46.069002], [9.0850733, 46.0688088], [9.0846577, 46.0686471], [9.08453, 46.0686112], [9.0840997, 46.068391], [9.083459, 46.0679234], [9.0830255, 46.0677122], [9.0827909, 46.0675639], [9.0826064, 46.067384], [9.0823941, 46.0670242], [9.0821367, 46.0667454], [9.0819587, 46.0665835], [9.081727, 46.0661472], [9.0815407, 46.0658638], [9.0814387, 46.0657604], [9.0814034, 46.0657316], [9.0813836, 46.0657081], [9.0811282, 46.0654856]]}, "properties": {"corpo_id": "rezzo", "nome": "Torrente Rezzo", "osm_type": "way", "osm_id": 56676363, "specie_attesa": "linea", "osm_ids": [56676363, 91803779, 1436650551, 1436650552]}}, {"type": "Feature", "geometry": {"type": "LineString", "coordinates": [[9.0266897, 46.05162], [9.0263535, 46.051377], [9.0259042, 46.0510891], [9.0253903, 46.0508598], [9.0249474, 46.0506034], [9.0248117, 46.0505494], [9.0245839, 46.0504864], [9.0243479, 46.050374], [9.0241858, 46.0502719], [9.0231762, 46.0496362], [9.0228998, 46.0493168], [9.0228431, 46.0491143], [9.0227283, 46.0488938], [9.0225068, 46.0483808], [9.0222191, 46.0480839], [9.0220686, 46.0475349], [9.0220184, 46.0472199], [9.0219068, 46.0469229], [9.0217047, 46.0466845], [9.0215204, 46.046293], [9.0215009, 46.0461355], [9.0215202, 46.045852], [9.0216478, 46.0456855], [9.0218222, 46.0455459], [9.0219547, 46.0454739], [9.0223521, 46.0453343], [9.0224296, 46.0452578], [9.0224893, 46.0451588], [9.0225539, 46.0449788], [9.0225635, 46.0448483], [9.0225473, 46.0447898], [9.0224536, 46.0446323], [9.0224293, 46.0445513], [9.0224303, 46.0445295], [9.0224357, 46.0444163], [9.0225115, 46.0441193], [9.0224888, 46.0438673], [9.022416, 46.0436648], [9.0223853, 46.0434848], [9.0222785, 46.0432598], [9.0222623, 46.0431383], [9.0222203, 46.0430213], [9.0221492, 46.0429223], [9.0220587, 46.0428638], [9.0220167, 46.0428504], [9.0219052, 46.0427469], [9.0218922, 46.0427154], [9.0219713, 46.0424544], [9.0220035, 46.0422744], [9.0221391, 46.0420403], [9.0221326, 46.0419233], [9.0221778, 46.0417478], [9.0221163, 46.0416038], [9.0220936, 46.0413698], [9.0220597, 46.0412978], [9.0218932, 46.0411944], [9.0217704, 46.0410954], [9.0217381, 46.0410234], [9.0217445, 46.0408929], [9.0215796, 46.0406769], [9.0215279, 46.0405689], [9.0214741, 46.0402796], [9.0213516, 46.0400289], [9.0213143, 46.0397095], [9.0213167, 46.0395544], [9.0211578, 46.039454], [9.0210509, 46.0393945], [9.0210573, 46.039327], [9.0212411, 46.0392285], [9.021342, 46.0389698], [9.0213487, 46.0388263], [9.0215043, 46.0385709], [9.0216219, 46.0384549], [9.0217605, 46.0383594], [9.0217986, 46.0382295], [9.0215662, 46.0379203], [9.0215852, 46.0378526], [9.0216097, 46.0377651], [9.0217757, 46.0374961], [9.0219109, 46.0372194], [9.022142, 46.0369913], [9.0222098, 46.0369282], [9.022494, 46.0367707], [9.0228688, 46.0366806], [9.0231952, 46.0365871], [9.0233598, 46.036626], [9.0235464, 46.0366284], [9.023766, 46.0365466], [9.0239542, 46.0364974], [9.0241801, 46.0365132], [9.0243849, 46.0365063], [9.0246304, 46.0365391], [9.0248947, 46.0365832], [9.0251061, 46.0366289], [9.0253462, 46.0366381], [9.025533, 46.0365661], [9.0258519, 46.0365687], [9.026004, 46.0366721], [9.026092, 46.0367452], [9.0262417, 46.0367594], [9.0263859, 46.0367557], [9.026601, 46.0368009], [9.0268735, 46.0367768], [9.0270502, 46.0367997], [9.0272056, 46.0368776], [9.0273441, 46.0369913], [9.027528, 46.0370703], [9.0277199, 46.0371611], [9.0278542, 46.0372506], [9.0279349, 46.0373815], [9.0280835, 46.037431], [9.0284858, 46.0375209], [9.028809, 46.0376907], [9.0288283, 46.0377008], [9.0290125, 46.0377638], [9.0292468, 46.0377997], [9.0296118, 46.0378131], [9.0301094, 46.0377995], [9.0304276, 46.0377724], [9.0306925, 46.0377723], [9.0309268, 46.0377948], [9.0309849, 46.0378185], [9.0314938, 46.0379161], [9.0317814, 46.0380375], [9.0318574, 46.0380555], [9.0324002, 46.0381004], [9.032657, 46.0381498], [9.032754, 46.0381948], [9.0330061, 46.0384422], [9.0333067, 46.0385456], [9.0335135, 46.0385815], [9.0338043, 46.038658], [9.0339949, 46.0386759], [9.0341629, 46.0386894], [9.0343745, 46.0386353], [9.0344359, 46.0386038], [9.0346166, 46.0383427], [9.0347684, 46.0381942], [9.0350267, 46.0380141], [9.0355338, 46.0378024], [9.035705, 46.0377079], [9.0359392, 46.0376493], [9.036658, 46.0376266], [9.0367969, 46.0375725], [9.0368905, 46.037478], [9.037081, 46.0371944], [9.0371294, 46.0371494], [9.0372327, 46.0370954], [9.0373038, 46.0370774], [9.0375203, 46.0370728], [9.0376818, 46.0370952], [9.0380453, 46.0371761], [9.0381729, 46.0371671], [9.0382973, 46.037131], [9.03842, 46.03705], [9.0385911, 46.0368294], [9.0387283, 46.0367574], [9.0388123, 46.0367349], [9.0388801, 46.0366898], [9.0389334, 46.0365683], [9.0389397, 46.0363928], [9.0390026, 46.0362848], [9.0390688, 46.0362173], [9.0393497, 46.0360012], [9.0394208, 46.0359651], [9.0396695, 46.0359201], [9.039915, 46.0359155], [9.0400458, 46.0358794], [9.0401137, 46.0358434], [9.040217, 46.0357399], [9.0404154, 46.0353708], [9.0404525, 46.0353348], [9.0405801, 46.0352717], [9.0407981, 46.0351997], [9.0408934, 46.0351861], [9.0410081, 46.0351906], [9.0412956, 46.0352715], [9.0414491, 46.0352579], [9.0415266, 46.0352174], [9.0418624, 46.0349698], [9.0420045, 46.0348977], [9.0421482, 46.0348617], [9.0425084, 46.0348255], [9.0428911, 46.0346589], [9.0430187, 46.0346228], [9.0431011, 46.0346183], [9.0437375, 46.0346766], [9.0440121, 46.0345955], [9.0441816, 46.0345549], [9.0442382, 46.0345549], [9.0444482, 46.0346088], [9.0447003, 46.0347212], [9.0450008, 46.0347976], [9.0455904, 46.0348829], [9.045941, 46.0349007], [9.046109, 46.0348871], [9.0463334, 46.0348151], [9.046758, 46.0345764], [9.0469098, 46.0345088], [9.0471618, 46.0344637], [9.0473427, 46.0344501], [9.0477546, 46.0344545], [9.0479436, 46.0344814], [9.0480405, 46.0344814], [9.0483811, 46.0342697], [9.0485555, 46.0341346], [9.0486668, 46.0339816], [9.0488006, 46.03368], [9.0489974, 46.0334324], [9.0490474, 46.0333199], [9.0490522, 46.0332119], [9.0489938, 46.0329554], [9.0487265, 46.032096], [9.0487619, 46.031916], [9.0488071, 46.0318485], [9.0496223, 46.0313891], [9.0499759, 46.031218], [9.0501616, 46.0311504], [9.0503215, 46.0311323], [9.0506074, 46.0311277], [9.0509239, 46.0310736], [9.0514505, 46.0311048], [9.0519043, 46.0310551], [9.0529445, 46.0310412], [9.053072, 46.0310051], [9.0534579, 46.0308204], [9.0535952, 46.0307978], [9.0537955, 46.0308068], [9.0539392, 46.0307752], [9.0540376, 46.0306626], [9.0540617, 46.0305366], [9.0539532, 46.0302487], [9.0539547, 46.0301767], [9.0540273, 46.0300596], [9.0542613, 46.029875], [9.0543532, 46.0297175], [9.0544241, 46.0295419], [9.0545177, 46.0294204], [9.0546904, 46.0292898], [9.054776, 46.0292583], [9.0548987, 46.0292222], [9.0554671, 46.0291139], [9.0555527, 46.0290914], [9.0556721, 46.0290328], [9.0557528, 46.0289473], [9.0558205, 46.0287943], [9.055935, 46.0286052], [9.0560027, 46.0285422], [9.0562933, 46.0283575], [9.0568082, 46.0280963], [9.0569018, 46.0280017], [9.0569856, 46.0278487], [9.0570339, 46.0276731], [9.0571661, 46.0274076], [9.057287, 46.0272365], [9.0575322, 46.0269619], [9.0575951, 46.0268539], [9.0576112, 46.0267863], [9.0575852, 46.0266694], [9.0574833, 46.0265164], [9.0574025, 46.0264399], [9.0572797, 46.0263545], [9.0569533, 46.0261837], [9.0565995, 46.0260803], [9.056328, 46.02595], [9.0561858, 46.0259095], [9.0560582, 46.0258826], [9.0559225, 46.0258737], [9.0555172, 46.0258829], [9.0552927, 46.0258605], [9.0549631, 46.0257796], [9.0543282, 46.0255909], [9.0534043, 46.0254564], [9.0530974, 46.02538], [9.0526983, 46.0251777], [9.0523983, 46.0249514], [9.0523024, 46.0248515], [9.0516992, 46.0241326]]}, "properties": {"corpo_id": "soldo", "nome": "Torrente Soldo", "osm_type": "way", "osm_id": 56676160, "specie_attesa": "linea"}}, {"type": "Feature", "geometry": {"type": "LineString", "coordinates": [[8.8623715, 45.9298257], [8.8624262, 45.9298797], [8.8627224, 45.9300556], [8.8632604, 45.9302543], [8.8634021, 45.9303264], [8.8634585, 45.930367], [8.8635115, 45.9304391], [8.8636349, 45.9307227], [8.8637057, 45.9308128], [8.8638086, 45.9309029], [8.8641884, 45.9311869], [8.8647551, 45.9315341], [8.8648823, 45.9315882], [8.8651094, 45.9316483], [8.8653238, 45.9317148], [8.8656781, 45.9318727], [8.8662047, 45.9321478], [8.8669341, 45.9325717], [8.8670884, 45.9327609], [8.867312, 45.9329771], [8.8675341, 45.9331484], [8.8677547, 45.9332792], [8.8679622, 45.9334774], [8.8682085, 45.9336352], [8.8683662, 45.9337659], [8.8684369, 45.9338785], [8.8684345, 45.934198], [8.8685194, 45.9344321], [8.8685966, 45.9345312], [8.8690423, 45.9349142], [8.8693562, 45.9351306], [8.8695843, 45.9354505], [8.8697802, 45.9358241], [8.8700214, 45.9361349], [8.8701818, 45.9364995], [8.8703826, 45.9368238], [8.870522, 45.937175], [8.8705992, 45.9372515], [8.8707087, 45.9373192], [8.8710277, 45.937459], [8.8711581, 45.9375537], [8.8712127, 45.9376213], [8.8712592, 45.9377473], [8.8712638, 45.9378688], [8.8712003, 45.9381208], [8.8710559, 45.9384896], [8.8710728, 45.9388451], [8.8711385, 45.9390522], [8.8712685, 45.9392819], [8.8714905, 45.9395529], [8.8715194, 45.9395882], [8.8715934, 45.9396647], [8.8716757, 45.9397135], [8.8718575, 45.939791], [8.8725585, 45.9400303], [8.8730223, 45.9402964], [8.8732414, 45.9403686], [8.8733527, 45.9403732], [8.8736285, 45.9403375], [8.8739333, 45.9403244], [8.8740413, 45.9403515], [8.874233, 45.9404282], [8.8743891, 45.9405409], [8.8745197, 45.940577], [8.8746541, 45.9405889], [8.8748405, 45.9405614], [8.8748858, 45.940553], [8.875025, 45.940493], [8.8751989, 45.9404158], [8.8753828, 45.940407], [8.8755924, 45.9404162], [8.8757778, 45.9404434], [8.8766239, 45.9406603], [8.877025, 45.9408363], [8.8771442, 45.9409039], [8.8777372, 45.9411115], [8.8778129, 45.9411521], [8.8780543, 45.9413684], [8.8781718, 45.941436], [8.8784651, 45.9415353], [8.8788469, 45.9416977], [8.879285, 45.9419502], [8.8794445, 45.9420269], [8.8796685, 45.9421081], [8.8799907, 45.9422615], [8.8802582, 45.9423473], [8.880869, 45.9425054], [8.8811462, 45.9425957], [8.8813605, 45.9426859], [8.8822401, 45.9431098], [8.8827782, 45.9433981], [8.8836205, 45.9438493], [8.8837574, 45.9439349], [8.884007, 45.9441287], [8.8847012, 45.9445299], [8.8848156, 45.9445705], [8.8849688, 45.9445977], [8.8852348, 45.9446204], [8.885741, 45.944693], [8.8861474, 45.9447249], [8.8862328, 45.9447429], [8.8864245, 45.9447808], [8.8867228, 45.9449185], [8.8869968, 45.9449552], [8.8871838, 45.9449914], [8.8873207, 45.9450517], [8.8875783, 45.9453023], [8.8877613, 45.9453771], [8.8882706, 45.9454631], [8.8887365, 45.9455977], [8.8891878, 45.9457279], [8.8893811, 45.9458369], [8.8894562, 45.9459098], [8.8895498, 45.9460836], [8.8896306, 45.9461551], [8.8899065, 45.9463308], [8.8902897, 45.9465823], [8.8903915, 45.9466388], [8.8904172, 45.946671], [8.8904547, 45.9467256], [8.8904986, 45.9469834], [8.8907779, 45.9472837], [8.8907048, 45.9475891], [8.8907287, 45.9476099], [8.8908045, 45.9476986], [8.89081, 45.947705], [8.8910195, 45.9480055], [8.8912852, 45.9481853], [8.8914267, 45.9482996], [8.8914589, 45.948363], [8.8915393, 45.9484115], [8.8918424, 45.9486232]]}, "properties": {"corpo_id": "trallo", "nome": "Torrente Trallo", "osm_type": "relation", "osm_id": 6485495, "specie_attesa": "linea"}}, {"type": "Feature", "properties": {"corpo_id": "telo_osteno", "nome": "Torrente Telo", "osm_type": "way", "osm_id": 195989294, "osm_ids": [195989294, 195989292], "specie_attesa": "linea"}, "geometry": {"type": "LineString", "coordinates": [[9.0851184, 46.0042644], [9.0850231, 46.0042194], [9.0849681, 46.00417], [9.0848807, 46.003963], [9.0847916, 46.0038236], [9.0846526, 46.0036797], [9.0844845, 46.0035403], [9.0843324, 46.0033199], [9.0839621, 46.0028927], [9.0836129, 46.0025825], [9.0833461, 46.0022946], [9.0828643, 46.0018225], [9.0824664, 46.0012603], [9.0823013, 46.0009859], [9.0821654, 46.000824], [9.0821057, 46.000779], [9.0818488, 46.0006667], [9.0817147, 46.0005858], [9.0816047, 46.0004194], [9.0814738, 46.0003069], [9.0814042, 46.0002125], [9.0813734, 46.0001135], [9.0813699, 45.999938], [9.0814131, 45.9996905], [9.0814968, 45.9994879], [9.0815818, 45.9990918], [9.0815895, 45.9988758], [9.0815603, 45.9987544], [9.0814907, 45.9986329], [9.0814115, 45.9985745], [9.0812565, 45.9985206], [9.0809438, 45.998508], [9.0808832, 45.9984712], [9.0808399, 45.9984336], [9.0808175, 45.9983852], [9.0808124, 45.9982865], [9.0808573, 45.9981383], [9.0809975, 45.9980257], [9.0812858, 45.9976385], [9.0813342, 45.997553], [9.0813534, 45.9974675], [9.0812981, 45.9971795], [9.0812617, 45.9965585], [9.0811272, 45.9961851], [9.0809977, 45.9959332], [9.0809249, 45.9958342], [9.0805225, 45.9955105], [9.0804141, 45.9953711], [9.0801927, 45.9951417], [9.0796028, 45.9946246], [9.0795204, 45.9945752], [9.0794251, 45.9945438], [9.0789956, 45.9944676], [9.0787695, 45.9943732], [9.078637, 45.9942698], [9.0784365, 45.9940314], [9.078317, 45.993946], [9.0782023, 45.9939191], [9.0779571, 45.9939733], [9.0778603, 45.9940093], [9.0776184, 45.994158], [9.0774844, 45.9941851], [9.0772681, 45.9941807], [9.07644, 45.9941093], [9.0762785, 45.9940644], [9.0760879, 45.9939655], [9.0757422, 45.9937362], [9.0755774, 45.9935968], [9.0754818, 45.9933539], [9.075409, 45.993273], [9.0752056, 45.9932101], [9.0749263, 45.9931608], [9.0748439, 45.9931338], [9.0747195, 45.9930529], [9.0746856, 45.9930034], [9.074637, 45.9928864], [9.0746449, 45.9927874], [9.0746964, 45.9926704], [9.0748173, 45.9925443], [9.0748398, 45.9924588], [9.0748264, 45.9921123], [9.0747956, 45.9919683], [9.0747535, 45.9918829], [9.0746744, 45.9918514], [9.0743402, 45.9918201], [9.0740029, 45.9918293], [9.0738656, 45.9918024], [9.0733699, 45.9916137], [9.0732811, 45.9916093], [9.073144, 45.9916409], [9.0731196, 45.9915599], [9.073139, 45.9915149], [9.0734034, 45.9913392], [9.0734485, 45.9912402], [9.0734323, 45.9911997], [9.0733822, 45.9911547], [9.0732837, 45.9911098], [9.0732271, 45.9910603], [9.0732303, 45.9910198], [9.0733414, 45.9908397], [9.0733365, 45.9907632], [9.0731749, 45.9906553], [9.0728504, 45.9905385], [9.0728084, 45.9905071], [9.0727938, 45.9904621], [9.0728582, 45.990318], [9.0730517, 45.9901874], [9.0732225, 45.9900253], [9.0732515, 45.9899218], [9.0732255, 45.9898408], [9.0731916, 45.9898003], [9.0730672, 45.9897149], [9.0723777, 45.9894498], [9.0720563, 45.9893105], [9.0718221, 45.9891892], [9.0716155, 45.9891488], [9.0715735, 45.9891218], [9.0714829, 45.9889689], [9.0714553, 45.9888069], [9.0713726, 45.9885639], [9.0713547, 45.9884469], [9.0713707, 45.9882804], [9.0713173, 45.988204], [9.0711719, 45.9880735], [9.0710734, 45.9880241], [9.0708183, 45.9879388], [9.0706504, 45.9879389], [9.0704713, 45.9879705], [9.0702034, 45.9879841], [9.0700226, 45.9879663], [9.0698612, 45.9878943], [9.0696737, 45.987737], [9.0695429, 45.9876785], [9.0694316, 45.9876606], [9.0694457, 45.9873726], [9.06935, 45.9869406], [9.0693255, 45.9867381], [9.0693962, 45.9865041], [9.0694252, 45.9864501], [9.0695236, 45.986378], [9.0698462, 45.9862608], [9.0699043, 45.9862248], [9.0700444, 45.9860447], [9.0703233, 45.985788], [9.0703683, 45.985644], [9.0703791, 45.985266], [9.070495, 45.9850319], [9.0705014, 45.9849689], [9.0704803, 45.9848969], [9.070351, 45.9846945], [9.0702621, 45.9846135], [9.0701958, 45.9845056], [9.0701956, 45.9843256], [9.0701551, 45.9841951], [9.0701436, 45.9840511], [9.0702014, 45.9838351], [9.0703786, 45.9835244], [9.0704653, 45.9832454], [9.0704307, 45.9826334], [9.0703578, 45.9824174], [9.0703784, 45.9820844], [9.0703572, 45.9819539], [9.0703958, 45.9818594], [9.0704796, 45.9817378], [9.0704988, 45.9816478], [9.0704615, 45.9814903], [9.0703919, 45.9813284], [9.0703705, 45.9810089], [9.0703946, 45.9809279], [9.0705669, 45.9806038], [9.070502, 45.9803068], [9.0704454, 45.9802303], [9.0701789, 45.9800145], [9.069864, 45.9798302], [9.0697558, 45.9797897], [9.0696767, 45.9797538], [9.069441, 45.9797224], [9.0693151, 45.9796775], [9.0692392, 45.9796325], [9.0691536, 45.9795381], [9.0690323, 45.9793492], [9.0688304, 45.9791783], [9.0687287, 45.9791558], [9.0685593, 45.9791694], [9.0683914, 45.979147], [9.0681945, 45.9790842], [9.0680475, 45.9789897], [9.0680007, 45.9789268], [9.0679795, 45.9788143], [9.0679988, 45.9787603], [9.068081, 45.9786567], [9.0681163, 45.9785172], [9.068063, 45.9784542], [9.0679419, 45.9783913], [9.0678482, 45.9783148], [9.0677851, 45.9781844], [9.0677414, 45.9779999], [9.0676524, 45.9778019], [9.067599, 45.977748], [9.0675167, 45.97773], [9.0672456, 45.9777392], [9.0668762, 45.9777889], [9.0667907, 45.9777799], [9.0665679, 45.9777261], [9.0663144, 45.9776047], [9.0661934, 45.9775733], [9.065798, 45.9775735], [9.0655527, 45.9775107], [9.06543, 45.9774342], [9.0653734, 45.9773533], [9.0652941, 45.9772197], [9.0653193, 45.9770054], [9.0653728, 45.9768177], [9.0656457, 45.975959], [9.0659418, 45.9755884]]}}, {"type": "Feature", "properties": {"corpo_id": "lagadone", "nome": "Canale Lagadone", "osm_type": "way", "osm_id": 88471352, "osm_ids": [88471352, 1163685465, 1163685466, 1359706871, 1360190936, 1360190937, 1360190938, 1360190939, 1360190942, 1360190943], "specie_attesa": "linea"}, "geometry": {"type": "LineString", "coordinates": [[9.1546099, 46.0345232], [9.1543538, 46.0344775], [9.154071, 46.0344419], [9.1531483, 46.0342811], [9.1528799, 46.034205], [9.152484, 46.034138], [9.151949, 46.0340217], [9.1512735, 46.0339191], [9.1509197, 46.0338926], [9.1502733, 46.0337719], [9.1494476, 46.0336494], [9.1493202, 46.0336305], [9.1491308, 46.0336024], [9.1484766, 46.0335628], [9.1480386, 46.0334869], [9.1474456, 46.0334111], [9.1472388, 46.0333754], [9.1464032, 46.033174], [9.1453479, 46.0329953], [9.1450491, 46.0329822], [9.1444674, 46.0329019], [9.1439389, 46.0327991], [9.1434719, 46.0327277], [9.1426399, 46.0326522], [9.1418357, 46.0325258], [9.1417641, 46.0325183], [9.1411614, 46.0324155], [9.1407056, 46.0323126], [9.1400495, 46.0322009], [9.1397932, 46.0321241], [9.1396053, 46.0320513], [9.1393128, 46.031977], [9.1389818, 46.0318347], [9.1385914, 46.0317301], [9.138475, 46.0316853], [9.1378237, 46.0315106], [9.1376087, 46.0314433], [9.1373193, 46.0313267], [9.1371543, 46.0312369], [9.1369359, 46.0310886], [9.1365685, 46.0307921], [9.136256, 46.0304909], [9.1359823, 46.0301808], [9.1356877, 46.0299201], [9.1355273, 46.0297088], [9.1352149, 46.0294122], [9.1349156, 46.029201], [9.134445, 46.0289586], [9.1342574, 46.0288778], [9.1336462, 46.0286085], [9.1331902, 46.0283435], [9.1330591, 46.0282492], [9.1328308, 46.0280244], [9.1325018, 46.0275253], [9.132369, 46.0273769], [9.1322265, 46.0272646], [9.1321134, 46.0272242], [9.1318905, 46.0271795], [9.1317435, 46.0271887], [9.1317149, 46.027212], [9.1316338, 46.0272781], [9.1315501, 46.0273464], [9.1313048, 46.0274547], [9.1310837, 46.0275224], [9.1309676, 46.0275766], [9.1307563, 46.0277028], [9.1306322, 46.0278109], [9.1303935, 46.0279777], [9.1302483, 46.0280229], [9.130048, 46.0280321], [9.1298913, 46.0280188], [9.1296538, 46.0279741], [9.1293402, 46.0278484], [9.1292448, 46.0277945], [9.1289972, 46.0276013], [9.1285735, 46.0273723], [9.1283115, 46.0271971], [9.1281579, 46.0271117], [9.1277976, 46.0270046], [9.1275302, 46.0269651], [9.1272273, 46.0269269], [9.1269838, 46.0269033], [9.126833, 46.0268958], [9.1265219, 46.0268977], [9.1261531, 46.0269029], [9.1257606, 46.0269071], [9.125433, 46.026939], [9.1252394, 46.0269753]]}}, {"type": "Feature", "geometry": {"type": "LineString", "coordinates": [[9.0849505, 46.0091985], [9.0853395, 46.0078896], [9.0853557, 46.0074188], [9.0852847, 46.0068391], [9.0852214, 46.0064089], [9.0851377, 46.0062849], [9.0846385, 46.0060648], [9.0845883, 46.0060063], [9.0845753, 46.0059343], [9.0846107, 46.0058308], [9.0847556, 46.0055652], [9.0847941, 46.0054076], [9.0848456, 46.0053581], [9.0850425, 46.005277], [9.0850973, 46.0052319], [9.0851811, 46.0051373], [9.0852487, 46.0050023], [9.0853014, 46.0046422], [9.0851363, 46.0043634], [9.0851184, 46.0042644], [9.085128, 46.0041969], [9.0852651, 46.0041158], [9.0857055, 46.0039084], [9.0860581, 46.0036505], [9.0863317, 46.0034996], [9.0864363, 46.0033394], [9.0868136, 46.0032776], [9.0870458, 46.0030974], [9.0871732, 46.0029758], [9.0872988, 46.0027957], [9.0873438, 46.0026787], [9.0873997, 46.0022601], [9.0873946, 46.0021206], [9.087249, 46.0018867], [9.087021, 46.0016529], [9.0868012, 46.0015226], [9.086688, 46.0013696], [9.0865777, 46.0010817], [9.086463, 46.0009783], [9.086358, 46.0009424], [9.0862126, 46.0008885], [9.0858493, 46.0007943], [9.0855698, 46.000691], [9.0849447, 46.0004169], [9.0848235, 46.0003315], [9.084513, 45.9999627], [9.0844126, 45.9997648], [9.0843751, 45.9995488], [9.0844022, 45.9992833], [9.0843923, 45.9991933], [9.0843324, 45.9990674], [9.0841675, 45.9988785], [9.0838249, 45.9986627], [9.0833935, 45.9983615], [9.0831462, 45.9981637], [9.0831057, 45.9980557], [9.0831223, 45.998015], [9.0831443, 45.9979612], [9.0833443, 45.9978486], [9.083565, 45.997703], [9.0837153, 45.9976953], [9.0837847, 45.9976367], [9.0838169, 45.9975827], [9.0838183, 45.9974477], [9.0836726, 45.9971868], [9.083512, 45.9966784], [9.0834683, 45.9966064], [9.0834231, 45.9965615], [9.0831533, 45.9964222], [9.0830434, 45.9963187], [9.0829312, 45.9958058], [9.0827887, 45.9954549], [9.0827256, 45.9953785], [9.082506, 45.9953021], [9.0824268, 45.9952302], [9.0824056, 45.9950997], [9.0824345, 45.9949962], [9.0825568, 45.9947756], [9.0825729, 45.9947126], [9.0825888, 45.9945325], [9.08254, 45.9942851], [9.0825108, 45.9942311], [9.0824252, 45.9941501], [9.0822378, 45.9940918], [9.0819618, 45.994047], [9.0818568, 45.993984], [9.0818373, 45.9939391], [9.0818419, 45.9937861], [9.0819353, 45.9936105], [9.0819417, 45.9935475], [9.0819447, 45.993444], [9.0819138, 45.993273], [9.0818346, 45.9931965], [9.0816763, 45.9931157], [9.0815809, 45.9930167], [9.0815307, 45.9928728], [9.0814482, 45.9927378], [9.0813734, 45.9923734], [9.0812473, 45.9922609], [9.0810696, 45.9921531], [9.0808822, 45.9919867], [9.080803, 45.9919373], [9.0805608, 45.9918429], [9.0802942, 45.9916766], [9.0802505, 45.9916226], [9.0802341, 45.9914426], [9.0801307, 45.9913392], [9.0798981, 45.9912314], [9.0797333, 45.9911145], [9.0794733, 45.9909932], [9.079407, 45.9909212], [9.0793342, 45.9907638], [9.0793146, 45.9906423], [9.079329, 45.9905253], [9.0793869, 45.9903947], [9.0794981, 45.9902461], [9.0796335, 45.990129], [9.0797931, 45.9900209], [9.0804426, 45.9893545], [9.0807554, 45.9891607], [9.0808602, 45.9891157], [9.08107, 45.9890705], [9.0815136, 45.9889352], [9.08212, 45.9886062], [9.0821926, 45.9885972], [9.0823363, 45.9886061], [9.0826059, 45.9886644], [9.0827883, 45.9886733], [9.0829916, 45.9886281], [9.083369, 45.9884703], [9.083448, 45.9883848], [9.0835767, 45.9881687], [9.0836783, 45.9880606], [9.0838105, 45.9879615], [9.0840298, 45.9878353], [9.0840523, 45.9877993], [9.0840586, 45.9877048], [9.0840002, 45.9874844], [9.0839821, 45.9872414], [9.0840239, 45.9871378], [9.0842897, 45.9868136], [9.0844654, 45.986656], [9.0850473, 45.9862191], [9.085315, 45.9860659], [9.0856019, 45.9858766], [9.0857842, 45.9857865], [9.0860036, 45.9857503], [9.0860955, 45.9856918], [9.0861826, 45.9856242], [9.0863551, 45.9855296], [9.0867052, 45.9854663], [9.0870005, 45.9854706], [9.0873929, 45.9855603], [9.0880126, 45.9855508], [9.0884723, 45.9853975], [9.088753, 45.9853747], [9.0889111, 45.9853386], [9.0891225, 45.9853205], [9.0896356, 45.9852075], [9.0898194, 45.9851534], [9.0900113, 45.9850453], [9.0900629, 45.9849867], [9.0901805, 45.9849011], [9.0902822, 45.9848695], [9.0904677, 45.9848559], [9.0906453, 45.9848782], [9.0909634, 45.984986], [9.0910021, 45.984977], [9.0910214, 45.9849545], [9.091031, 45.9848914], [9.0910697, 45.9848284], [9.0911422, 45.9847699], [9.0912486, 45.9847158], [9.0914164, 45.9846841], [9.0915697, 45.9846885], [9.0916778, 45.9846749], [9.0919456, 45.9845937], [9.0920955, 45.9845171], [9.0923439, 45.9844359], [9.0926682, 45.9843861], [9.093007, 45.9842778], [9.0932167, 45.9842372], [9.0933603, 45.9842371], [9.0934458, 45.984228], [9.0936476, 45.9842368], [9.0940544, 45.98434], [9.0942804, 45.9843668], [9.0948081, 45.9843304], [9.0949775, 45.9843392], [9.0953069, 45.9844335], [9.0956442, 45.9844512], [9.095788, 45.9845096], [9.0958897, 45.9845455], [9.0960013, 45.9846669], [9.0962941, 45.9850806], [9.0965139, 45.9852875], [9.0965544, 45.9853459], [9.0966079, 45.9855169], [9.0966937, 45.9856653], [9.0970201, 45.9858766], [9.097096, 45.9859035], [9.0974187, 45.9858897], [9.0975076, 45.9859256], [9.0977128, 45.9860605], [9.0980781, 45.9863932], [9.0981508, 45.9864201], [9.0983364, 45.9864379], [9.0984123, 45.9864604], [9.0984591, 45.9864918], [9.0984851, 45.9865908], [9.0983116, 45.987032], [9.0983263, 45.9871085], [9.0984507, 45.9871894], [9.0987623, 45.9872341], [9.0992529, 45.9872517], [9.0993659, 45.9872786], [9.0994564, 45.987319], [9.0996908, 45.9875168], [9.0998329, 45.9875842], [9.0999605, 45.9876111], [9.1001702, 45.9875839], [9.1010509, 45.9872951], [9.1011912, 45.987259], [9.101296, 45.9871734], [9.1014356, 45.9867278], [9.1015435, 45.9866332], [9.1017, 45.98657], [9.1017919, 45.9865519], [9.1018872, 45.9865518], [9.1020567, 45.9865832], [9.1022795, 45.986664], [9.1025169, 45.9867223], [9.1029236, 45.9867354], [9.1029333, 45.9867624], [9.1030448, 45.9868163], [9.1033035, 45.9870546], [9.1034569, 45.987104], [9.1036167, 45.9871083], [9.103775, 45.9871802], [9.1042616, 45.9876072], [9.1043795, 45.9876701], [9.1044263, 45.9876926], [9.1048623, 45.9877957], [9.1051822, 45.9879709], [9.1054308, 45.9879977], [9.1055357, 45.9880246], [9.1056407, 45.988074], [9.105812, 45.9881863], [9.1059364, 45.9882222], [9.1063012, 45.9882444], [9.1066013, 45.9882351], [9.1068305, 45.9882529], [9.1071195, 45.9882976], [9.1074293, 45.9882343], [9.1076181, 45.9882386], [9.1077005, 45.9882611], [9.1079121, 45.9883509], [9.1081383, 45.9884902], [9.1083371, 45.988634], [9.1087203, 45.9889801], [9.1088657, 45.9890655], [9.1088916, 45.989133], [9.1089579, 45.9891689], [9.1090596, 45.9891958], [9.1091484, 45.9892182], [9.109263, 45.9892136], [9.1095488, 45.9892448], [9.1096068, 45.9892403], [9.1098245, 45.9891456], [9.1099359, 45.9891185], [9.1104039, 45.989091], [9.1105573, 45.9891359], [9.1106235, 45.9891808], [9.1106931, 45.9892707], [9.1108013, 45.9893201], [9.111344, 45.9894771], [9.1115135, 45.989513], [9.1116378, 45.9895083], [9.1117137, 45.9895488], [9.1117993, 45.9895667], [9.1120704, 45.9895574], [9.1121495, 45.9895663], [9.1123999, 45.9896606], [9.1126305, 45.9895974], [9.1127161, 45.9895928], [9.113047, 45.9896285], [9.1131165, 45.9896509], [9.1133103, 45.9897587], [9.1136478, 45.9897989], [9.1140464, 45.9898165], [9.1142465, 45.9897713], [9.1144095, 45.9897621], [9.114524, 45.989717], [9.1148918, 45.9896311], [9.1150354, 45.9896175], [9.1151533, 45.9896444], [9.1152567, 45.9896983], [9.1153893, 45.9898241], [9.1156542, 45.9899229], [9.1156817, 45.9899453], [9.115721, 45.9902108], [9.1158164, 45.9903187], [9.1158762, 45.9903501], [9.1160038, 45.9903815], [9.1162168, 45.9903813], [9.1164975, 45.9903], [9.1167282, 45.9902593], [9.1171086, 45.9900384], [9.1172393, 45.9900023], [9.11737, 45.9899706], [9.1175007, 45.989984], [9.1176026, 45.9900514], [9.1177434, 45.9902492], [9.1177854, 45.9902762], [9.117976, 45.9903435], [9.1181536, 45.9903658], [9.118433, 45.99046], [9.1188948, 45.9905496], [9.1189901, 45.99059], [9.1191421, 45.9906888], [9.1191969, 45.9906932], [9.1194004, 45.99072], [9.1200395, 45.9907374], [9.1201703, 45.9907597], [9.1203108, 45.9907776], [9.1207659, 45.9907636], [9.1208659, 45.990714], [9.1209385, 45.9906959], [9.1212661, 45.9907046], [9.121513, 45.9906548], [9.1216049, 45.9906457], [9.1218291, 45.990569], [9.1219114, 45.9905644], [9.1222243, 45.9904426], [9.1224405, 45.9904333], [9.1225422, 45.9904467], [9.1227651, 45.9905095], [9.123022, 45.9906262], [9.1234871, 45.9907607], [9.1236486, 45.9907875], [9.1237825, 45.9907829], [9.1239035, 45.9907468], [9.1240921, 45.9906385], [9.124279, 45.9904853], [9.1243645, 45.9904583], [9.1245113, 45.9904356], [9.1247373, 45.9904443], [9.1248519, 45.9904622], [9.1250167, 45.990516], [9.1251345, 45.9905294], [9.1252184, 45.9905023], [9.1254636, 45.9904706], [9.1255588, 45.9904434], [9.1259651, 45.9902495], [9.1261571, 45.9902223], [9.1263378, 45.9901816], [9.1263958, 45.9901545], [9.1268309, 45.989848], [9.1270936, 45.9896677], [9.1271644, 45.9895822], [9.1272418, 45.9895641], [9.1273563, 45.9895054], [9.1274773, 45.9894738], [9.127545, 45.9894377], [9.127787, 45.989397], [9.1279369, 45.9893248], [9.1280579, 45.9893067], [9.1282597, 45.9893064], [9.1283936, 45.9892838], [9.1286709, 45.9891575], [9.1287675, 45.9890764], [9.1290108, 45.9888871], [9.1291686, 45.9887294], [9.1294136, 45.9885851], [9.1296697, 45.9883823], [9.1301468, 45.9881118], [9.1302903, 45.9880531], [9.1304404, 45.9880439], [9.1306697, 45.9880797], [9.1307746, 45.9881066], [9.1309524, 45.9881874], [9.1313302, 45.9882859], [9.1314804, 45.9883083], [9.1317483, 45.9883125], [9.1318371, 45.9883034], [9.1319354, 45.9882717], [9.1322077, 45.9880734], [9.1323302, 45.9879968], [9.1325914, 45.987884], [9.1328979, 45.9878341], [9.1331045, 45.9878384], [9.1333903, 45.9878965], [9.1338928, 45.988121], [9.1343434, 45.9882464], [9.1346276, 45.9883001], [9.1348084, 45.9883359], [9.135046, 45.9884616], [9.1353932, 45.9885647], [9.1356083, 45.988749], [9.1357764, 45.9888388], [9.1359702, 45.988888], [9.1361461, 45.9888968], [9.1363946, 45.988865], [9.1365431, 45.9888784], [9.1371569, 45.9890576], [9.1373217, 45.9891564], [9.1377257, 45.9893584], [9.1378455, 45.9894843], [9.1379993, 45.9897001], [9.1380915, 45.9897765], [9.1381804, 45.9898259], [9.1384728, 45.9899291], [9.138581, 45.9899559], [9.1386633, 45.9899468], [9.1387376, 45.9899557], [9.1389185, 45.990032], [9.1395683, 45.9904272], [9.1396573, 45.9905216], [9.1397853, 45.990715], [9.1398282, 45.9910659], [9.1397852, 45.9913045], [9.1398856, 45.9914349], [9.1399385, 45.9917489], [9.1399872, 45.9920378], [9.1400846, 45.9922491], [9.1401303, 45.9924741], [9.1401262, 45.9927666], [9.1401829, 45.9928295], [9.1403381, 45.9929284], [9.1403785, 45.9929733], [9.1407188, 45.9935039], [9.1409136, 45.9939132], [9.141129, 45.9941964], [9.1412069, 45.9943763], [9.1412797, 45.9944662], [9.1414496, 45.99461], [9.1414938, 45.994844], [9.1415245, 45.9948844], [9.1416199, 45.9949293], [9.1418929, 45.9949965], [9.1420837, 45.9951402], [9.1422958, 45.995401], [9.1424484, 45.9957473], [9.1425115, 45.9958057], [9.1425665, 45.9958417], [9.1428557, 45.9959538], [9.1429543, 45.9960122], [9.1433909, 45.9963041], [9.1435721, 45.9964704], [9.143723, 45.9967447], [9.1437622, 45.9969517], [9.1437547, 45.9971587], [9.1438296, 45.9973971], [9.1439773, 45.9977074], [9.1441441, 45.9979277], [9.1441881, 45.9980852], [9.1441868, 45.9982202], [9.1442712, 45.9983821], [9.1444652, 45.9985168], [9.1445381, 45.9985887], [9.1446418, 45.9987506], [9.1449234, 45.9990338], [9.1451336, 45.9991685], [9.1453583, 45.9992672], [9.1456559, 45.9994963], [9.1459645, 45.999604]]}, "properties": {"corpo_id": "lirone", "nome": "Torrente Lirone", "osm_type": "way", "osm_id": 848395585, "osm_ids": [56676168, 848395585, 848395586], "specie_attesa": "linea"}}]}