{"type": "FeatureCollection", "features": [{"type": "Feature", "geometry": {"type": "LineString", "coordinates": [[8.66228, 45.82025], [8.66214, 45.82019], [8.66208, 45.82004], [8.66194, 45.82], [8.66199, 45.81981], [8.66217, 45.8198], [8.66214, 45.81997], [8.66231, 45.82], [8.66228, 45.82025]]}, "properties": {"nome_tratto": "Torrente Acquanegra", "corpo_idrico": "acquanegra", "corpo_nome": "Torrente Acquanegra", "layer": "base", "segmento_id": null, "bank": "both", "zona_id": "acquanegra_residuo", "regime": "ordinario_C_lago", "regime_etichetta": "Regime Ordinario C — Lago (FIPSAS)", "tipo_acqua": "C", "pesca_consentita": true, "geometria": "LineString", "matrice": {"regime_amministrativo": "fipsas", "regime_amministrativo_etichetta": "FIPSAS", "classificazione_biologica": "C", "classificazione_etichetta": "Cat. C", "modalita": "sponda", "tipo_geometria_normativa": "linea", "eredita": [{"livello": 1, "asse": "classificazione_biologica", "id": "C", "blocco": "ordinario_C_lago"}, {"livello": 1, "asse": "regime_amministrativo", "id": "fipsas", "sostituisce_biologia": false}, {"livello": 2, "asse": "modalita_pesca", "id": "sponda"}, {"livello": 3, "asse": "eccezione_locale", "id": "acquanegra", "chiavi": ["permessi"]}]}, "regole": {"zona_id": "acquanegra_residuo", "zona_nome": "Torrente Acquanegra — Regime Ordinario C — Lago (FIPSAS)", "corpo_idrico": "acquanegra", "corpo_nome": "Torrente Acquanegra", "regime": "ordinario_C_lago", "regime_etichetta": "Regime Ordinario C — Lago (FIPSAS)", "regime_descrizione": "Lago minore ciprinicolo in concessione FIPSAS, con regole specifiche per riva e belly boat.", "tipo_acqua": "C", "tipo_acqua_etichetta": "Tipo C (ciprinicole)", "pesca_consentita": true, "priorita": 10, "estensione": {"tipo": "residuale", "descrizione": "Fuori dai tagli restrittivi (No-Kill, divieto, riserva)."}, "calendario": {"stagione": {"id": "tutto_anno", "etichetta": "Tutto l'anno", "inizio": null, "fine": null, "testo": "Tutto l'anno (salvo periodi di divieto per specie, par. 4.4)", "fonte": {"livello": "derivata", "riferimento": "par. 4.4", "estratto": ""}}, "giorni": {"id": "tutti_i_giorni", "etichetta": "Tutti i giorni", "settimana": ["lun", "mar", "mer", "gio", "ven", "sab", "dom"], "festivi_aggiuntivi": [], "testo": "Tutti i giorni della settimana", "fonte": {"livello": "derivata", "riferimento": "", "estratto": ""}}, "fascia_oraria": {"id": "h24_notturna_da_riva", "etichetta": "H24 (notturna solo da riva)", "da": null, "a": null, "notturna": {"consentita": true, "condizioni": ["solo da riva", "canna armata con max 5 ami"]}, "testo": "Pesca anche notturna, ma solo da riva e con canna armata con al massimo 5 ami", "fonte": {"livello": "testuale", "riferimento": "par. 4.8", "estratto": "Pesca notturna ammessa in tipo A e C, da riva, canna con max cinque ami"}}, "periodi_speciali": []}, "attrezzatura": {"attrezzi_ammessi": ["canna"], "canne_max": 3, "esche_max_per_canna": 5, "ami_max_per_canna": null, "ardiglione": "ammesso", "spazio_sponda_max_m": 10}, "esche": {"consentite": ["naturale", "artificiale"], "vietate": [], "pasturazione": "limitata_par_4_11"}, "tecniche": {"consentite": ["canna_da_riva", "pesca_notturna"], "vietate": ["imbarcazione"], "condizionate": []}, "prelievo": {"tipo": "ordinario", "rilascio_obbligatorio": false, "capi_trattenibili": "secondo limiti di cattura", "specie_sempre_protette_extra": [], "limiti_ref": "limiti_cattura", "misure_minime_cm": {"trota_fario": 25, "trota_marmorata": 40, "temolo": 35, "luccio": 60, "persico_reale": 16, "salmerino_alpino": 25}, "specie_protette": ["cobiti", "lasca", "scazzone", "anguilla", "savetta", "barbo canino", "lampreda padana", "pigo", "trota macrostigma"], "limiti": {"per_specie": {"luccio": 1, "trota_marmorata": 1, "temolo": 2}, "salmonidi_complessivi": 6, "kg_giornalieri_max": 5, "stop_al_limite": ["luccio", "salmonidi"], "obbligo_recisione_pinna_caudale": ["trote", "luccio", "coregone", "persico reale", "salmerino", "temolo", "siluro"], "fonte": {"livello": "testuale", "riferimento": "par. 4.5–4.6", "estratto": "luccio 1; trota marmorata 1; temolo 2; «6 capi complessivi di trote, salmerini e temoli»; massimo 5 kg/giorno di fauna ittica"}}}, "permessi": {"pacchetto": {"id": "fipsas_varese_ridotto", "etichetta": "Riva verde e alvei verdi — contributo ridotto FIPSAS Varese", "richiede_contributo_extra": true, "richiede_tesserino": true, "note": "Lago di Varese da riva, Fiume Bardello, Torrente Acquanegra, Canale Brabbia. Chi ha già il contributo annuale da 30 € non deve il ridotto.", "documenti": [{"id": "licenza_B", "etichetta": "Licenza di pesca tipo B", "costo_eur": 23.0, "ente": "Regione Lombardia (tassa regionale)", "validita": "12 mesi", "esenzioni": ["Residenti in Italia con meno di 18 anni", "Residenti in Italia con più di 65 anni", "Soggetti L. 104/1992 art. 3 (se pescano solo con canna)"], "fonte": {"livello": "testuale", "riferimento": "PESCARE NEI FIUMI/TORRENTI/CANALI", "estratto": "Licenza di pesca tipo B (€ 23,00)"}}, {"id": "tessera_fipsas", "etichetta": "Tessera FIPSAS", "costo_eur": 30.0, "costi_ridotti": [{"costo_eur": 6.0, "condizione": "nati dopo il 01.01.2011"}], "ente": "FIPSAS", "validita": "anno solare", "esenzioni": [], "fonte": {"livello": "testuale", "riferimento": "PESCARE NEI FIUMI/TORRENTI/CANALI", "estratto": "Tessera FIPSAS (€ 30,00; € 6,00 nati dopo il 01.01.2011)"}}, {"id": "contributo_gestione_ridotto", "etichetta": "Contributo di gestione RIDOTTO FIPSAS Varese", "costo_eur": 15.0, "ente": "FIPSAS Varese (concessionario)", "validita": "anno solare", "ambito": ["pesca da riva nei laghi con rive in verde (es. Lago di Ghirla)"], "assorbito_da": "contributo_gestione_annuale", "esenzioni": ["Nati dopo il 01.01.2008", "Disabili L. 104/1992 art. 3 c. 3"], "fonte": {"livello": "testuale", "riferimento": "Scheda Lago di Ghirla", "estratto": "Contributo di Gestione RIDOTTO FIPSAS Varese € 15 […] Chi ha già il contributo annuale € 30 non deve il ridotto da riva."}}, {"id": "tesserino_segnapesci", "etichetta": "Tesserino segnapesci del concessionario", "costo_eur": null, "ente": "FIPSAS Varese", "non_richiesto_se": ["permesso_giornaliero"], "punti_distribuzione": ["GERMIGNAGA PESCA — Piazza 20 Settembre, 29, Germignaga (VA)"], "fonte": {"livello": "testuale", "riferimento": "PESCARE NEI FIUMI/TORRENTI/CANALI", "estratto": "Tesserino segna pesci del Concessionario […] non è obbligatorio per chi utilizza il permesso giornaliero di pesca"}}], "costo_totale_eur": null, "costo_noto_eur": 68.0, "alternativa_non_tesserati": [{"id": "licenza_B", "etichetta": "Licenza di pesca tipo B"}, {"id": "permesso_giornaliero", "etichetta": "Permesso giornaliero (non tesserati FIPSAS)"}]}, "varianti": []}, "vincoli_speciali": [], "interpretazioni": [{"campo": "calendario", "nota": "Il prontuario non fissa una stagione di apertura per le acque di tipo C né i giorni ristretti del tipo B: restano validi i periodi di divieto per specie (par. 4.4)."}, {"campo": "attrezzatura.ardiglione", "nota": "L'obbligo di amo senza ardiglione è previsto testualmente solo per il tipo B."}], "fonti": [{"livello": "testuale", "riferimento": "Regole acque tipo A e C", "estratto": "Canna da pesca. Si può pescare con un massimo di tre canne, […] armate ciascuna con un massimo di cinque esche naturali o artificiali occupando uno spazio, comunque, non superiore a dieci metri di tratto di sponda."}, {"livello": "testuale", "riferimento": "par. 4.10", "estratto": "Acque di tipo C […] torrente Acquanegra"}], "note_corpo": "Emissario del Lago di Monate. Nel prontuario anche «Acqua Negra». Tipo C, contributo ridotto. In impalcatura.", "matrice": {"regime_amministrativo": "fipsas", "regime_amministrativo_etichetta": "FIPSAS", "classificazione_biologica": "C", "classificazione_etichetta": "Cat. C", "modalita": "sponda", "tipo_geometria_normativa": "linea", "eredita": [{"livello": 1, "asse": "classificazione_biologica", "id": "C", "blocco": "ordinario_C_lago"}, {"livello": 1, "asse": "regime_amministrativo", "id": "fipsas", "sostituisce_biologia": false}, {"livello": 2, "asse": "modalita_pesca", "id": "sponda"}, {"livello": 3, "asse": "eccezione_locale", "id": "acquanegra", "chiavi": ["permessi"]}]}}, "fonte_geometria": "reticolo_regionale_lombardia", "nome_regionale": "Acquanegra (Torrente)", "bacino_regionale": "TICINO", "sottobacino": "Lago Maggiore (Verbano)", "cod_ptua16": "IT03N0080980011LO", "natura": "naturale", "lunghezza_m": 138, "capisaldi_estremi": [], "id": "acquanegra_001"}}, {"type": "Feature", "geometry": {"type": "LineString", "coordinates": [[8.68204, 45.80596], [8.68211, 45.80607], [8.68262, 45.80619], [8.68286, 45.80612], [8.68302, 45.80599], [8.68324, 45.806], [8.68389, 45.80616], [8.68425, 45.80623], [8.68465, 45.80661], [8.68482, 45.80663], [8.68495, 45.80671], [8.68541, 45.8067], [8.68548, 45.80669], [8.68575, 45.80684], [8.68589, 45.80685], [8.68624, 45.80683], [8.68638, 45.80687]]}, "properties": {"nome_tratto": "Torrente Acquanegra", "corpo_idrico": "acquanegra", "corpo_nome": "Torrente Acquanegra", "layer": "base", "segmento_id": null, "bank": "both", "zona_id": "acquanegra_residuo", "regime": "ordinario_C_lago", "regime_etichetta": "Regime Ordinario C — Lago (FIPSAS)", "tipo_acqua": "C", "pesca_consentita": true, "geometria": "LineString", "matrice": {"regime_amministrativo": "fipsas", "regime_amministrativo_etichetta": "FIPSAS", "classificazione_biologica": "C", "classificazione_etichetta": "Cat. C", "modalita": "sponda", "tipo_geometria_normativa": "linea", "eredita": [{"livello": 1, "asse": "classificazione_biologica", "id": "C", "blocco": "ordinario_C_lago"}, {"livello": 1, "asse": "regime_amministrativo", "id": "fipsas", "sostituisce_biologia": false}, {"livello": 2, "asse": "modalita_pesca", "id": "sponda"}, {"livello": 3, "asse": "eccezione_locale", "id": "acquanegra", "chiavi": ["permessi"]}]}, "regole": {"zona_id": "acquanegra_residuo", "zona_nome": "Torrente Acquanegra — Regime Ordinario C — Lago (FIPSAS)", "corpo_idrico": "acquanegra", "corpo_nome": "Torrente Acquanegra", "regime": "ordinario_C_lago", "regime_etichetta": "Regime Ordinario C — Lago (FIPSAS)", "regime_descrizione": "Lago minore ciprinicolo in concessione FIPSAS, con regole specifiche per riva e belly boat.", "tipo_acqua": "C", "tipo_acqua_etichetta": "Tipo C (ciprinicole)", "pesca_consentita": true, "priorita": 10, "estensione": {"tipo": "residuale", "descrizione": "Fuori dai tagli restrittivi (No-Kill, divieto, riserva)."}, "calendario": {"stagione": {"id": "tutto_anno", "etichetta": "Tutto l'anno", "inizio": null, "fine": null, "testo": "Tutto l'anno (salvo periodi di divieto per specie, par. 4.4)", "fonte": {"livello": "derivata", "riferimento": "par. 4.4", "estratto": ""}}, "giorni": {"id": "tutti_i_giorni", "etichetta": "Tutti i giorni", "settimana": ["lun", "mar", "mer", "gio", "ven", "sab", "dom"], "festivi_aggiuntivi": [], "testo": "Tutti i giorni della settimana", "fonte": {"livello": "derivata", "riferimento": "", "estratto": ""}}, "fascia_oraria": {"id": "h24_notturna_da_riva", "etichetta": "H24 (notturna solo da riva)", "da": null, "a": null, "notturna": {"consentita": true, "condizioni": ["solo da riva", "canna armata con max 5 ami"]}, "testo": "Pesca anche notturna, ma solo da riva e con canna armata con al massimo 5 ami", "fonte": {"livello": "testuale", "riferimento": "par. 4.8", "estratto": "Pesca notturna ammessa in tipo A e C, da riva, canna con max cinque ami"}}, "periodi_speciali": []}, "attrezzatura": {"attrezzi_ammessi": ["canna"], "canne_max": 3, "esche_max_per_canna": 5, "ami_max_per_canna": null, "ardiglione": "ammesso", "spazio_sponda_max_m": 10}, "esche": {"consentite": ["naturale", "artificiale"], "vietate": [], "pasturazione": "limitata_par_4_11"}, "tecniche": {"consentite": ["canna_da_riva", "pesca_notturna"], "vietate": ["imbarcazione"], "condizionate": []}, "prelievo": {"tipo": "ordinario", "rilascio_obbligatorio": false, "capi_trattenibili": "secondo limiti di cattura", "specie_sempre_protette_extra": [], "limiti_ref": "limiti_cattura", "misure_minime_cm": {"trota_fario": 25, "trota_marmorata": 40, "temolo": 35, "luccio": 60, "persico_reale": 16, "salmerino_alpino": 25}, "specie_protette": ["cobiti", "lasca", "scazzone", "anguilla", "savetta", "barbo canino", "lampreda padana", "pigo", "trota macrostigma"], "limiti": {"per_specie": {"luccio": 1, "trota_marmorata": 1, "temolo": 2}, "salmonidi_complessivi": 6, "kg_giornalieri_max": 5, "stop_al_limite": ["luccio", "salmonidi"], "obbligo_recisione_pinna_caudale": ["trote", "luccio", "coregone", "persico reale", "salmerino", "temolo", "siluro"], "fonte": {"livello": "testuale", "riferimento": "par. 4.5–4.6", "estratto": "luccio 1; trota marmorata 1; temolo 2; «6 capi complessivi di trote, salmerini e temoli»; massimo 5 kg/giorno di fauna ittica"}}}, "permessi": {"pacchetto": {"id": "fipsas_varese_ridotto", "etichetta": "Riva verde e alvei verdi — contributo ridotto FIPSAS Varese", "richiede_contributo_extra": true, "richiede_tesserino": true, "note": "Lago di Varese da riva, Fiume Bardello, Torrente Acquanegra, Canale Brabbia. Chi ha già il contributo annuale da 30 € non deve il ridotto.", "documenti": [{"id": "licenza_B", "etichetta": "Licenza di pesca tipo B", "costo_eur": 23.0, "ente": "Regione Lombardia (tassa regionale)", "validita": "12 mesi", "esenzioni": ["Residenti in Italia con meno di 18 anni", "Residenti in Italia con più di 65 anni", "Soggetti L. 104/1992 art. 3 (se pescano solo con canna)"], "fonte": {"livello": "testuale", "riferimento": "PESCARE NEI FIUMI/TORRENTI/CANALI", "estratto": "Licenza di pesca tipo B (€ 23,00)"}}, {"id": "tessera_fipsas", "etichetta": "Tessera FIPSAS", "costo_eur": 30.0, "costi_ridotti": [{"costo_eur": 6.0, "condizione": "nati dopo il 01.01.2011"}], "ente": "FIPSAS", "validita": "anno solare", "esenzioni": [], "fonte": {"livello": "testuale", "riferimento": "PESCARE NEI FIUMI/TORRENTI/CANALI", "estratto": "Tessera FIPSAS (€ 30,00; € 6,00 nati dopo il 01.01.2011)"}}, {"id": "contributo_gestione_ridotto", "etichetta": "Contributo di gestione RIDOTTO FIPSAS Varese", "costo_eur": 15.0, "ente": "FIPSAS Varese (concessionario)", "validita": "anno solare", "ambito": ["pesca da riva nei laghi con rive in verde (es. Lago di Ghirla)"], "assorbito_da": "contributo_gestione_annuale", "esenzioni": ["Nati dopo il 01.01.2008", "Disabili L. 104/1992 art. 3 c. 3"], "fonte": {"livello": "testuale", "riferimento": "Scheda Lago di Ghirla", "estratto": "Contributo di Gestione RIDOTTO FIPSAS Varese € 15 […] Chi ha già il contributo annuale € 30 non deve il ridotto da riva."}}, {"id": "tesserino_segnapesci", "etichetta": "Tesserino segnapesci del concessionario", "costo_eur": null, "ente": "FIPSAS Varese", "non_richiesto_se": ["permesso_giornaliero"], "punti_distribuzione": ["GERMIGNAGA PESCA — Piazza 20 Settembre, 29, Germignaga (VA)"], "fonte": {"livello": "testuale", "riferimento": "PESCARE NEI FIUMI/TORRENTI/CANALI", "estratto": "Tesserino segna pesci del Concessionario […] non è obbligatorio per chi utilizza il permesso giornaliero di pesca"}}], "costo_totale_eur": null, "costo_noto_eur": 68.0, "alternativa_non_tesserati": [{"id": "licenza_B", "etichetta": "Licenza di pesca tipo B"}, {"id": "permesso_giornaliero", "etichetta": "Permesso giornaliero (non tesserati FIPSAS)"}]}, "varianti": []}, "vincoli_speciali": [], "interpretazioni": [{"campo": "calendario", "nota": "Il prontuario non fissa una stagione di apertura per le acque di tipo C né i giorni ristretti del tipo B: restano validi i periodi di divieto per specie (par. 4.4)."}, {"campo": "attrezzatura.ardiglione", "nota": "L'obbligo di amo senza ardiglione è previsto testualmente solo per il tipo B."}], "fonti": [{"livello": "testuale", "riferimento": "Regole acque tipo A e C", "estratto": "Canna da pesca. Si può pescare con un massimo di tre canne, […] armate ciascuna con un massimo di cinque esche naturali o artificiali occupando uno spazio, comunque, non superiore a dieci metri di tratto di sponda."}, {"livello": "testuale", "riferimento": "par. 4.10", "estratto": "Acque di tipo C […] torrente Acquanegra"}], "note_corpo": "Emissario del Lago di Monate. Nel prontuario anche «Acqua Negra». Tipo C, contributo ridotto. In impalcatura.", "matrice": {"regime_amministrativo": "fipsas", "regime_amministrativo_etichetta": "FIPSAS", "classificazione_biologica": "C", "classificazione_etichetta": "Cat. C", "modalita": "sponda", "tipo_geometria_normativa": "linea", "eredita": [{"livello": 1, "asse": "classificazione_biologica", "id": "C", "blocco": "ordinario_C_lago"}, {"livello": 1, "asse": "regime_amministrativo", "id": "fipsas", "sostituisce_biologia": false}, {"livello": 2, "asse": "modalita_pesca", "id": "sponda"}, {"livello": 3, "asse": "eccezione_locale", "id": "acquanegra", "chiavi": ["permessi"]}]}}, "fonte_geometria": "reticolo_regionale_lombardia", "nome_regionale": "Acquanegra (Torrente)", "bacino_regionale": "TICINO", "sottobacino": "Lago Maggiore (Verbano)", "cod_ptua16": "IT03N0080980011LO", "natura": "naturale", "lunghezza_m": 391, "capisaldi_estremi": [], "id": "acquanegra_002"}}, {"type": "Feature", "geometry": {"type": "LineString", "coordinates": [[8.62778, 45.81966], [8.62781, 45.81983], [8.62786, 45.81941], [8.62802, 45.81958], [8.62799, 45.81973], [8.62781, 45.81983]]}, "properties": {"nome_tratto": "Torrente Acquanegra", "corpo_idrico": "acquanegra", "corpo_nome": "Torrente Acquanegra", "layer": "base", "segmento_id": null, "bank": "both", "zona_id": "acquanegra_residuo", "regime": "ordinario_C_lago", "regime_etichetta": "Regime Ordinario C — Lago (FIPSAS)", "tipo_acqua": "C", "pesca_consentita": true, "geometria": "LineString", "matrice": {"regime_amministrativo": "fipsas", "regime_amministrativo_etichetta": "FIPSAS", "classificazione_biologica": "C", "classificazione_etichetta": "Cat. C", "modalita": "sponda", "tipo_geometria_normativa": "linea", "eredita": [{"livello": 1, "asse": "classificazione_biologica", "id": "C", "blocco": "ordinario_C_lago"}, {"livello": 1, "asse": "regime_amministrativo", "id": "fipsas", "sostituisce_biologia": false}, {"livello": 2, "asse": "modalita_pesca", "id": "sponda"}, {"livello": 3, "asse": "eccezione_locale", "id": "acquanegra", "chiavi": ["permessi"]}]}, "regole": {"zona_id": "acquanegra_residuo", "zona_nome": "Torrente Acquanegra — Regime Ordinario C — Lago (FIPSAS)", "corpo_idrico": "acquanegra", "corpo_nome": "Torrente Acquanegra", "regime": "ordinario_C_lago", "regime_etichetta": "Regime Ordinario C — Lago (FIPSAS)", "regime_descrizione": "Lago minore ciprinicolo in concessione FIPSAS, con regole specifiche per riva e belly boat.", "tipo_acqua": "C", "tipo_acqua_etichetta": "Tipo C (ciprinicole)", "pesca_consentita": true, "priorita": 10, "estensione": {"tipo": "residuale", "descrizione": "Fuori dai tagli restrittivi (No-Kill, divieto, riserva)."}, "calendario": {"stagione": {"id": "tutto_anno", "etichetta": "Tutto l'anno", "inizio": null, "fine": null, "testo": "Tutto l'anno (salvo periodi di divieto per specie, par. 4.4)", "fonte": {"livello": "derivata", "riferimento": "par. 4.4", "estratto": ""}}, "giorni": {"id": "tutti_i_giorni", "etichetta": "Tutti i giorni", "settimana": ["lun", "mar", "mer", "gio", "ven", "sab", "dom"], "festivi_aggiuntivi": [], "testo": "Tutti i giorni della settimana", "fonte": {"livello": "derivata", "riferimento": "", "estratto": ""}}, "fascia_oraria": {"id": "h24_notturna_da_riva", "etichetta": "H24 (notturna solo da riva)", "da": null, "a": null, "notturna": {"consentita": true, "condizioni": ["solo da riva", "canna armata con max 5 ami"]}, "testo": "Pesca anche notturna, ma solo da riva e con canna armata con al massimo 5 ami", "fonte": {"livello": "testuale", "riferimento": "par. 4.8", "estratto": "Pesca notturna ammessa in tipo A e C, da riva, canna con max cinque ami"}}, "periodi_speciali": []}, "attrezzatura": {"attrezzi_ammessi": ["canna"], "canne_max": 3, "esche_max_per_canna": 5, "ami_max_per_canna": null, "ardiglione": "ammesso", "spazio_sponda_max_m": 10}, "esche": {"consentite": ["naturale", "artificiale"], "vietate": [], "pasturazione": "limitata_par_4_11"}, "tecniche": {"consentite": ["canna_da_riva", "pesca_notturna"], "vietate": ["imbarcazione"], "condizionate": []}, "prelievo": {"tipo": "ordinario", "rilascio_obbligatorio": false, "capi_trattenibili": "secondo limiti di cattura", "specie_sempre_protette_extra": [], "limiti_ref": "limiti_cattura", "misure_minime_cm": {"trota_fario": 25, "trota_marmorata": 40, "temolo": 35, "luccio": 60, "persico_reale": 16, "salmerino_alpino": 25}, "specie_protette": ["cobiti", "lasca", "scazzone", "anguilla", "savetta", "barbo canino", "lampreda padana", "pigo", "trota macrostigma"], "limiti": {"per_specie": {"luccio": 1, "trota_marmorata": 1, "temolo": 2}, "salmonidi_complessivi": 6, "kg_giornalieri_max": 5, "stop_al_limite": ["luccio", "salmonidi"], "obbligo_recisione_pinna_caudale": ["trote", "luccio", "coregone", "persico reale", "salmerino", "temolo", "siluro"], "fonte": {"livello": "testuale", "riferimento": "par. 4.5–4.6", "estratto": "luccio 1; trota marmorata 1; temolo 2; «6 capi complessivi di trote, salmerini e temoli»; massimo 5 kg/giorno di fauna ittica"}}}, "permessi": {"pacchetto": {"id": "fipsas_varese_ridotto", "etichetta": "Riva verde e alvei verdi — contributo ridotto FIPSAS Varese", "richiede_contributo_extra": true, "richiede_tesserino": true, "note": "Lago di Varese da riva, Fiume Bardello, Torrente Acquanegra, Canale Brabbia. Chi ha già il contributo annuale da 30 € non deve il ridotto.", "documenti": [{"id": "licenza_B", "etichetta": "Licenza di pesca tipo B", "costo_eur": 23.0, "ente": "Regione Lombardia (tassa regionale)", "validita": "12 mesi", "esenzioni": ["Residenti in Italia con meno di 18 anni", "Residenti in Italia con più di 65 anni", "Soggetti L. 104/1992 art. 3 (se pescano solo con canna)"], "fonte": {"livello": "testuale", "riferimento": "PESCARE NEI FIUMI/TORRENTI/CANALI", "estratto": "Licenza di pesca tipo B (€ 23,00)"}}, {"id": "tessera_fipsas", "etichetta": "Tessera FIPSAS", "costo_eur": 30.0, "costi_ridotti": [{"costo_eur": 6.0, "condizione": "nati dopo il 01.01.2011"}], "ente": "FIPSAS", "validita": "anno solare", "esenzioni": [], "fonte": {"livello": "testuale", "riferimento": "PESCARE NEI FIUMI/TORRENTI/CANALI", "estratto": "Tessera FIPSAS (€ 30,00; € 6,00 nati dopo il 01.01.2011)"}}, {"id": "contributo_gestione_ridotto", "etichetta": "Contributo di gestione RIDOTTO FIPSAS Varese", "costo_eur": 15.0, "ente": "FIPSAS Varese (concessionario)", "validita": "anno solare", "ambito": ["pesca da riva nei laghi con rive in verde (es. Lago di Ghirla)"], "assorbito_da": "contributo_gestione_annuale", "esenzioni": ["Nati dopo il 01.01.2008", "Disabili L. 104/1992 art. 3 c. 3"], "fonte": {"livello": "testuale", "riferimento": "Scheda Lago di Ghirla", "estratto": "Contributo di Gestione RIDOTTO FIPSAS Varese € 15 […] Chi ha già il contributo annuale € 30 non deve il ridotto da riva."}}, {"id": "tesserino_segnapesci", "etichetta": "Tesserino segnapesci del concessionario", "costo_eur": null, "ente": "FIPSAS Varese", "non_richiesto_se": ["permesso_giornaliero"], "punti_distribuzione": ["GERMIGNAGA PESCA — Piazza 20 Settembre, 29, Germignaga (VA)"], "fonte": {"livello": "testuale", "riferimento": "PESCARE NEI FIUMI/TORRENTI/CANALI", "estratto": "Tesserino segna pesci del Concessionario […] non è obbligatorio per chi utilizza il permesso giornaliero di pesca"}}], "costo_totale_eur": null, "costo_noto_eur": 68.0, "alternativa_non_tesserati": [{"id": "licenza_B", "etichetta": "Licenza di pesca tipo B"}, {"id": "permesso_giornaliero", "etichetta": "Permesso giornaliero (non tesserati FIPSAS)"}]}, "varianti": []}, "vincoli_speciali": [], "interpretazioni": [{"campo": "calendario", "nota": "Il prontuario non fissa una stagione di apertura per le acque di tipo C né i giorni ristretti del tipo B: restano validi i periodi di divieto per specie (par. 4.4)."}, {"campo": "attrezzatura.ardiglione", "nota": "L'obbligo di amo senza ardiglione è previsto testualmente solo per il tipo B."}], "fonti": [{"livello": "testuale", "riferimento": "Regole acque tipo A e C", "estratto": "Canna da pesca. Si può pescare con un massimo di tre canne, […] armate ciascuna con un massimo di cinque esche naturali o artificiali occupando uno spazio, comunque, non superiore a dieci metri di tratto di sponda."}, {"livello": "testuale", "riferimento": "par. 4.10", "estratto": "Acque di tipo C […] torrente Acquanegra"}], "note_corpo": "Emissario del Lago di Monate. Nel prontuario anche «Acqua Negra». Tipo C, contributo ridotto. In impalcatura.", "matrice": {"regime_amministrativo": "fipsas", "regime_amministrativo_etichetta": "FIPSAS", "classificazione_biologica": "C", "classificazione_etichetta": "Cat. C", "modalita": "sponda", "tipo_geometria_normativa": "linea", "eredita": [{"livello": 1, "asse": "classificazione_biologica", "id": "C", "blocco": "ordinario_C_lago"}, {"livello": 1, "asse": "regime_amministrativo", "id": "fipsas", "sostituisce_biologia": false}, {"livello": 2, "asse": "modalita_pesca", "id": "sponda"}, {"livello": 3, "asse": "eccezione_locale", "id": "acquanegra", "chiavi": ["permessi"]}]}}, "fonte_geometria": "reticolo_regionale_lombardia", "nome_regionale": "Acquanegra (Torrente)", "bacino_regionale": "TICINO", "sottobacino": "Lago Maggiore (Verbano)", "cod_ptua16": "IT03N0080980011LO", "natura": "naturale", "lunghezza_m": 123, "capisaldi_estremi": [], "id": "acquanegra_003"}}, {"type": "Feature", "geometry": {"type": "LineString", "coordinates": [[8.66915, 45.80076], [8.66943, 45.80102], [8.66961, 45.80129], [8.66979, 45.80148], [8.67003, 45.8016], [8.6702, 45.80175], [8.67025, 45.80199], [8.67041, 45.80221], [8.67062, 45.80273], [8.67071, 45.80314], [8.67066, 45.80341], [8.67066, 45.80359], [8.67076, 45.80391], [8.67102, 45.80429], [8.67113, 45.8045], [8.67113, 45.80463], [8.6712, 45.80473], [8.67148, 45.80484], [8.67161, 45.80484], [8.67193, 45.80473], [8.67249, 45.80458], [8.67271, 45.80454], [8.67312, 45.80478], [8.67324, 45.8048], [8.67401, 45.80483], [8.67423, 45.80482], [8.67461, 45.80475], [8.67485, 45.80459], [8.67505, 45.80465], [8.67539, 45.8046], [8.67572, 45.80461], [8.67584, 45.80478], [8.67606, 45.80479], [8.67663, 45.80465], [8.67704, 45.80466], [8.67716, 45.80469]]}, "properties": {"nome_tratto": "Torrente Acquanegra", "corpo_idrico": "acquanegra", "corpo_nome": "Torrente Acquanegra", "layer": "base", "segmento_id": null, "bank": "both", "zona_id": "acquanegra_residuo", "regime": "ordinario_C_lago", "regime_etichetta": "Regime Ordinario C — Lago (FIPSAS)", "tipo_acqua": "C", "pesca_consentita": true, "geometria": "LineString", "matrice": {"regime_amministrativo": "fipsas", "regime_amministrativo_etichetta": "FIPSAS", "classificazione_biologica": "C", "classificazione_etichetta": "Cat. C", "modalita": "sponda", "tipo_geometria_normativa": "linea", "eredita": [{"livello": 1, "asse": "classificazione_biologica", "id": "C", "blocco": "ordinario_C_lago"}, {"livello": 1, "asse": "regime_amministrativo", "id": "fipsas", "sostituisce_biologia": false}, {"livello": 2, "asse": "modalita_pesca", "id": "sponda"}, {"livello": 3, "asse": "eccezione_locale", "id": "acquanegra", "chiavi": ["permessi"]}]}, "regole": {"zona_id": "acquanegra_residuo", "zona_nome": "Torrente Acquanegra — Regime Ordinario C — Lago (FIPSAS)", "corpo_idrico": "acquanegra", "corpo_nome": "Torrente Acquanegra", "regime": "ordinario_C_lago", "regime_etichetta": "Regime Ordinario C — Lago (FIPSAS)", "regime_descrizione": "Lago minore ciprinicolo in concessione FIPSAS, con regole specifiche per riva e belly boat.", "tipo_acqua": "C", "tipo_acqua_etichetta": "Tipo C (ciprinicole)", "pesca_consentita": true, "priorita": 10, "estensione": {"tipo": "residuale", "descrizione": "Fuori dai tagli restrittivi (No-Kill, divieto, riserva)."}, "calendario": {"stagione": {"id": "tutto_anno", "etichetta": "Tutto l'anno", "inizio": null, "fine": null, "testo": "Tutto l'anno (salvo periodi di divieto per specie, par. 4.4)", "fonte": {"livello": "derivata", "riferimento": "par. 4.4", "estratto": ""}}, "giorni": {"id": "tutti_i_giorni", "etichetta": "Tutti i giorni", "settimana": ["lun", "mar", "mer", "gio", "ven", "sab", "dom"], "festivi_aggiuntivi": [], "testo": "Tutti i giorni della settimana", "fonte": {"livello": "derivata", "riferimento": "", "estratto": ""}}, "fascia_oraria": {"id": "h24_notturna_da_riva", "etichetta": "H24 (notturna solo da riva)", "da": null, "a": null, "notturna": {"consentita": true, "condizioni": ["solo da riva", "canna armata con max 5 ami"]}, "testo": "Pesca anche notturna, ma solo da riva e con canna armata con al massimo 5 ami", "fonte": {"livello": "testuale", "riferimento": "par. 4.8", "estratto": "Pesca notturna ammessa in tipo A e C, da riva, canna con max cinque ami"}}, "periodi_speciali": []}, "attrezzatura": {"attrezzi_ammessi": ["canna"], "canne_max": 3, "esche_max_per_canna": 5, "ami_max_per_canna": null, "ardiglione": "ammesso", "spazio_sponda_max_m": 10}, "esche": {"consentite": ["naturale", "artificiale"], "vietate": [], "pasturazione": "limitata_par_4_11"}, "tecniche": {"consentite": ["canna_da_riva", "pesca_notturna"], "vietate": ["imbarcazione"], "condizionate": []}, "prelievo": {"tipo": "ordinario", "rilascio_obbligatorio": false, "capi_trattenibili": "secondo limiti di cattura", "specie_sempre_protette_extra": [], "limiti_ref": "limiti_cattura", "misure_minime_cm": {"trota_fario": 25, "trota_marmorata": 40, "temolo": 35, "luccio": 60, "persico_reale": 16, "salmerino_alpino": 25}, "specie_protette": ["cobiti", "lasca", "scazzone", "anguilla", "savetta", "barbo canino", "lampreda padana", "pigo", "trota macrostigma"], "limiti": {"per_specie": {"luccio": 1, "trota_marmorata": 1, "temolo": 2}, "salmonidi_complessivi": 6, "kg_giornalieri_max": 5, "stop_al_limite": ["luccio", "salmonidi"], "obbligo_recisione_pinna_caudale": ["trote", "luccio", "coregone", "persico reale", "salmerino", "temolo", "siluro"], "fonte": {"livello": "testuale", "riferimento": "par. 4.5–4.6", "estratto": "luccio 1; trota marmorata 1; temolo 2; «6 capi complessivi di trote, salmerini e temoli»; massimo 5 kg/giorno di fauna ittica"}}}, "permessi": {"pacchetto": {"id": "fipsas_varese_ridotto", "etichetta": "Riva verde e alvei verdi — contributo ridotto FIPSAS Varese", "richiede_contributo_extra": true, "richiede_tesserino": true, "note": "Lago di Varese da riva, Fiume Bardello, Torrente Acquanegra, Canale Brabbia. Chi ha già il contributo annuale da 30 € non deve il ridotto.", "documenti": [{"id": "licenza_B", "etichetta": "Licenza di pesca tipo B", "costo_eur": 23.0, "ente": "Regione Lombardia (tassa regionale)", "validita": "12 mesi", "esenzioni": ["Residenti in Italia con meno di 18 anni", "Residenti in Italia con più di 65 anni", "Soggetti L. 104/1992 art. 3 (se pescano solo con canna)"], "fonte": {"livello": "testuale", "riferimento": "PESCARE NEI FIUMI/TORRENTI/CANALI", "estratto": "Licenza di pesca tipo B (€ 23,00)"}}, {"id": "tessera_fipsas", "etichetta": "Tessera FIPSAS", "costo_eur": 30.0, "costi_ridotti": [{"costo_eur": 6.0, "condizione": "nati dopo il 01.01.2011"}], "ente": "FIPSAS", "validita": "anno solare", "esenzioni": [], "fonte": {"livello": "testuale", "riferimento": "PESCARE NEI FIUMI/TORRENTI/CANALI", "estratto": "Tessera FIPSAS (€ 30,00; € 6,00 nati dopo il 01.01.2011)"}}, {"id": "contributo_gestione_ridotto", "etichetta": "Contributo di gestione RIDOTTO FIPSAS Varese", "costo_eur": 15.0, "ente": "FIPSAS Varese (concessionario)", "validita": "anno solare", "ambito": ["pesca da riva nei laghi con rive in verde (es. Lago di Ghirla)"], "assorbito_da": "contributo_gestione_annuale", "esenzioni": ["Nati dopo il 01.01.2008", "Disabili L. 104/1992 art. 3 c. 3"], "fonte": {"livello": "testuale", "riferimento": "Scheda Lago di Ghirla", "estratto": "Contributo di Gestione RIDOTTO FIPSAS Varese € 15 […] Chi ha già il contributo annuale € 30 non deve il ridotto da riva."}}, {"id": "tesserino_segnapesci", "etichetta": "Tesserino segnapesci del concessionario", "costo_eur": null, "ente": "FIPSAS Varese", "non_richiesto_se": ["permesso_giornaliero"], "punti_distribuzione": ["GERMIGNAGA PESCA — Piazza 20 Settembre, 29, Germignaga (VA)"], "fonte": {"livello": "testuale", "riferimento": "PESCARE NEI FIUMI/TORRENTI/CANALI", "estratto": "Tesserino segna pesci del Concessionario […] non è obbligatorio per chi utilizza il permesso giornaliero di pesca"}}], "costo_totale_eur": null, "costo_noto_eur": 68.0, "alternativa_non_tesserati": [{"id": "licenza_B", "etichetta": "Licenza di pesca tipo B"}, {"id": "permesso_giornaliero", "etichetta": "Permesso giornaliero (non tesserati FIPSAS)"}]}, "varianti": []}, "vincoli_speciali": [], "interpretazioni": [{"campo": "calendario", "nota": "Il prontuario non fissa una stagione di apertura per le acque di tipo C né i giorni ristretti del tipo B: restano validi i periodi di divieto per specie (par. 4.4)."}, {"campo": "attrezzatura.ardiglione", "nota": "L'obbligo di amo senza ardiglione è previsto testualmente solo per il tipo B."}], "fonti": [{"livello": "testuale", "riferimento": "Regole acque tipo A e C", "estratto": "Canna da pesca. Si può pescare con un massimo di tre canne, […] armate ciascuna con un massimo di cinque esche naturali o artificiali occupando uno spazio, comunque, non superiore a dieci metri di tratto di sponda."}, {"livello": "testuale", "riferimento": "par. 4.10", "estratto": "Acque di tipo C […] torrente Acquanegra"}], "note_corpo": "Emissario del Lago di Monate. Nel prontuario anche «Acqua Negra». Tipo C, contributo ridotto. In impalcatura.", "matrice": {"regime_amministrativo": "fipsas", "regime_amministrativo_etichetta": "FIPSAS", "classificazione_biologica": "C", "classificazione_etichetta": "Cat. C", "modalita": "sponda", "tipo_geometria_normativa": "linea", "eredita": [{"livello": 1, "asse": "classificazione_biologica", "id": "C", "blocco": "ordinario_C_lago"}, {"livello": 1, "asse": "regime_amministrativo", "id": "fipsas", "sostituisce_biologia": false}, {"livello": 2, "asse": "modalita_pesca", "id": "sponda"}, {"livello": 3, "asse": "eccezione_locale", "id": "acquanegra", "chiavi": ["permessi"]}]}}, "fonte_geometria": "reticolo_regionale_lombardia", "nome_regionale": "Acquanegra (Torrente)", "bacino_regionale": "TICINO", "sottobacino": "Lago Maggiore (Verbano)", "cod_ptua16": "IT03N0080980011LO", "natura": "naturale", "lunghezza_m": 992, "capisaldi_estremi": [], "id": "acquanegra_004"}}, {"type": "Feature", "geometry": {"type": "LineString", "coordinates": [[8.67539, 45.8046], [8.67562, 45.80486], [8.67569, 45.80506], [8.67614, 45.80508], [8.67664, 45.80496], [8.67688, 45.80485], [8.67697, 45.80474], [8.67716, 45.80469], [8.6774, 45.80472], [8.67759, 45.80466], [8.67797, 45.8046], [8.67813, 45.80465], [8.67852, 45.80486], [8.67862, 45.80482], [8.68008, 45.80505], [8.68044, 45.80513], [8.68086, 45.80536], [8.68093, 45.8055], [8.68102, 45.8058], [8.68123, 45.80604], [8.68143, 45.80607], [8.68174, 45.80596], [8.68204, 45.80596], [8.68275, 45.80567], [8.6831, 45.80566], [8.6832, 45.8057], [8.68317, 45.80592], [8.68324, 45.806]]}, "properties": {"nome_tratto": "Torrente Acquanegra", "corpo_idrico": "acquanegra", "corpo_nome": "Torrente Acquanegra", "layer": "base", "segmento_id": null, "bank": "both", "zona_id": "acquanegra_residuo", "regime": "ordinario_C_lago", "regime_etichetta": "Regime Ordinario C — Lago (FIPSAS)", "tipo_acqua": "C", "pesca_consentita": true, "geometria": "LineString", "matrice": {"regime_amministrativo": "fipsas", "regime_amministrativo_etichetta": "FIPSAS", "classificazione_biologica": "C", "classificazione_etichetta": "Cat. C", "modalita": "sponda", "tipo_geometria_normativa": "linea", "eredita": [{"livello": 1, "asse": "classificazione_biologica", "id": "C", "blocco": "ordinario_C_lago"}, {"livello": 1, "asse": "regime_amministrativo", "id": "fipsas", "sostituisce_biologia": false}, {"livello": 2, "asse": "modalita_pesca", "id": "sponda"}, {"livello": 3, "asse": "eccezione_locale", "id": "acquanegra", "chiavi": ["permessi"]}]}, "regole": {"zona_id": "acquanegra_residuo", "zona_nome": "Torrente Acquanegra — Regime Ordinario C — Lago (FIPSAS)", "corpo_idrico": "acquanegra", "corpo_nome": "Torrente Acquanegra", "regime": "ordinario_C_lago", "regime_etichetta": "Regime Ordinario C — Lago (FIPSAS)", "regime_descrizione": "Lago minore ciprinicolo in concessione FIPSAS, con regole specifiche per riva e belly boat.", "tipo_acqua": "C", "tipo_acqua_etichetta": "Tipo C (ciprinicole)", "pesca_consentita": true, "priorita": 10, "estensione": {"tipo": "residuale", "descrizione": "Fuori dai tagli restrittivi (No-Kill, divieto, riserva)."}, "calendario": {"stagione": {"id": "tutto_anno", "etichetta": "Tutto l'anno", "inizio": null, "fine": null, "testo": "Tutto l'anno (salvo periodi di divieto per specie, par. 4.4)", "fonte": {"livello": "derivata", "riferimento": "par. 4.4", "estratto": ""}}, "giorni": {"id": "tutti_i_giorni", "etichetta": "Tutti i giorni", "settimana": ["lun", "mar", "mer", "gio", "ven", "sab", "dom"], "festivi_aggiuntivi": [], "testo": "Tutti i giorni della settimana", "fonte": {"livello": "derivata", "riferimento": "", "estratto": ""}}, "fascia_oraria": {"id": "h24_notturna_da_riva", "etichetta": "H24 (notturna solo da riva)", "da": null, "a": null, "notturna": {"consentita": true, "condizioni": ["solo da riva", "canna armata con max 5 ami"]}, "testo": "Pesca anche notturna, ma solo da riva e con canna armata con al massimo 5 ami", "fonte": {"livello": "testuale", "riferimento": "par. 4.8", "estratto": "Pesca notturna ammessa in tipo A e C, da riva, canna con max cinque ami"}}, "periodi_speciali": []}, "attrezzatura": {"attrezzi_ammessi": ["canna"], "canne_max": 3, "esche_max_per_canna": 5, "ami_max_per_canna": null, "ardiglione": "ammesso", "spazio_sponda_max_m": 10}, "esche": {"consentite": ["naturale", "artificiale"], "vietate": [], "pasturazione": "limitata_par_4_11"}, "tecniche": {"consentite": ["canna_da_riva", "pesca_notturna"], "vietate": ["imbarcazione"], "condizionate": []}, "prelievo": {"tipo": "ordinario", "rilascio_obbligatorio": false, "capi_trattenibili": "secondo limiti di cattura", "specie_sempre_protette_extra": [], "limiti_ref": "limiti_cattura", "misure_minime_cm": {"trota_fario": 25, "trota_marmorata": 40, "temolo": 35, "luccio": 60, "persico_reale": 16, "salmerino_alpino": 25}, "specie_protette": ["cobiti", "lasca", "scazzone", "anguilla", "savetta", "barbo canino", "lampreda padana", "pigo", "trota macrostigma"], "limiti": {"per_specie": {"luccio": 1, "trota_marmorata": 1, "temolo": 2}, "salmonidi_complessivi": 6, "kg_giornalieri_max": 5, "stop_al_limite": ["luccio", "salmonidi"], "obbligo_recisione_pinna_caudale": ["trote", "luccio", "coregone", "persico reale", "salmerino", "temolo", "siluro"], "fonte": {"livello": "testuale", "riferimento": "par. 4.5–4.6", "estratto": "luccio 1; trota marmorata 1; temolo 2; «6 capi complessivi di trote, salmerini e temoli»; massimo 5 kg/giorno di fauna ittica"}}}, "permessi": {"pacchetto": {"id": "fipsas_varese_ridotto", "etichetta": "Riva verde e alvei verdi — contributo ridotto FIPSAS Varese", "richiede_contributo_extra": true, "richiede_tesserino": true, "note": "Lago di Varese da riva, Fiume Bardello, Torrente Acquanegra, Canale Brabbia. Chi ha già il contributo annuale da 30 € non deve il ridotto.", "documenti": [{"id": "licenza_B", "etichetta": "Licenza di pesca tipo B", "costo_eur": 23.0, "ente": "Regione Lombardia (tassa regionale)", "validita": "12 mesi", "esenzioni": ["Residenti in Italia con meno di 18 anni", "Residenti in Italia con più di 65 anni", "Soggetti L. 104/1992 art. 3 (se pescano solo con canna)"], "fonte": {"livello": "testuale", "riferimento": "PESCARE NEI FIUMI/TORRENTI/CANALI", "estratto": "Licenza di pesca tipo B (€ 23,00)"}}, {"id": "tessera_fipsas", "etichetta": "Tessera FIPSAS", "costo_eur": 30.0, "costi_ridotti": [{"costo_eur": 6.0, "condizione": "nati dopo il 01.01.2011"}], "ente": "FIPSAS", "validita": "anno solare", "esenzioni": [], "fonte": {"livello": "testuale", "riferimento": "PESCARE NEI FIUMI/TORRENTI/CANALI", "estratto": "Tessera FIPSAS (€ 30,00; € 6,00 nati dopo il 01.01.2011)"}}, {"id": "contributo_gestione_ridotto", "etichetta": "Contributo di gestione RIDOTTO FIPSAS Varese", "costo_eur": 15.0, "ente": "FIPSAS Varese (concessionario)", "validita": "anno solare", "ambito": ["pesca da riva nei laghi con rive in verde (es. Lago di Ghirla)"], "assorbito_da": "contributo_gestione_annuale", "esenzioni": ["Nati dopo il 01.01.2008", "Disabili L. 104/1992 art. 3 c. 3"], "fonte": {"livello": "testuale", "riferimento": "Scheda Lago di Ghirla", "estratto": "Contributo di Gestione RIDOTTO FIPSAS Varese € 15 […] Chi ha già il contributo annuale € 30 non deve il ridotto da riva."}}, {"id": "tesserino_segnapesci", "etichetta": "Tesserino segnapesci del concessionario", "costo_eur": null, "ente": "FIPSAS Varese", "non_richiesto_se": ["permesso_giornaliero"], "punti_distribuzione": ["GERMIGNAGA PESCA — Piazza 20 Settembre, 29, Germignaga (VA)"], "fonte": {"livello": "testuale", "riferimento": "PESCARE NEI FIUMI/TORRENTI/CANALI", "estratto": "Tesserino segna pesci del Concessionario […] non è obbligatorio per chi utilizza il permesso giornaliero di pesca"}}], "costo_totale_eur": null, "costo_noto_eur": 68.0, "alternativa_non_tesserati": [{"id": "licenza_B", "etichetta": "Licenza di pesca tipo B"}, {"id": "permesso_giornaliero", "etichetta": "Permesso giornaliero (non tesserati FIPSAS)"}]}, "varianti": []}, "vincoli_speciali": [], "interpretazioni": [{"campo": "calendario", "nota": "Il prontuario non fissa una stagione di apertura per le acque di tipo C né i giorni ristretti del tipo B: restano validi i periodi di divieto per specie (par. 4.4)."}, {"campo": "attrezzatura.ardiglione", "nota": "L'obbligo di amo senza ardiglione è previsto testualmente solo per il tipo B."}], "fonti": [{"livello": "testuale", "riferimento": "Regole acque tipo A e C", "estratto": "Canna da pesca. Si può pescare con un massimo di tre canne, […] armate ciascuna con un massimo di cinque esche naturali o artificiali occupando uno spazio, comunque, non superiore a dieci metri di tratto di sponda."}, {"livello": "testuale", "riferimento": "par. 4.10", "estratto": "Acque di tipo C […] torrente Acquanegra"}], "note_corpo": "Emissario del Lago di Monate. Nel prontuario anche «Acqua Negra». Tipo C, contributo ridotto. In impalcatura.", "matrice": {"regime_amministrativo": "fipsas", "regime_amministrativo_etichetta": "FIPSAS", "classificazione_biologica": "C", "classificazione_etichetta": "Cat. C", "modalita": "sponda", "tipo_geometria_normativa": "linea", "eredita": [{"livello": 1, "asse": "classificazione_biologica", "id": "C", "blocco": "ordinario_C_lago"}, {"livello": 1, "asse": "regime_amministrativo", "id": "fipsas", "sostituisce_biologia": false}, {"livello": 2, "asse": "modalita_pesca", "id": "sponda"}, {"livello": 3, "asse": "eccezione_locale", "id": "acquanegra", "chiavi": ["permessi"]}]}}, "fonte_geometria": "reticolo_regionale_lombardia", "nome_regionale": "Acquanegra (Torrente)", "bacino_regionale": "TICINO", "sottobacino": "Lago Maggiore (Verbano)", "cod_ptua16": "IT03N0080980011LO", "natura": "naturale", "lunghezza_m": 780, "capisaldi_estremi": [], "id": "acquanegra_005"}}, {"type": "Feature", "geometry": {"type": "LineString", "coordinates": [[8.68541, 45.8067], [8.68574, 45.80688], [8.68596, 45.80691], [8.68638, 45.80687], [8.68658, 45.80676], [8.68668, 45.80661], [8.68685, 45.80657], [8.68702, 45.80671], [8.68732, 45.80688], [8.68748, 45.80694], [8.68795, 45.80701], [8.68811, 45.80717], [8.68809, 45.80739], [8.68817, 45.80746], [8.68813, 45.80773], [8.68831, 45.80777], [8.6885, 45.80789], [8.68864, 45.80792], [8.68875, 45.80778], [8.68927, 45.80808], [8.68957, 45.80807], [8.68964, 45.80822], [8.68959, 45.80837], [8.68965, 45.80859], [8.68983, 45.80871], [8.68983, 45.80893], [8.68974, 45.8092], [8.68954, 45.80953], [8.68955, 45.80966], [8.68976, 45.8098], [8.69015, 45.80976], [8.69032, 45.8098], [8.6906, 45.80991], [8.69106, 45.80993], [8.69121, 45.81003], [8.69149, 45.81005], [8.69152, 45.81016], [8.69134, 45.81044], [8.69102, 45.81054], [8.69099, 45.81064], [8.69068, 45.81083], [8.69068, 45.81096], [8.69057, 45.81105], [8.69038, 45.81109], [8.69039, 45.81172], [8.69054, 45.81177], [8.6907, 45.812], [8.69088, 45.81204], [8.69093, 45.81217], [8.69104, 45.81221], [8.69107, 45.81237], [8.69119, 45.81247], [8.6912, 45.81263], [8.69138, 45.81271], [8.69115, 45.81291], [8.69116, 45.81301], [8.69106, 45.81315], [8.69129, 45.8131], [8.69139, 45.81326], [8.6911, 45.8134], [8.69106, 45.8135], [8.69111, 45.81368], [8.69123, 45.81378], [8.6911, 45.8139], [8.69104, 45.81402], [8.6911, 45.81422], [8.69092, 45.81423], [8.6908, 45.8144], [8.69068, 45.81445], [8.69034, 45.81447], [8.69027, 45.8146], [8.68995, 45.81464], [8.68994, 45.81477], [8.68981, 45.81492], [8.68943, 45.81507], [8.68915, 45.81541], [8.689, 45.81539], [8.68886, 45.81548], [8.68876, 45.81563], [8.68844, 45.81562], [8.68838, 45.81568], [8.68797, 45.81572], [8.6879, 45.81585], [8.68778, 45.81589], [8.68771, 45.81606], [8.68773, 45.81622], [8.68742, 45.81612], [8.68689, 45.816], [8.68667, 45.81608], [8.68653, 45.81635], [8.6864, 45.81642], [8.68622, 45.81672], [8.68603, 45.81674], [8.68605, 45.81685], [8.68625, 45.8169], [8.68628, 45.81699], [8.68616, 45.8171], [8.68596, 45.81712], [8.68571, 45.81708], [8.68564, 45.81715], [8.6855, 45.81716], [8.68527, 45.81705], [8.68501, 45.81709], [8.685, 45.81721], [8.68479, 45.81721], [8.68455, 45.81709], [8.68437, 45.81706], [8.68423, 45.81723], [8.68428, 45.81741], [8.68417, 45.81765], [8.6838, 45.81761], [8.68356, 45.81743], [8.68334, 45.81745], [8.68311, 45.81736], [8.68297, 45.81743], [8.68281, 45.81742], [8.68272, 45.81718], [8.68291, 45.81716], [8.68298, 45.81709], [8.68279, 45.81696], [8.68257, 45.81698], [8.68249, 45.81691], [8.68227, 45.81686], [8.68203, 45.81689], [8.68187, 45.81678], [8.68187, 45.81665], [8.68179, 45.81658], [8.68164, 45.81659], [8.68123, 45.81652], [8.68108, 45.81657], [8.68098, 45.81651], [8.68099, 45.81621], [8.6809, 45.81602], [8.68061, 45.81579], [8.68037, 45.81575], [8.68031, 45.81558], [8.68018, 45.81546], [8.68009, 45.81522], [8.68005, 45.81477], [8.6799, 45.81457], [8.67978, 45.81447], [8.67961, 45.81442], [8.6793, 45.81445], [8.67906, 45.81455], [8.67891, 45.81458], [8.67873, 45.81451], [8.67843, 45.81458], [8.67793, 45.81465], [8.67773, 45.81456], [8.67762, 45.81466], [8.67746, 45.81467], [8.67737, 45.81453], [8.67755, 45.81439], [8.67728, 45.81429], [8.67728, 45.81416], [8.67714, 45.81403], [8.67707, 45.81371], [8.67692, 45.81372], [8.67672, 45.8139], [8.67662, 45.8139], [8.67608, 45.81373], [8.67588, 45.81373], [8.67571, 45.81367], [8.6756, 45.8137], [8.67533, 45.81385], [8.67509, 45.81387], [8.67494, 45.81384], [8.67484, 45.8139], [8.67466, 45.81392], [8.67439, 45.8139], [8.67422, 45.81376], [8.67393, 45.81396], [8.6738, 45.814], [8.67368, 45.81389], [8.67331, 45.81386], [8.67276, 45.8141], [8.67262, 45.81412], [8.67253, 45.8142], [8.67248, 45.81439], [8.6725, 45.81456], [8.67228, 45.81458], [8.67214, 45.81483], [8.67214, 45.815], [8.67196, 45.81506], [8.67177, 45.81495], [8.67167, 45.81479], [8.67132, 45.81478], [8.6709, 45.81472], [8.67067, 45.81464], [8.67038, 45.81469], [8.67009, 45.81463], [8.66988, 45.81461], [8.66961, 45.81471], [8.66939, 45.81489], [8.66916, 45.81496], [8.66905, 45.81507], [8.66876, 45.8152], [8.66843, 45.81543], [8.66842, 45.81559], [8.66853, 45.81565], [8.6685, 45.81581], [8.66825, 45.81587], [8.66818, 45.81598], [8.66793, 45.81612], [8.66776, 45.81613], [8.66775, 45.81651], [8.66796, 45.81663], [8.668, 45.81677], [8.66792, 45.81694], [8.66793, 45.8171], [8.66786, 45.81717], [8.66759, 45.81721], [8.66751, 45.81749], [8.66717, 45.81764], [8.66691, 45.81813], [8.66691, 45.81835], [8.66681, 45.81848], [8.66691, 45.81865], [8.66691, 45.81882], [8.66678, 45.81897], [8.66679, 45.81919], [8.66667, 45.81923], [8.66645, 45.81915], [8.66601, 45.81911], [8.66568, 45.81928], [8.66562, 45.81947], [8.66547, 45.8195], [8.6653, 45.8194], [8.66509, 45.8194], [8.66497, 45.81946], [8.66499, 45.81962], [8.66478, 45.81968], [8.66462, 45.81979], [8.66439, 45.81981], [8.66431, 45.81997], [8.66417, 45.82002], [8.66388, 45.81996], [8.6637, 45.82002], [8.66353, 45.81992], [8.66337, 45.81973], [8.66321, 45.81967], [8.6631, 45.81971], [8.66299, 45.81987], [8.66281, 45.8199], [8.66271, 45.82004], [8.66289, 45.82025], [8.66286, 45.8204], [8.66272, 45.82042], [8.66228, 45.82025], [8.66214, 45.82019], [8.66195, 45.82031], [8.66165, 45.8204], [8.66156, 45.82019], [8.66128, 45.8201], [8.66116, 45.82015], [8.66122, 45.8204], [8.66113, 45.82054], [8.66083, 45.82053], [8.6607, 45.82057], [8.66066, 45.82081], [8.66059, 45.82087], [8.66036, 45.82089], [8.66016, 45.82086], [8.66, 45.82079], [8.65989, 45.82063], [8.66011, 45.82054], [8.66003, 45.82043], [8.65983, 45.82042], [8.6596, 45.82052], [8.65946, 45.82041], [8.65927, 45.82046], [8.65931, 45.82065], [8.65898, 45.82078], [8.65889, 45.82073], [8.65895, 45.82052], [8.65857, 45.8205], [8.65842, 45.82065], [8.65804, 45.82058], [8.65792, 45.82052], [8.6581, 45.82029], [8.65813, 45.82013], [8.65802, 45.82004], [8.65785, 45.82009], [8.65781, 45.81978], [8.6579, 45.81962], [8.65826, 45.81942], [8.6586, 45.81934], [8.65854, 45.81903], [8.65835, 45.81865], [8.65811, 45.81856], [8.65802, 45.81834], [8.65801, 45.81817], [8.65792, 45.81807], [8.65788, 45.81775], [8.65775, 45.81763], [8.6577, 45.81744], [8.65762, 45.81732], [8.65749, 45.81694], [8.65737, 45.81688], [8.65739, 45.81661], [8.65724, 45.81629], [8.65734, 45.81615], [8.65731, 45.81588], [8.65748, 45.81576], [8.65745, 45.81556], [8.65725, 45.81543], [8.65723, 45.81528], [8.65705, 45.81507], [8.65695, 45.81502], [8.65674, 45.81507], [8.6567, 45.81525], [8.65656, 45.81518], [8.65646, 45.8149], [8.65653, 45.81469], [8.65632, 45.81466], [8.65616, 45.81473], [8.65605, 45.81459], [8.65588, 45.81453], [8.65573, 45.81434], [8.65528, 45.81418], [8.65514, 45.81401], [8.6549, 45.81399], [8.65479, 45.81416], [8.65432, 45.81425], [8.65416, 45.81423], [8.65411, 45.81416], [8.65417, 45.81403], [8.65435, 45.81397], [8.65441, 45.81389], [8.65427, 45.81378], [8.65403, 45.81373], [8.65389, 45.81359], [8.65389, 45.81345], [8.65408, 45.8133], [8.65404, 45.81314], [8.65371, 45.81315], [8.6536, 45.81307], [8.65376, 45.81295], [8.65373, 45.81289], [8.65348, 45.81276], [8.65333, 45.81275], [8.65294, 45.81287], [8.6528, 45.81287], [8.65278, 45.81266], [8.65269, 45.81253], [8.65254, 45.81247], [8.6523, 45.81247], [8.65233, 45.81232], [8.65254, 45.81238], [8.65264, 45.8122], [8.65258, 45.81212], [8.65233, 45.81198], [8.65214, 45.81197], [8.65169, 45.81215], [8.65152, 45.81216], [8.65111, 45.81207], [8.651, 45.81209], [8.65096, 45.81227], [8.65084, 45.81241], [8.65064, 45.81248], [8.65027, 45.81251], [8.65024, 45.81263], [8.65009, 45.81264], [8.64994, 45.81257], [8.64984, 45.81243], [8.64957, 45.81255], [8.64925, 45.81253], [8.64913, 45.81264], [8.64882, 45.81236], [8.6488, 45.81216], [8.64856, 45.81218], [8.64842, 45.8123], [8.64796, 45.81218], [8.64808, 45.81196], [8.648, 45.81181], [8.648, 45.81166], [8.64783, 45.81169], [8.64767, 45.8119], [8.64741, 45.81183], [8.64747, 45.81211], [8.64735, 45.81216], [8.64718, 45.81211], [8.64708, 45.81202], [8.64712, 45.81185], [8.64687, 45.81188], [8.64678, 45.81199], [8.64684, 45.81215], [8.64647, 45.81243], [8.64624, 45.81254], [8.64607, 45.81254], [8.64593, 45.81242], [8.64567, 45.8123], [8.64551, 45.81234], [8.64544, 45.81244], [8.64541, 45.8126], [8.6453, 45.8126], [8.64494, 45.81238], [8.6448, 45.81243], [8.64496, 45.81263], [8.64503, 45.81286], [8.64529, 45.81296], [8.6455, 45.81314], [8.64561, 45.81329], [8.64544, 45.81341], [8.64522, 45.81346], [8.64501, 45.81342], [8.64487, 45.81331], [8.64475, 45.81328], [8.64442, 45.81332], [8.64405, 45.81327], [8.64386, 45.81332], [8.64346, 45.8135], [8.64302, 45.81356], [8.64284, 45.81366], [8.64262, 45.81372], [8.64224, 45.81371], [8.64206, 45.81377], [8.64198, 45.81386], [8.64157, 45.81403], [8.64144, 45.81412], [8.64121, 45.8142], [8.64104, 45.81419], [8.64088, 45.81394], [8.64078, 45.81388], [8.64048, 45.81385], [8.64025, 45.81404], [8.64008, 45.81413], [8.64009, 45.81436], [8.63991, 45.81446], [8.6398, 45.81459], [8.63985, 45.81469], [8.63971, 45.81484], [8.63965, 45.81514], [8.63991, 45.81531], [8.64, 45.81548], [8.63998, 45.81561], [8.63978, 45.81565], [8.63926, 45.81569], [8.63921, 45.81561], [8.63934, 45.81549], [8.63929, 45.81534], [8.63921, 45.81532], [8.63888, 45.81541], [8.63878, 45.8156], [8.63862, 45.81568], [8.63842, 45.81566], [8.63823, 45.81559], [8.63808, 45.81547], [8.63775, 45.81526], [8.6376, 45.81521], [8.63743, 45.81525], [8.63748, 45.81568], [8.63755, 45.81586], [8.63747, 45.81602], [8.63709, 45.81593], [8.63706, 45.81578], [8.63692, 45.81567], [8.63656, 45.81568], [8.63641, 45.81581], [8.63628, 45.81582], [8.63619, 45.81558], [8.6358, 45.81547], [8.63548, 45.81554], [8.63507, 45.81545], [8.63489, 45.81547], [8.63471, 45.81567], [8.63489, 45.81577], [8.63497, 45.81593], [8.63474, 45.81602], [8.63446, 45.81601], [8.63418, 45.81594], [8.63399, 45.81577], [8.63402, 45.81562], [8.63394, 45.81556], [8.63373, 45.81562], [8.63355, 45.81592], [8.63339, 45.81634], [8.63323, 45.81647], [8.63294, 45.81638], [8.63282, 45.81641], [8.63282, 45.81658], [8.63313, 45.81664], [8.63332, 45.81676], [8.63337, 45.81699], [8.63363, 45.81707], [8.63383, 45.81722], [8.63402, 45.81751], [8.63397, 45.81758], [8.6338, 45.81756], [8.63352, 45.81762], [8.63326, 45.81755], [8.63306, 45.81746], [8.63263, 45.81767], [8.63255, 45.81781], [8.6324, 45.81787], [8.63209, 45.81784], [8.63172, 45.81797], [8.6315, 45.81809], [8.63137, 45.81807], [8.6312, 45.81797], [8.63093, 45.81787], [8.6308, 45.81796], [8.63077, 45.81812], [8.63057, 45.81823], [8.63032, 45.81827], [8.63024, 45.81822], [8.63014, 45.81799], [8.62999, 45.81801], [8.62973, 45.81811], [8.62937, 45.81808], [8.62916, 45.81815], [8.62908, 45.81828], [8.62916, 45.81843], [8.6292, 45.81867], [8.6293, 45.81893], [8.62923, 45.81915], [8.62894, 45.81918], [8.62847, 45.81932], [8.62809, 45.81928], [8.62788, 45.81934], [8.62786, 45.81941], [8.62778, 45.81966], [8.62799, 45.81973], [8.62786, 45.81941], [8.62776, 45.81954], [8.62778, 45.81966], [8.62781, 45.81983], [8.62775, 45.81996], [8.62776, 45.82018], [8.62769, 45.82042], [8.62759, 45.8206], [8.62764, 45.82075], [8.62789, 45.82099], [8.62792, 45.8212], [8.62776, 45.8213], [8.62745, 45.82114], [8.627, 45.82143], [8.62667, 45.82151], [8.62653, 45.82157], [8.62646, 45.82171], [8.62652, 45.82193], [8.62648, 45.82215], [8.62679, 45.82227], [8.62687, 45.82254], [8.62685, 45.82273], [8.62692, 45.8229], [8.62684, 45.82303], [8.62676, 45.82336], [8.62669, 45.8235], [8.62642, 45.82359], [8.62607, 45.82359], [8.62586, 45.8237], [8.62575, 45.8239], [8.6256, 45.82395], [8.62514, 45.82391], [8.62511, 45.82377], [8.625, 45.82364], [8.6243, 45.82344], [8.62404, 45.8235], [8.62381, 45.82365], [8.62361, 45.82396], [8.62362, 45.82411], [8.62377, 45.82449], [8.62385, 45.8246], [8.62398, 45.82466], [8.62427, 45.82502], [8.62442, 45.82511], [8.6248, 45.82517], [8.62516, 45.82527], [8.62535, 45.82539], [8.62465, 45.82654], [8.62443, 45.82681]]}, "properties": {"nome_tratto": "Torrente Acquanegra", "corpo_idrico": "acquanegra", "corpo_nome": "Torrente Acquanegra", "layer": "base", "segmento_id": null, "bank": "both", "zona_id": "acquanegra_residuo", "regime": "ordinario_C_lago", "regime_etichetta": "Regime Ordinario C — Lago (FIPSAS)", "tipo_acqua": "C", "pesca_consentita": true, "geometria": "LineString", "matrice": {"regime_amministrativo": "fipsas", "regime_amministrativo_etichetta": "FIPSAS", "classificazione_biologica": "C", "classificazione_etichetta": "Cat. C", "modalita": "sponda", "tipo_geometria_normativa": "linea", "eredita": [{"livello": 1, "asse": "classificazione_biologica", "id": "C", "blocco": "ordinario_C_lago"}, {"livello": 1, "asse": "regime_amministrativo", "id": "fipsas", "sostituisce_biologia": false}, {"livello": 2, "asse": "modalita_pesca", "id": "sponda"}, {"livello": 3, "asse": "eccezione_locale", "id": "acquanegra", "chiavi": ["permessi"]}]}, "regole": {"zona_id": "acquanegra_residuo", "zona_nome": "Torrente Acquanegra — Regime Ordinario C — Lago (FIPSAS)", "corpo_idrico": "acquanegra", "corpo_nome": "Torrente Acquanegra", "regime": "ordinario_C_lago", "regime_etichetta": "Regime Ordinario C — Lago (FIPSAS)", "regime_descrizione": "Lago minore ciprinicolo in concessione FIPSAS, con regole specifiche per riva e belly boat.", "tipo_acqua": "C", "tipo_acqua_etichetta": "Tipo C (ciprinicole)", "pesca_consentita": true, "priorita": 10, "estensione": {"tipo": "residuale", "descrizione": "Fuori dai tagli restrittivi (No-Kill, divieto, riserva)."}, "calendario": {"stagione": {"id": "tutto_anno", "etichetta": "Tutto l'anno", "inizio": null, "fine": null, "testo": "Tutto l'anno (salvo periodi di divieto per specie, par. 4.4)", "fonte": {"livello": "derivata", "riferimento": "par. 4.4", "estratto": ""}}, "giorni": {"id": "tutti_i_giorni", "etichetta": "Tutti i giorni", "settimana": ["lun", "mar", "mer", "gio", "ven", "sab", "dom"], "festivi_aggiuntivi": [], "testo": "Tutti i giorni della settimana", "fonte": {"livello": "derivata", "riferimento": "", "estratto": ""}}, "fascia_oraria": {"id": "h24_notturna_da_riva", "etichetta": "H24 (notturna solo da riva)", "da": null, "a": null, "notturna": {"consentita": true, "condizioni": ["solo da riva", "canna armata con max 5 ami"]}, "testo": "Pesca anche notturna, ma solo da riva e con canna armata con al massimo 5 ami", "fonte": {"livello": "testuale", "riferimento": "par. 4.8", "estratto": "Pesca notturna ammessa in tipo A e C, da riva, canna con max cinque ami"}}, "periodi_speciali": []}, "attrezzatura": {"attrezzi_ammessi": ["canna"], "canne_max": 3, "esche_max_per_canna": 5, "ami_max_per_canna": null, "ardiglione": "ammesso", "spazio_sponda_max_m": 10}, "esche": {"consentite": ["naturale", "artificiale"], "vietate": [], "pasturazione": "limitata_par_4_11"}, "tecniche": {"consentite": ["canna_da_riva", "pesca_notturna"], "vietate": ["imbarcazione"], "condizionate": []}, "prelievo": {"tipo": "ordinario", "rilascio_obbligatorio": false, "capi_trattenibili": "secondo limiti di cattura", "specie_sempre_protette_extra": [], "limiti_ref": "limiti_cattura", "misure_minime_cm": {"trota_fario": 25, "trota_marmorata": 40, "temolo": 35, "luccio": 60, "persico_reale": 16, "salmerino_alpino": 25}, "specie_protette": ["cobiti", "lasca", "scazzone", "anguilla", "savetta", "barbo canino", "lampreda padana", "pigo", "trota macrostigma"], "limiti": {"per_specie": {"luccio": 1, "trota_marmorata": 1, "temolo": 2}, "salmonidi_complessivi": 6, "kg_giornalieri_max": 5, "stop_al_limite": ["luccio", "salmonidi"], "obbligo_recisione_pinna_caudale": ["trote", "luccio", "coregone", "persico reale", "salmerino", "temolo", "siluro"], "fonte": {"livello": "testuale", "riferimento": "par. 4.5–4.6", "estratto": "luccio 1; trota marmorata 1; temolo 2; «6 capi complessivi di trote, salmerini e temoli»; massimo 5 kg/giorno di fauna ittica"}}}, "permessi": {"pacchetto": {"id": "fipsas_varese_ridotto", "etichetta": "Riva verde e alvei verdi — contributo ridotto FIPSAS Varese", "richiede_contributo_extra": true, "richiede_tesserino": true, "note": "Lago di Varese da riva, Fiume Bardello, Torrente Acquanegra, Canale Brabbia. Chi ha già il contributo annuale da 30 € non deve il ridotto.", "documenti": [{"id": "licenza_B", "etichetta": "Licenza di pesca tipo B", "costo_eur": 23.0, "ente": "Regione Lombardia (tassa regionale)", "validita": "12 mesi", "esenzioni": ["Residenti in Italia con meno di 18 anni", "Residenti in Italia con più di 65 anni", "Soggetti L. 104/1992 art. 3 (se pescano solo con canna)"], "fonte": {"livello": "testuale", "riferimento": "PESCARE NEI FIUMI/TORRENTI/CANALI", "estratto": "Licenza di pesca tipo B (€ 23,00)"}}, {"id": "tessera_fipsas", "etichetta": "Tessera FIPSAS", "costo_eur": 30.0, "costi_ridotti": [{"costo_eur": 6.0, "condizione": "nati dopo il 01.01.2011"}], "ente": "FIPSAS", "validita": "anno solare", "esenzioni": [], "fonte": {"livello": "testuale", "riferimento": "PESCARE NEI FIUMI/TORRENTI/CANALI", "estratto": "Tessera FIPSAS (€ 30,00; € 6,00 nati dopo il 01.01.2011)"}}, {"id": "contributo_gestione_ridotto", "etichetta": "Contributo di gestione RIDOTTO FIPSAS Varese", "costo_eur": 15.0, "ente": "FIPSAS Varese (concessionario)", "validita": "anno solare", "ambito": ["pesca da riva nei laghi con rive in verde (es. Lago di Ghirla)"], "assorbito_da": "contributo_gestione_annuale", "esenzioni": ["Nati dopo il 01.01.2008", "Disabili L. 104/1992 art. 3 c. 3"], "fonte": {"livello": "testuale", "riferimento": "Scheda Lago di Ghirla", "estratto": "Contributo di Gestione RIDOTTO FIPSAS Varese € 15 […] Chi ha già il contributo annuale € 30 non deve il ridotto da riva."}}, {"id": "tesserino_segnapesci", "etichetta": "Tesserino segnapesci del concessionario", "costo_eur": null, "ente": "FIPSAS Varese", "non_richiesto_se": ["permesso_giornaliero"], "punti_distribuzione": ["GERMIGNAGA PESCA — Piazza 20 Settembre, 29, Germignaga (VA)"], "fonte": {"livello": "testuale", "riferimento": "PESCARE NEI FIUMI/TORRENTI/CANALI", "estratto": "Tesserino segna pesci del Concessionario […] non è obbligatorio per chi utilizza il permesso giornaliero di pesca"}}], "costo_totale_eur": null, "costo_noto_eur": 68.0, "alternativa_non_tesserati": [{"id": "licenza_B", "etichetta": "Licenza di pesca tipo B"}, {"id": "permesso_giornaliero", "etichetta": "Permesso giornaliero (non tesserati FIPSAS)"}]}, "varianti": []}, "vincoli_speciali": [], "interpretazioni": [{"campo": "calendario", "nota": "Il prontuario non fissa una stagione di apertura per le acque di tipo C né i giorni ristretti del tipo B: restano validi i periodi di divieto per specie (par. 4.4)."}, {"campo": "attrezzatura.ardiglione", "nota": "L'obbligo di amo senza ardiglione è previsto testualmente solo per il tipo B."}], "fonti": [{"livello": "testuale", "riferimento": "Regole acque tipo A e C", "estratto": "Canna da pesca. Si può pescare con un massimo di tre canne, […] armate ciascuna con un massimo di cinque esche naturali o artificiali occupando uno spazio, comunque, non superiore a dieci metri di tratto di sponda."}, {"livello": "testuale", "riferimento": "par. 4.10", "estratto": "Acque di tipo C […] torrente Acquanegra"}], "note_corpo": "Emissario del Lago di Monate. Nel prontuario anche «Acqua Negra». Tipo C, contributo ridotto. In impalcatura.", "matrice": {"regime_amministrativo": "fipsas", "regime_amministrativo_etichetta": "FIPSAS", "classificazione_biologica": "C", "classificazione_etichetta": "Cat. C", "modalita": "sponda", "tipo_geometria_normativa": "linea", "eredita": [{"livello": 1, "asse": "classificazione_biologica", "id": "C", "blocco": "ordinario_C_lago"}, {"livello": 1, "asse": "regime_amministrativo", "id": "fipsas", "sostituisce_biologia": false}, {"livello": 2, "asse": "modalita_pesca", "id": "sponda"}, {"livello": 3, "asse": "eccezione_locale", "id": "acquanegra", "chiavi": ["permessi"]}]}}, "fonte_geometria": "reticolo_regionale_lombardia", "nome_regionale": "Acquanegra (Torrente)", "bacino_regionale": "TICINO", "sottobacino": "Lago Maggiore (Verbano)", "cod_ptua16": "IT03N0080980011LO", "natura": "naturale", "lunghezza_m": 12223, "capisaldi_estremi": [], "id": "acquanegra_006"}}, {"type": "Feature", "geometry": {"type": "LineString", "coordinates": [[8.66228, 45.82025], [8.66214, 45.82019], [8.66228, 45.82025]]}, "properties": {"nome_tratto": "Torrente Acquanegra", "corpo_idrico": "acquanegra", "corpo_nome": "Torrente Acquanegra", "layer": "base", "segmento_id": null, "bank": "both", "zona_id": "acquanegra_residuo", "regime": "ordinario_C_lago", "regime_etichetta": "Regime Ordinario C — Lago (FIPSAS)", "tipo_acqua": "C", "pesca_consentita": true, "geometria": "LineString", "matrice": {"regime_amministrativo": "fipsas", "regime_amministrativo_etichetta": "FIPSAS", "classificazione_biologica": "C", "classificazione_etichetta": "Cat. C", "modalita": "sponda", "tipo_geometria_normativa": "linea", "eredita": [{"livello": 1, "asse": "classificazione_biologica", "id": "C", "blocco": "ordinario_C_lago"}, {"livello": 1, "asse": "regime_amministrativo", "id": "fipsas", "sostituisce_biologia": false}, {"livello": 2, "asse": "modalita_pesca", "id": "sponda"}, {"livello": 3, "asse": "eccezione_locale", "id": "acquanegra", "chiavi": ["permessi"]}]}, "regole": {"zona_id": "acquanegra_residuo", "zona_nome": "Torrente Acquanegra — Regime Ordinario C — Lago (FIPSAS)", "corpo_idrico": "acquanegra", "corpo_nome": "Torrente Acquanegra", "regime": "ordinario_C_lago", "regime_etichetta": "Regime Ordinario C — Lago (FIPSAS)", "regime_descrizione": "Lago minore ciprinicolo in concessione FIPSAS, con regole specifiche per riva e belly boat.", "tipo_acqua": "C", "tipo_acqua_etichetta": "Tipo C (ciprinicole)", "pesca_consentita": true, "priorita": 10, "estensione": {"tipo": "residuale", "descrizione": "Fuori dai tagli restrittivi (No-Kill, divieto, riserva)."}, "calendario": {"stagione": {"id": "tutto_anno", "etichetta": "Tutto l'anno", "inizio": null, "fine": null, "testo": "Tutto l'anno (salvo periodi di divieto per specie, par. 4.4)", "fonte": {"livello": "derivata", "riferimento": "par. 4.4", "estratto": ""}}, "giorni": {"id": "tutti_i_giorni", "etichetta": "Tutti i giorni", "settimana": ["lun", "mar", "mer", "gio", "ven", "sab", "dom"], "festivi_aggiuntivi": [], "testo": "Tutti i giorni della settimana", "fonte": {"livello": "derivata", "riferimento": "", "estratto": ""}}, "fascia_oraria": {"id": "h24_notturna_da_riva", "etichetta": "H24 (notturna solo da riva)", "da": null, "a": null, "notturna": {"consentita": true, "condizioni": ["solo da riva", "canna armata con max 5 ami"]}, "testo": "Pesca anche notturna, ma solo da riva e con canna armata con al massimo 5 ami", "fonte": {"livello": "testuale", "riferimento": "par. 4.8", "estratto": "Pesca notturna ammessa in tipo A e C, da riva, canna con max cinque ami"}}, "periodi_speciali": []}, "attrezzatura": {"attrezzi_ammessi": ["canna"], "canne_max": 3, "esche_max_per_canna": 5, "ami_max_per_canna": null, "ardiglione": "ammesso", "spazio_sponda_max_m": 10}, "esche": {"consentite": ["naturale", "artificiale"], "vietate": [], "pasturazione": "limitata_par_4_11"}, "tecniche": {"consentite": ["canna_da_riva", "pesca_notturna"], "vietate": ["imbarcazione"], "condizionate": []}, "prelievo": {"tipo": "ordinario", "rilascio_obbligatorio": false, "capi_trattenibili": "secondo limiti di cattura", "specie_sempre_protette_extra": [], "limiti_ref": "limiti_cattura", "misure_minime_cm": {"trota_fario": 25, "trota_marmorata": 40, "temolo": 35, "luccio": 60, "persico_reale": 16, "salmerino_alpino": 25}, "specie_protette": ["cobiti", "lasca", "scazzone", "anguilla", "savetta", "barbo canino", "lampreda padana", "pigo", "trota macrostigma"], "limiti": {"per_specie": {"luccio": 1, "trota_marmorata": 1, "temolo": 2}, "salmonidi_complessivi": 6, "kg_giornalieri_max": 5, "stop_al_limite": ["luccio", "salmonidi"], "obbligo_recisione_pinna_caudale": ["trote", "luccio", "coregone", "persico reale", "salmerino", "temolo", "siluro"], "fonte": {"livello": "testuale", "riferimento": "par. 4.5–4.6", "estratto": "luccio 1; trota marmorata 1; temolo 2; «6 capi complessivi di trote, salmerini e temoli»; massimo 5 kg/giorno di fauna ittica"}}}, "permessi": {"pacchetto": {"id": "fipsas_varese_ridotto", "etichetta": "Riva verde e alvei verdi — contributo ridotto FIPSAS Varese", "richiede_contributo_extra": true, "richiede_tesserino": true, "note": "Lago di Varese da riva, Fiume Bardello, Torrente Acquanegra, Canale Brabbia. Chi ha già il contributo annuale da 30 € non deve il ridotto.", "documenti": [{"id": "licenza_B", "etichetta": "Licenza di pesca tipo B", "costo_eur": 23.0, "ente": "Regione Lombardia (tassa regionale)", "validita": "12 mesi", "esenzioni": ["Residenti in Italia con meno di 18 anni", "Residenti in Italia con più di 65 anni", "Soggetti L. 104/1992 art. 3 (se pescano solo con canna)"], "fonte": {"livello": "testuale", "riferimento": "PESCARE NEI FIUMI/TORRENTI/CANALI", "estratto": "Licenza di pesca tipo B (€ 23,00)"}}, {"id": "tessera_fipsas", "etichetta": "Tessera FIPSAS", "costo_eur": 30.0, "costi_ridotti": [{"costo_eur": 6.0, "condizione": "nati dopo il 01.01.2011"}], "ente": "FIPSAS", "validita": "anno solare", "esenzioni": [], "fonte": {"livello": "testuale", "riferimento": "PESCARE NEI FIUMI/TORRENTI/CANALI", "estratto": "Tessera FIPSAS (€ 30,00; € 6,00 nati dopo il 01.01.2011)"}}, {"id": "contributo_gestione_ridotto", "etichetta": "Contributo di gestione RIDOTTO FIPSAS Varese", "costo_eur": 15.0, "ente": "FIPSAS Varese (concessionario)", "validita": "anno solare", "ambito": ["pesca da riva nei laghi con rive in verde (es. Lago di Ghirla)"], "assorbito_da": "contributo_gestione_annuale", "esenzioni": ["Nati dopo il 01.01.2008", "Disabili L. 104/1992 art. 3 c. 3"], "fonte": {"livello": "testuale", "riferimento": "Scheda Lago di Ghirla", "estratto": "Contributo di Gestione RIDOTTO FIPSAS Varese € 15 […] Chi ha già il contributo annuale € 30 non deve il ridotto da riva."}}, {"id": "tesserino_segnapesci", "etichetta": "Tesserino segnapesci del concessionario", "costo_eur": null, "ente": "FIPSAS Varese", "non_richiesto_se": ["permesso_giornaliero"], "punti_distribuzione": ["GERMIGNAGA PESCA — Piazza 20 Settembre, 29, Germignaga (VA)"], "fonte": {"livello": "testuale", "riferimento": "PESCARE NEI FIUMI/TORRENTI/CANALI", "estratto": "Tesserino segna pesci del Concessionario […] non è obbligatorio per chi utilizza il permesso giornaliero di pesca"}}], "costo_totale_eur": null, "costo_noto_eur": 68.0, "alternativa_non_tesserati": [{"id": "licenza_B", "etichetta": "Licenza di pesca tipo B"}, {"id": "permesso_giornaliero", "etichetta": "Permesso giornaliero (non tesserati FIPSAS)"}]}, "varianti": []}, "vincoli_speciali": [], "interpretazioni": [{"campo": "calendario", "nota": "Il prontuario non fissa una stagione di apertura per le acque di tipo C né i giorni ristretti del tipo B: restano validi i periodi di divieto per specie (par. 4.4)."}, {"campo": "attrezzatura.ardiglione", "nota": "L'obbligo di amo senza ardiglione è previsto testualmente solo per il tipo B."}], "fonti": [{"livello": "testuale", "riferimento": "Regole acque tipo A e C", "estratto": "Canna da pesca. Si può pescare con un massimo di tre canne, […] armate ciascuna con un massimo di cinque esche naturali o artificiali occupando uno spazio, comunque, non superiore a dieci metri di tratto di sponda."}, {"livello": "testuale", "riferimento": "par. 4.10", "estratto": "Acque di tipo C […] torrente Acquanegra"}], "note_corpo": "Emissario del Lago di Monate. Nel prontuario anche «Acqua Negra». Tipo C, contributo ridotto. In impalcatura.", "matrice": {"regime_amministrativo": "fipsas", "regime_amministrativo_etichetta": "FIPSAS", "classificazione_biologica": "C", "classificazione_etichetta": "Cat. C", "modalita": "sponda", "tipo_geometria_normativa": "linea", "eredita": [{"livello": 1, "asse": "classificazione_biologica", "id": "C", "blocco": "ordinario_C_lago"}, {"livello": 1, "asse": "regime_amministrativo", "id": "fipsas", "sostituisce_biologia": false}, {"livello": 2, "asse": "modalita_pesca", "id": "sponda"}, {"livello": 3, "asse": "eccezione_locale", "id": "acquanegra", "chiavi": ["permessi"]}]}}, "fonte_geometria": "reticolo_regionale_lombardia", "nome_regionale": "Acquanegra (Torrente)", "bacino_regionale": "TICINO", "sottobacino": "Lago Maggiore (Verbano)", "cod_ptua16": "IT03N0080980011LO", "natura": "naturale", "lunghezza_m": 25, "capisaldi_estremi": [], "id": "acquanegra_007"}}, {"type": "Feature", "geometry": {"type": "LineString", "coordinates": [[8.68204, 45.80596], [8.68211, 45.80607], [8.68262, 45.80619], [8.68302, 45.80599], [8.68324, 45.806], [8.68425, 45.80623], [8.68465, 45.80661], [8.68495, 45.80671], [8.68541, 45.8067], [8.68575, 45.80684], [8.68638, 45.80687]]}, "properties": {"nome_tratto": "Torrente Acquanegra", "corpo_idrico": "acquanegra", "corpo_nome": "Torrente Acquanegra", "layer": "base", "segmento_id": null, "bank": "both", "zona_id": "acquanegra_residuo", "regime": "ordinario_C_lago", "regime_etichetta": "Regime Ordinario C — Lago (FIPSAS)", "tipo_acqua": "C", "pesca_consentita": true, "geometria": "LineString", "matrice": {"regime_amministrativo": "fipsas", "regime_amministrativo_etichetta": "FIPSAS", "classificazione_biologica": "C", "classificazione_etichetta": "Cat. C", "modalita": "sponda", "tipo_geometria_normativa": "linea", "eredita": [{"livello": 1, "asse": "classificazione_biologica", "id": "C", "blocco": "ordinario_C_lago"}, {"livello": 1, "asse": "regime_amministrativo", "id": "fipsas", "sostituisce_biologia": false}, {"livello": 2, "asse": "modalita_pesca", "id": "sponda"}, {"livello": 3, "asse": "eccezione_locale", "id": "acquanegra", "chiavi": ["permessi"]}]}, "regole": {"zona_id": "acquanegra_residuo", "zona_nome": "Torrente Acquanegra — Regime Ordinario C — Lago (FIPSAS)", "corpo_idrico": "acquanegra", "corpo_nome": "Torrente Acquanegra", "regime": "ordinario_C_lago", "regime_etichetta": "Regime Ordinario C — Lago (FIPSAS)", "regime_descrizione": "Lago minore ciprinicolo in concessione FIPSAS, con regole specifiche per riva e belly boat.", "tipo_acqua": "C", "tipo_acqua_etichetta": "Tipo C (ciprinicole)", "pesca_consentita": true, "priorita": 10, "estensione": {"tipo": "residuale", "descrizione": "Fuori dai tagli restrittivi (No-Kill, divieto, riserva)."}, "calendario": {"stagione": {"id": "tutto_anno", "etichetta": "Tutto l'anno", "inizio": null, "fine": null, "testo": "Tutto l'anno (salvo periodi di divieto per specie, par. 4.4)", "fonte": {"livello": "derivata", "riferimento": "par. 4.4", "estratto": ""}}, "giorni": {"id": "tutti_i_giorni", "etichetta": "Tutti i giorni", "settimana": ["lun", "mar", "mer", "gio", "ven", "sab", "dom"], "festivi_aggiuntivi": [], "testo": "Tutti i giorni della settimana", "fonte": {"livello": "derivata", "riferimento": "", "estratto": ""}}, "fascia_oraria": {"id": "h24_notturna_da_riva", "etichetta": "H24 (notturna solo da riva)", "da": null, "a": null, "notturna": {"consentita": true, "condizioni": ["solo da riva", "canna armata con max 5 ami"]}, "testo": "Pesca anche notturna, ma solo da riva e con canna armata con al massimo 5 ami", "fonte": {"livello": "testuale", "riferimento": "par. 4.8", "estratto": "Pesca notturna ammessa in tipo A e C, da riva, canna con max cinque ami"}}, "periodi_speciali": []}, "attrezzatura": {"attrezzi_ammessi": ["canna"], "canne_max": 3, "esche_max_per_canna": 5, "ami_max_per_canna": null, "ardiglione": "ammesso", "spazio_sponda_max_m": 10}, "esche": {"consentite": ["naturale", "artificiale"], "vietate": [], "pasturazione": "limitata_par_4_11"}, "tecniche": {"consentite": ["canna_da_riva", "pesca_notturna"], "vietate": ["imbarcazione"], "condizionate": []}, "prelievo": {"tipo": "ordinario", "rilascio_obbligatorio": false, "capi_trattenibili": "secondo limiti di cattura", "specie_sempre_protette_extra": [], "limiti_ref": "limiti_cattura", "misure_minime_cm": {"trota_fario": 25, "trota_marmorata": 40, "temolo": 35, "luccio": 60, "persico_reale": 16, "salmerino_alpino": 25}, "specie_protette": ["cobiti", "lasca", "scazzone", "anguilla", "savetta", "barbo canino", "lampreda padana", "pigo", "trota macrostigma"], "limiti": {"per_specie": {"luccio": 1, "trota_marmorata": 1, "temolo": 2}, "salmonidi_complessivi": 6, "kg_giornalieri_max": 5, "stop_al_limite": ["luccio", "salmonidi"], "obbligo_recisione_pinna_caudale": ["trote", "luccio", "coregone", "persico reale", "salmerino", "temolo", "siluro"], "fonte": {"livello": "testuale", "riferimento": "par. 4.5–4.6", "estratto": "luccio 1; trota marmorata 1; temolo 2; «6 capi complessivi di trote, salmerini e temoli»; massimo 5 kg/giorno di fauna ittica"}}}, "permessi": {"pacchetto": {"id": "fipsas_varese_ridotto", "etichetta": "Riva verde e alvei verdi — contributo ridotto FIPSAS Varese", "richiede_contributo_extra": true, "richiede_tesserino": true, "note": "Lago di Varese da riva, Fiume Bardello, Torrente Acquanegra, Canale Brabbia. Chi ha già il contributo annuale da 30 € non deve il ridotto.", "documenti": [{"id": "licenza_B", "etichetta": "Licenza di pesca tipo B", "costo_eur": 23.0, "ente": "Regione Lombardia (tassa regionale)", "validita": "12 mesi", "esenzioni": ["Residenti in Italia con meno di 18 anni", "Residenti in Italia con più di 65 anni", "Soggetti L. 104/1992 art. 3 (se pescano solo con canna)"], "fonte": {"livello": "testuale", "riferimento": "PESCARE NEI FIUMI/TORRENTI/CANALI", "estratto": "Licenza di pesca tipo B (€ 23,00)"}}, {"id": "tessera_fipsas", "etichetta": "Tessera FIPSAS", "costo_eur": 30.0, "costi_ridotti": [{"costo_eur": 6.0, "condizione": "nati dopo il 01.01.2011"}], "ente": "FIPSAS", "validita": "anno solare", "esenzioni": [], "fonte": {"livello": "testuale", "riferimento": "PESCARE NEI FIUMI/TORRENTI/CANALI", "estratto": "Tessera FIPSAS (€ 30,00; € 6,00 nati dopo il 01.01.2011)"}}, {"id": "contributo_gestione_ridotto", "etichetta": "Contributo di gestione RIDOTTO FIPSAS Varese", "costo_eur": 15.0, "ente": "FIPSAS Varese (concessionario)", "validita": "anno solare", "ambito": ["pesca da riva nei laghi con rive in verde (es. Lago di Ghirla)"], "assorbito_da": "contributo_gestione_annuale", "esenzioni": ["Nati dopo il 01.01.2008", "Disabili L. 104/1992 art. 3 c. 3"], "fonte": {"livello": "testuale", "riferimento": "Scheda Lago di Ghirla", "estratto": "Contributo di Gestione RIDOTTO FIPSAS Varese € 15 […] Chi ha già il contributo annuale € 30 non deve il ridotto da riva."}}, {"id": "tesserino_segnapesci", "etichetta": "Tesserino segnapesci del concessionario", "costo_eur": null, "ente": "FIPSAS Varese", "non_richiesto_se": ["permesso_giornaliero"], "punti_distribuzione": ["GERMIGNAGA PESCA — Piazza 20 Settembre, 29, Germignaga (VA)"], "fonte": {"livello": "testuale", "riferimento": "PESCARE NEI FIUMI/TORRENTI/CANALI", "estratto": "Tesserino segna pesci del Concessionario […] non è obbligatorio per chi utilizza il permesso giornaliero di pesca"}}], "costo_totale_eur": null, "costo_noto_eur": 68.0, "alternativa_non_tesserati": [{"id": "licenza_B", "etichetta": "Licenza di pesca tipo B"}, {"id": "permesso_giornaliero", "etichetta": "Permesso giornaliero (non tesserati FIPSAS)"}]}, "varianti": []}, "vincoli_speciali": [], "interpretazioni": [{"campo": "calendario", "nota": "Il prontuario non fissa una stagione di apertura per le acque di tipo C né i giorni ristretti del tipo B: restano validi i periodi di divieto per specie (par. 4.4)."}, {"campo": "attrezzatura.ardiglione", "nota": "L'obbligo di amo senza ardiglione è previsto testualmente solo per il tipo B."}], "fonti": [{"livello": "testuale", "riferimento": "Regole acque tipo A e C", "estratto": "Canna da pesca. Si può pescare con un massimo di tre canne, […] armate ciascuna con un massimo di cinque esche naturali o artificiali occupando uno spazio, comunque, non superiore a dieci metri di tratto di sponda."}, {"livello": "testuale", "riferimento": "par. 4.10", "estratto": "Acque di tipo C […] torrente Acquanegra"}], "note_corpo": "Emissario del Lago di Monate. Nel prontuario anche «Acqua Negra». Tipo C, contributo ridotto. In impalcatura.", "matrice": {"regime_amministrativo": "fipsas", "regime_amministrativo_etichetta": "FIPSAS", "classificazione_biologica": "C", "classificazione_etichetta": "Cat. C", "modalita": "sponda", "tipo_geometria_normativa": "linea", "eredita": [{"livello": 1, "asse": "classificazione_biologica", "id": "C", "blocco": "ordinario_C_lago"}, {"livello": 1, "asse": "regime_amministrativo", "id": "fipsas", "sostituisce_biologia": false}, {"livello": 2, "asse": "modalita_pesca", "id": "sponda"}, {"livello": 3, "asse": "eccezione_locale", "id": "acquanegra", "chiavi": ["permessi"]}]}}, "fonte_geometria": "reticolo_regionale_lombardia", "nome_regionale": "Acquanegra (Torrente)", "bacino_regionale": "TICINO", "sottobacino": "Lago Maggiore (Verbano)", "cod_ptua16": "IT03N0080980011LO", "natura": "naturale", "lunghezza_m": 386, "capisaldi_estremi": [], "id": "acquanegra_008"}}, {"type": "Feature", "geometry": {"type": "LineString", "coordinates": [[8.62778, 45.81966], [8.62781, 45.81983], [8.62786, 45.81941], [8.62799, 45.81973], [8.62781, 45.81983]]}, "properties": {"nome_tratto": "Torrente Acquanegra", "corpo_idrico": "acquanegra", "corpo_nome": "Torrente Acquanegra", "layer": "base", "segmento_id": null, "bank": "both", "zona_id": "acquanegra_residuo", "regime": "ordinario_C_lago", "regime_etichetta": "Regime Ordinario C — Lago (FIPSAS)", "tipo_acqua": "C", "pesca_consentita": true, "geometria": "LineString", "matrice": {"regime_amministrativo": "fipsas", "regime_amministrativo_etichetta": "FIPSAS", "classificazione_biologica": "C", "classificazione_etichetta": "Cat. C", "modalita": "sponda", "tipo_geometria_normativa": "linea", "eredita": [{"livello": 1, "asse": "classificazione_biologica", "id": "C", "blocco": "ordinario_C_lago"}, {"livello": 1, "asse": "regime_amministrativo", "id": "fipsas", "sostituisce_biologia": false}, {"livello": 2, "asse": "modalita_pesca", "id": "sponda"}, {"livello": 3, "asse": "eccezione_locale", "id": "acquanegra", "chiavi": ["permessi"]}]}, "regole": {"zona_id": "acquanegra_residuo", "zona_nome": "Torrente Acquanegra — Regime Ordinario C — Lago (FIPSAS)", "corpo_idrico": "acquanegra", "corpo_nome": "Torrente Acquanegra", "regime": "ordinario_C_lago", "regime_etichetta": "Regime Ordinario C — Lago (FIPSAS)", "regime_descrizione": "Lago minore ciprinicolo in concessione FIPSAS, con regole specifiche per riva e belly boat.", "tipo_acqua": "C", "tipo_acqua_etichetta": "Tipo C (ciprinicole)", "pesca_consentita": true, "priorita": 10, "estensione": {"tipo": "residuale", "descrizione": "Fuori dai tagli restrittivi (No-Kill, divieto, riserva)."}, "calendario": {"stagione": {"id": "tutto_anno", "etichetta": "Tutto l'anno", "inizio": null, "fine": null, "testo": "Tutto l'anno (salvo periodi di divieto per specie, par. 4.4)", "fonte": {"livello": "derivata", "riferimento": "par. 4.4", "estratto": ""}}, "giorni": {"id": "tutti_i_giorni", "etichetta": "Tutti i giorni", "settimana": ["lun", "mar", "mer", "gio", "ven", "sab", "dom"], "festivi_aggiuntivi": [], "testo": "Tutti i giorni della settimana", "fonte": {"livello": "derivata", "riferimento": "", "estratto": ""}}, "fascia_oraria": {"id": "h24_notturna_da_riva", "etichetta": "H24 (notturna solo da riva)", "da": null, "a": null, "notturna": {"consentita": true, "condizioni": ["solo da riva", "canna armata con max 5 ami"]}, "testo": "Pesca anche notturna, ma solo da riva e con canna armata con al massimo 5 ami", "fonte": {"livello": "testuale", "riferimento": "par. 4.8", "estratto": "Pesca notturna ammessa in tipo A e C, da riva, canna con max cinque ami"}}, "periodi_speciali": []}, "attrezzatura": {"attrezzi_ammessi": ["canna"], "canne_max": 3, "esche_max_per_canna": 5, "ami_max_per_canna": null, "ardiglione": "ammesso", "spazio_sponda_max_m": 10}, "esche": {"consentite": ["naturale", "artificiale"], "vietate": [], "pasturazione": "limitata_par_4_11"}, "tecniche": {"consentite": ["canna_da_riva", "pesca_notturna"], "vietate": ["imbarcazione"], "condizionate": []}, "prelievo": {"tipo": "ordinario", "rilascio_obbligatorio": false, "capi_trattenibili": "secondo limiti di cattura", "specie_sempre_protette_extra": [], "limiti_ref": "limiti_cattura", "misure_minime_cm": {"trota_fario": 25, "trota_marmorata": 40, "temolo": 35, "luccio": 60, "persico_reale": 16, "salmerino_alpino": 25}, "specie_protette": ["cobiti", "lasca", "scazzone", "anguilla", "savetta", "barbo canino", "lampreda padana", "pigo", "trota macrostigma"], "limiti": {"per_specie": {"luccio": 1, "trota_marmorata": 1, "temolo": 2}, "salmonidi_complessivi": 6, "kg_giornalieri_max": 5, "stop_al_limite": ["luccio", "salmonidi"], "obbligo_recisione_pinna_caudale": ["trote", "luccio", "coregone", "persico reale", "salmerino", "temolo", "siluro"], "fonte": {"livello": "testuale", "riferimento": "par. 4.5–4.6", "estratto": "luccio 1; trota marmorata 1; temolo 2; «6 capi complessivi di trote, salmerini e temoli»; massimo 5 kg/giorno di fauna ittica"}}}, "permessi": {"pacchetto": {"id": "fipsas_varese_ridotto", "etichetta": "Riva verde e alvei verdi — contributo ridotto FIPSAS Varese", "richiede_contributo_extra": true, "richiede_tesserino": true, "note": "Lago di Varese da riva, Fiume Bardello, Torrente Acquanegra, Canale Brabbia. Chi ha già il contributo annuale da 30 € non deve il ridotto.", "documenti": [{"id": "licenza_B", "etichetta": "Licenza di pesca tipo B", "costo_eur": 23.0, "ente": "Regione Lombardia (tassa regionale)", "validita": "12 mesi", "esenzioni": ["Residenti in Italia con meno di 18 anni", "Residenti in Italia con più di 65 anni", "Soggetti L. 104/1992 art. 3 (se pescano solo con canna)"], "fonte": {"livello": "testuale", "riferimento": "PESCARE NEI FIUMI/TORRENTI/CANALI", "estratto": "Licenza di pesca tipo B (€ 23,00)"}}, {"id": "tessera_fipsas", "etichetta": "Tessera FIPSAS", "costo_eur": 30.0, "costi_ridotti": [{"costo_eur": 6.0, "condizione": "nati dopo il 01.01.2011"}], "ente": "FIPSAS", "validita": "anno solare", "esenzioni": [], "fonte": {"livello": "testuale", "riferimento": "PESCARE NEI FIUMI/TORRENTI/CANALI", "estratto": "Tessera FIPSAS (€ 30,00; € 6,00 nati dopo il 01.01.2011)"}}, {"id": "contributo_gestione_ridotto", "etichetta": "Contributo di gestione RIDOTTO FIPSAS Varese", "costo_eur": 15.0, "ente": "FIPSAS Varese (concessionario)", "validita": "anno solare", "ambito": ["pesca da riva nei laghi con rive in verde (es. Lago di Ghirla)"], "assorbito_da": "contributo_gestione_annuale", "esenzioni": ["Nati dopo il 01.01.2008", "Disabili L. 104/1992 art. 3 c. 3"], "fonte": {"livello": "testuale", "riferimento": "Scheda Lago di Ghirla", "estratto": "Contributo di Gestione RIDOTTO FIPSAS Varese € 15 […] Chi ha già il contributo annuale € 30 non deve il ridotto da riva."}}, {"id": "tesserino_segnapesci", "etichetta": "Tesserino segnapesci del concessionario", "costo_eur": null, "ente": "FIPSAS Varese", "non_richiesto_se": ["permesso_giornaliero"], "punti_distribuzione": ["GERMIGNAGA PESCA — Piazza 20 Settembre, 29, Germignaga (VA)"], "fonte": {"livello": "testuale", "riferimento": "PESCARE NEI FIUMI/TORRENTI/CANALI", "estratto": "Tesserino segna pesci del Concessionario […] non è obbligatorio per chi utilizza il permesso giornaliero di pesca"}}], "costo_totale_eur": null, "costo_noto_eur": 68.0, "alternativa_non_tesserati": [{"id": "licenza_B", "etichetta": "Licenza di pesca tipo B"}, {"id": "permesso_giornaliero", "etichetta": "Permesso giornaliero (non tesserati FIPSAS)"}]}, "varianti": []}, "vincoli_speciali": [], "interpretazioni": [{"campo": "calendario", "nota": "Il prontuario non fissa una stagione di apertura per le acque di tipo C né i giorni ristretti del tipo B: restano validi i periodi di divieto per specie (par. 4.4)."}, {"campo": "attrezzatura.ardiglione", "nota": "L'obbligo di amo senza ardiglione è previsto testualmente solo per il tipo B."}], "fonti": [{"livello": "testuale", "riferimento": "Regole acque tipo A e C", "estratto": "Canna da pesca. Si può pescare con un massimo di tre canne, […] armate ciascuna con un massimo di cinque esche naturali o artificiali occupando uno spazio, comunque, non superiore a dieci metri di tratto di sponda."}, {"livello": "testuale", "riferimento": "par. 4.10", "estratto": "Acque di tipo C […] torrente Acquanegra"}], "note_corpo": "Emissario del Lago di Monate. Nel prontuario anche «Acqua Negra». Tipo C, contributo ridotto. In impalcatura.", "matrice": {"regime_amministrativo": "fipsas", "regime_amministrativo_etichetta": "FIPSAS", "classificazione_biologica": "C", "classificazione_etichetta": "Cat. C", "modalita": "sponda", "tipo_geometria_normativa": "linea", "eredita": [{"livello": 1, "asse": "classificazione_biologica", "id": "C", "blocco": "ordinario_C_lago"}, {"livello": 1, "asse": "regime_amministrativo", "id": "fipsas", "sostituisce_biologia": false}, {"livello": 2, "asse": "modalita_pesca", "id": "sponda"}, {"livello": 3, "asse": "eccezione_locale", "id": "acquanegra", "chiavi": ["permessi"]}]}}, "fonte_geometria": "reticolo_regionale_lombardia", "nome_regionale": "Acquanegra (Torrente)", "bacino_regionale": "TICINO", "sottobacino": "Lago Maggiore (Verbano)", "cod_ptua16": "IT03N0080980011LO", "natura": "naturale", "lunghezza_m": 121, "capisaldi_estremi": [], "id": "acquanegra_009"}}, {"type": "Feature", "geometry": {"type": "LineString", "coordinates": [[8.66915, 45.80076], [8.66943, 45.80102], [8.66979, 45.80148], [8.6702, 45.80175], [8.67062, 45.80273], [8.67071, 45.80314], [8.67066, 45.80359], [8.67076, 45.80391], [8.67102, 45.80429], [8.6712, 45.80473], [8.67161, 45.80484], [8.67271, 45.80454], [8.67312, 45.80478], [8.67401, 45.80483], [8.67461, 45.80475], [8.67485, 45.80459], [8.67539, 45.8046], [8.67572, 45.80461], [8.67606, 45.80479], [8.67663, 45.80465], [8.67716, 45.80469]]}, "properties": {"nome_tratto": "Torrente Acquanegra", "corpo_idrico": "acquanegra", "corpo_nome": "Torrente Acquanegra", "layer": "base", "segmento_id": null, "bank": "both", "zona_id": "acquanegra_residuo", "regime": "ordinario_C_lago", "regime_etichetta": "Regime Ordinario C — Lago (FIPSAS)", "tipo_acqua": "C", "pesca_consentita": true, "geometria": "LineString", "matrice": {"regime_amministrativo": "fipsas", "regime_amministrativo_etichetta": "FIPSAS", "classificazione_biologica": "C", "classificazione_etichetta": "Cat. C", "modalita": "sponda", "tipo_geometria_normativa": "linea", "eredita": [{"livello": 1, "asse": "classificazione_biologica", "id": "C", "blocco": "ordinario_C_lago"}, {"livello": 1, "asse": "regime_amministrativo", "id": "fipsas", "sostituisce_biologia": false}, {"livello": 2, "asse": "modalita_pesca", "id": "sponda"}, {"livello": 3, "asse": "eccezione_locale", "id": "acquanegra", "chiavi": ["permessi"]}]}, "regole": {"zona_id": "acquanegra_residuo", "zona_nome": "Torrente Acquanegra — Regime Ordinario C — Lago (FIPSAS)", "corpo_idrico": "acquanegra", "corpo_nome": "Torrente Acquanegra", "regime": "ordinario_C_lago", "regime_etichetta": "Regime Ordinario C — Lago (FIPSAS)", "regime_descrizione": "Lago minore ciprinicolo in concessione FIPSAS, con regole specifiche per riva e belly boat.", "tipo_acqua": "C", "tipo_acqua_etichetta": "Tipo C (ciprinicole)", "pesca_consentita": true, "priorita": 10, "estensione": {"tipo": "residuale", "descrizione": "Fuori dai tagli restrittivi (No-Kill, divieto, riserva)."}, "calendario": {"stagione": {"id": "tutto_anno", "etichetta": "Tutto l'anno", "inizio": null, "fine": null, "testo": "Tutto l'anno (salvo periodi di divieto per specie, par. 4.4)", "fonte": {"livello": "derivata", "riferimento": "par. 4.4", "estratto": ""}}, "giorni": {"id": "tutti_i_giorni", "etichetta": "Tutti i giorni", "settimana": ["lun", "mar", "mer", "gio", "ven", "sab", "dom"], "festivi_aggiuntivi": [], "testo": "Tutti i giorni della settimana", "fonte": {"livello": "derivata", "riferimento": "", "estratto": ""}}, "fascia_oraria": {"id": "h24_notturna_da_riva", "etichetta": "H24 (notturna solo da riva)", "da": null, "a": null, "notturna": {"consentita": true, "condizioni": ["solo da riva", "canna armata con max 5 ami"]}, "testo": "Pesca anche notturna, ma solo da riva e con canna armata con al massimo 5 ami", "fonte": {"livello": "testuale", "riferimento": "par. 4.8", "estratto": "Pesca notturna ammessa in tipo A e C, da riva, canna con max cinque ami"}}, "periodi_speciali": []}, "attrezzatura": {"attrezzi_ammessi": ["canna"], "canne_max": 3, "esche_max_per_canna": 5, "ami_max_per_canna": null, "ardiglione": "ammesso", "spazio_sponda_max_m": 10}, "esche": {"consentite": ["naturale", "artificiale"], "vietate": [], "pasturazione": "limitata_par_4_11"}, "tecniche": {"consentite": ["canna_da_riva", "pesca_notturna"], "vietate": ["imbarcazione"], "condizionate": []}, "prelievo": {"tipo": "ordinario", "rilascio_obbligatorio": false, "capi_trattenibili": "secondo limiti di cattura", "specie_sempre_protette_extra": [], "limiti_ref": "limiti_cattura", "misure_minime_cm": {"trota_fario": 25, "trota_marmorata": 40, "temolo": 35, "luccio": 60, "persico_reale": 16, "salmerino_alpino": 25}, "specie_protette": ["cobiti", "lasca", "scazzone", "anguilla", "savetta", "barbo canino", "lampreda padana", "pigo", "trota macrostigma"], "limiti": {"per_specie": {"luccio": 1, "trota_marmorata": 1, "temolo": 2}, "salmonidi_complessivi": 6, "kg_giornalieri_max": 5, "stop_al_limite": ["luccio", "salmonidi"], "obbligo_recisione_pinna_caudale": ["trote", "luccio", "coregone", "persico reale", "salmerino", "temolo", "siluro"], "fonte": {"livello": "testuale", "riferimento": "par. 4.5–4.6", "estratto": "luccio 1; trota marmorata 1; temolo 2; «6 capi complessivi di trote, salmerini e temoli»; massimo 5 kg/giorno di fauna ittica"}}}, "permessi": {"pacchetto": {"id": "fipsas_varese_ridotto", "etichetta": "Riva verde e alvei verdi — contributo ridotto FIPSAS Varese", "richiede_contributo_extra": true, "richiede_tesserino": true, "note": "Lago di Varese da riva, Fiume Bardello, Torrente Acquanegra, Canale Brabbia. Chi ha già il contributo annuale da 30 € non deve il ridotto.", "documenti": [{"id": "licenza_B", "etichetta": "Licenza di pesca tipo B", "costo_eur": 23.0, "ente": "Regione Lombardia (tassa regionale)", "validita": "12 mesi", "esenzioni": ["Residenti in Italia con meno di 18 anni", "Residenti in Italia con più di 65 anni", "Soggetti L. 104/1992 art. 3 (se pescano solo con canna)"], "fonte": {"livello": "testuale", "riferimento": "PESCARE NEI FIUMI/TORRENTI/CANALI", "estratto": "Licenza di pesca tipo B (€ 23,00)"}}, {"id": "tessera_fipsas", "etichetta": "Tessera FIPSAS", "costo_eur": 30.0, "costi_ridotti": [{"costo_eur": 6.0, "condizione": "nati dopo il 01.01.2011"}], "ente": "FIPSAS", "validita": "anno solare", "esenzioni": [], "fonte": {"livello": "testuale", "riferimento": "PESCARE NEI FIUMI/TORRENTI/CANALI", "estratto": "Tessera FIPSAS (€ 30,00; € 6,00 nati dopo il 01.01.2011)"}}, {"id": "contributo_gestione_ridotto", "etichetta": "Contributo di gestione RIDOTTO FIPSAS Varese", "costo_eur": 15.0, "ente": "FIPSAS Varese (concessionario)", "validita": "anno solare", "ambito": ["pesca da riva nei laghi con rive in verde (es. Lago di Ghirla)"], "assorbito_da": "contributo_gestione_annuale", "esenzioni": ["Nati dopo il 01.01.2008", "Disabili L. 104/1992 art. 3 c. 3"], "fonte": {"livello": "testuale", "riferimento": "Scheda Lago di Ghirla", "estratto": "Contributo di Gestione RIDOTTO FIPSAS Varese € 15 […] Chi ha già il contributo annuale € 30 non deve il ridotto da riva."}}, {"id": "tesserino_segnapesci", "etichetta": "Tesserino segnapesci del concessionario", "costo_eur": null, "ente": "FIPSAS Varese", "non_richiesto_se": ["permesso_giornaliero"], "punti_distribuzione": ["GERMIGNAGA PESCA — Piazza 20 Settembre, 29, Germignaga (VA)"], "fonte": {"livello": "testuale", "riferimento": "PESCARE NEI FIUMI/TORRENTI/CANALI", "estratto": "Tesserino segna pesci del Concessionario […] non è obbligatorio per chi utilizza il permesso giornaliero di pesca"}}], "costo_totale_eur": null, "costo_noto_eur": 68.0, "alternativa_non_tesserati": [{"id": "licenza_B", "etichetta": "Licenza di pesca tipo B"}, {"id": "permesso_giornaliero", "etichetta": "Permesso giornaliero (non tesserati FIPSAS)"}]}, "varianti": []}, "vincoli_speciali": [], "interpretazioni": [{"campo": "calendario", "nota": "Il prontuario non fissa una stagione di apertura per le acque di tipo C né i giorni ristretti del tipo B: restano validi i periodi di divieto per specie (par. 4.4)."}, {"campo": "attrezzatura.ardiglione", "nota": "L'obbligo di amo senza ardiglione è previsto testualmente solo per il tipo B."}], "fonti": [{"livello": "testuale", "riferimento": "Regole acque tipo A e C", "estratto": "Canna da pesca. Si può pescare con un massimo di tre canne, […] armate ciascuna con un massimo di cinque esche naturali o artificiali occupando uno spazio, comunque, non superiore a dieci metri di tratto di sponda."}, {"livello": "testuale", "riferimento": "par. 4.10", "estratto": "Acque di tipo C […] torrente Acquanegra"}], "note_corpo": "Emissario del Lago di Monate. Nel prontuario anche «Acqua Negra». Tipo C, contributo ridotto. In impalcatura.", "matrice": {"regime_amministrativo": "fipsas", "regime_amministrativo_etichetta": "FIPSAS", "classificazione_biologica": "C", "classificazione_etichetta": "Cat. C", "modalita": "sponda", "tipo_geometria_normativa": "linea", "eredita": [{"livello": 1, "asse": "classificazione_biologica", "id": "C", "blocco": "ordinario_C_lago"}, {"livello": 1, "asse": "regime_amministrativo", "id": "fipsas", "sostituisce_biologia": false}, {"livello": 2, "asse": "modalita_pesca", "id": "sponda"}, {"livello": 3, "asse": "eccezione_locale", "id": "acquanegra", "chiavi": ["permessi"]}]}}, "fonte_geometria": "reticolo_regionale_lombardia", "nome_regionale": "Acquanegra (Torrente)", "bacino_regionale": "TICINO", "sottobacino": "Lago Maggiore (Verbano)", "cod_ptua16": "IT03N0080980011LO", "natura": "naturale", "lunghezza_m": 980, "capisaldi_estremi": [], "id": "acquanegra_010"}}, {"type": "Feature", "geometry": {"type": "LineString", "coordinates": [[8.67539, 45.8046], [8.67569, 45.80506], [8.67614, 45.80508], [8.67664, 45.80496], [8.67716, 45.80469], [8.6774, 45.80472], [8.67797, 45.8046], [8.67852, 45.80486], [8.67862, 45.80482], [8.68008, 45.80505], [8.68044, 45.80513], [8.68086, 45.80536], [8.68102, 45.8058], [8.68123, 45.80604], [8.68204, 45.80596], [8.68275, 45.80567], [8.6832, 45.8057], [8.68324, 45.806]]}, "properties": {"nome_tratto": "Torrente Acquanegra", "corpo_idrico": "acquanegra", "corpo_nome": "Torrente Acquanegra", "layer": "base", "segmento_id": null, "bank": "both", "zona_id": "acquanegra_residuo", "regime": "ordinario_C_lago", "regime_etichetta": "Regime Ordinario C — Lago (FIPSAS)", "tipo_acqua": "C", "pesca_consentita": true, "geometria": "LineString", "matrice": {"regime_amministrativo": "fipsas", "regime_amministrativo_etichetta": "FIPSAS", "classificazione_biologica": "C", "classificazione_etichetta": "Cat. C", "modalita": "sponda", "tipo_geometria_normativa": "linea", "eredita": [{"livello": 1, "asse": "classificazione_biologica", "id": "C", "blocco": "ordinario_C_lago"}, {"livello": 1, "asse": "regime_amministrativo", "id": "fipsas", "sostituisce_biologia": false}, {"livello": 2, "asse": "modalita_pesca", "id": "sponda"}, {"livello": 3, "asse": "eccezione_locale", "id": "acquanegra", "chiavi": ["permessi"]}]}, "regole": {"zona_id": "acquanegra_residuo", "zona_nome": "Torrente Acquanegra — Regime Ordinario C — Lago (FIPSAS)", "corpo_idrico": "acquanegra", "corpo_nome": "Torrente Acquanegra", "regime": "ordinario_C_lago", "regime_etichetta": "Regime Ordinario C — Lago (FIPSAS)", "regime_descrizione": "Lago minore ciprinicolo in concessione FIPSAS, con regole specifiche per riva e belly boat.", "tipo_acqua": "C", "tipo_acqua_etichetta": "Tipo C (ciprinicole)", "pesca_consentita": true, "priorita": 10, "estensione": {"tipo": "residuale", "descrizione": "Fuori dai tagli restrittivi (No-Kill, divieto, riserva)."}, "calendario": {"stagione": {"id": "tutto_anno", "etichetta": "Tutto l'anno", "inizio": null, "fine": null, "testo": "Tutto l'anno (salvo periodi di divieto per specie, par. 4.4)", "fonte": {"livello": "derivata", "riferimento": "par. 4.4", "estratto": ""}}, "giorni": {"id": "tutti_i_giorni", "etichetta": "Tutti i giorni", "settimana": ["lun", "mar", "mer", "gio", "ven", "sab", "dom"], "festivi_aggiuntivi": [], "testo": "Tutti i giorni della settimana", "fonte": {"livello": "derivata", "riferimento": "", "estratto": ""}}, "fascia_oraria": {"id": "h24_notturna_da_riva", "etichetta": "H24 (notturna solo da riva)", "da": null, "a": null, "notturna": {"consentita": true, "condizioni": ["solo da riva", "canna armata con max 5 ami"]}, "testo": "Pesca anche notturna, ma solo da riva e con canna armata con al massimo 5 ami", "fonte": {"livello": "testuale", "riferimento": "par. 4.8", "estratto": "Pesca notturna ammessa in tipo A e C, da riva, canna con max cinque ami"}}, "periodi_speciali": []}, "attrezzatura": {"attrezzi_ammessi": ["canna"], "canne_max": 3, "esche_max_per_canna": 5, "ami_max_per_canna": null, "ardiglione": "ammesso", "spazio_sponda_max_m": 10}, "esche": {"consentite": ["naturale", "artificiale"], "vietate": [], "pasturazione": "limitata_par_4_11"}, "tecniche": {"consentite": ["canna_da_riva", "pesca_notturna"], "vietate": ["imbarcazione"], "condizionate": []}, "prelievo": {"tipo": "ordinario", "rilascio_obbligatorio": false, "capi_trattenibili": "secondo limiti di cattura", "specie_sempre_protette_extra": [], "limiti_ref": "limiti_cattura", "misure_minime_cm": {"trota_fario": 25, "trota_marmorata": 40, "temolo": 35, "luccio": 60, "persico_reale": 16, "salmerino_alpino": 25}, "specie_protette": ["cobiti", "lasca", "scazzone", "anguilla", "savetta", "barbo canino", "lampreda padana", "pigo", "trota macrostigma"], "limiti": {"per_specie": {"luccio": 1, "trota_marmorata": 1, "temolo": 2}, "salmonidi_complessivi": 6, "kg_giornalieri_max": 5, "stop_al_limite": ["luccio", "salmonidi"], "obbligo_recisione_pinna_caudale": ["trote", "luccio", "coregone", "persico reale", "salmerino", "temolo", "siluro"], "fonte": {"livello": "testuale", "riferimento": "par. 4.5–4.6", "estratto": "luccio 1; trota marmorata 1; temolo 2; «6 capi complessivi di trote, salmerini e temoli»; massimo 5 kg/giorno di fauna ittica"}}}, "permessi": {"pacchetto": {"id": "fipsas_varese_ridotto", "etichetta": "Riva verde e alvei verdi — contributo ridotto FIPSAS Varese", "richiede_contributo_extra": true, "richiede_tesserino": true, "note": "Lago di Varese da riva, Fiume Bardello, Torrente Acquanegra, Canale Brabbia. Chi ha già il contributo annuale da 30 € non deve il ridotto.", "documenti": [{"id": "licenza_B", "etichetta": "Licenza di pesca tipo B", "costo_eur": 23.0, "ente": "Regione Lombardia (tassa regionale)", "validita": "12 mesi", "esenzioni": ["Residenti in Italia con meno di 18 anni", "Residenti in Italia con più di 65 anni", "Soggetti L. 104/1992 art. 3 (se pescano solo con canna)"], "fonte": {"livello": "testuale", "riferimento": "PESCARE NEI FIUMI/TORRENTI/CANALI", "estratto": "Licenza di pesca tipo B (€ 23,00)"}}, {"id": "tessera_fipsas", "etichetta": "Tessera FIPSAS", "costo_eur": 30.0, "costi_ridotti": [{"costo_eur": 6.0, "condizione": "nati dopo il 01.01.2011"}], "ente": "FIPSAS", "validita": "anno solare", "esenzioni": [], "fonte": {"livello": "testuale", "riferimento": "PESCARE NEI FIUMI/TORRENTI/CANALI", "estratto": "Tessera FIPSAS (€ 30,00; € 6,00 nati dopo il 01.01.2011)"}}, {"id": "contributo_gestione_ridotto", "etichetta": "Contributo di gestione RIDOTTO FIPSAS Varese", "costo_eur": 15.0, "ente": "FIPSAS Varese (concessionario)", "validita": "anno solare", "ambito": ["pesca da riva nei laghi con rive in verde (es. Lago di Ghirla)"], "assorbito_da": "contributo_gestione_annuale", "esenzioni": ["Nati dopo il 01.01.2008", "Disabili L. 104/1992 art. 3 c. 3"], "fonte": {"livello": "testuale", "riferimento": "Scheda Lago di Ghirla", "estratto": "Contributo di Gestione RIDOTTO FIPSAS Varese € 15 […] Chi ha già il contributo annuale € 30 non deve il ridotto da riva."}}, {"id": "tesserino_segnapesci", "etichetta": "Tesserino segnapesci del concessionario", "costo_eur": null, "ente": "FIPSAS Varese", "non_richiesto_se": ["permesso_giornaliero"], "punti_distribuzione": ["GERMIGNAGA PESCA — Piazza 20 Settembre, 29, Germignaga (VA)"], "fonte": {"livello": "testuale", "riferimento": "PESCARE NEI FIUMI/TORRENTI/CANALI", "estratto": "Tesserino segna pesci del Concessionario […] non è obbligatorio per chi utilizza il permesso giornaliero di pesca"}}], "costo_totale_eur": null, "costo_noto_eur": 68.0, "alternativa_non_tesserati": [{"id": "licenza_B", "etichetta": "Licenza di pesca tipo B"}, {"id": "permesso_giornaliero", "etichetta": "Permesso giornaliero (non tesserati FIPSAS)"}]}, "varianti": []}, "vincoli_speciali": [], "interpretazioni": [{"campo": "calendario", "nota": "Il prontuario non fissa una stagione di apertura per le acque di tipo C né i giorni ristretti del tipo B: restano validi i periodi di divieto per specie (par. 4.4)."}, {"campo": "attrezzatura.ardiglione", "nota": "L'obbligo di amo senza ardiglione è previsto testualmente solo per il tipo B."}], "fonti": [{"livello": "testuale", "riferimento": "Regole acque tipo A e C", "estratto": "Canna da pesca. Si può pescare con un massimo di tre canne, […] armate ciascuna con un massimo di cinque esche naturali o artificiali occupando uno spazio, comunque, non superiore a dieci metri di tratto di sponda."}, {"livello": "testuale", "riferimento": "par. 4.10", "estratto": "Acque di tipo C […] torrente Acquanegra"}], "note_corpo": "Emissario del Lago di Monate. Nel prontuario anche «Acqua Negra». Tipo C, contributo ridotto. In impalcatura.", "matrice": {"regime_amministrativo": "fipsas", "regime_amministrativo_etichetta": "FIPSAS", "classificazione_biologica": "C", "classificazione_etichetta": "Cat. C", "modalita": "sponda", "tipo_geometria_normativa": "linea", "eredita": [{"livello": 1, "asse": "classificazione_biologica", "id": "C", "blocco": "ordinario_C_lago"}, {"livello": 1, "asse": "regime_amministrativo", "id": "fipsas", "sostituisce_biologia": false}, {"livello": 2, "asse": "modalita_pesca", "id": "sponda"}, {"livello": 3, "asse": "eccezione_locale", "id": "acquanegra", "chiavi": ["permessi"]}]}}, "fonte_geometria": "reticolo_regionale_lombardia", "nome_regionale": "Acquanegra (Torrente)", "bacino_regionale": "TICINO", "sottobacino": "Lago Maggiore (Verbano)", "cod_ptua16": "IT03N0080980011LO", "natura": "naturale", "lunghezza_m": 772, "capisaldi_estremi": [], "id": "acquanegra_011"}}, {"type": "Feature", "geometry": {"type": "LineString", "coordinates": [[8.68541, 45.8067], [8.68574, 45.80688], [8.68638, 45.80687], [8.68668, 45.80661], [8.68748, 45.80694], [8.68795, 45.80701], [8.68811, 45.80717], [8.68813, 45.80773], [8.68864, 45.80792], [8.68875, 45.80778], [8.68927, 45.80808], [8.68957, 45.80807], [8.68965, 45.80859], [8.68983, 45.80871], [8.68974, 45.8092], [8.68954, 45.80953], [8.68976, 45.8098], [8.69015, 45.80976], [8.6906, 45.80991], [8.69106, 45.80993], [8.69152, 45.81016], [8.69134, 45.81044], [8.69102, 45.81054], [8.69038, 45.81109], [8.69039, 45.81172], [8.6907, 45.812], [8.69088, 45.81204], [8.69138, 45.81271], [8.69115, 45.81291], [8.69139, 45.81326], [8.6911, 45.8134], [8.69123, 45.81378], [8.6908, 45.8144], [8.69034, 45.81447], [8.68995, 45.81464], [8.68981, 45.81492], [8.68943, 45.81507], [8.68915, 45.81541], [8.68876, 45.81563], [8.68797, 45.81572], [8.68778, 45.81589], [8.68773, 45.81622], [8.68689, 45.816], [8.68667, 45.81608], [8.68622, 45.81672], [8.68616, 45.8171], [8.68527, 45.81705], [8.68479, 45.81721], [8.68437, 45.81706], [8.68423, 45.81723], [8.68417, 45.81765], [8.6838, 45.81761], [8.68356, 45.81743], [8.68311, 45.81736], [8.68281, 45.81742], [8.68257, 45.81698], [8.68203, 45.81689], [8.68187, 45.81665], [8.68098, 45.81651], [8.6809, 45.81602], [8.68061, 45.81579], [8.68037, 45.81575], [8.68009, 45.81522], [8.68005, 45.81477], [8.67978, 45.81447], [8.6793, 45.81445], [8.67891, 45.81458], [8.67873, 45.81451], [8.67793, 45.81465], [8.67773, 45.81456], [8.67728, 45.81429], [8.67707, 45.81371], [8.67662, 45.8139], [8.67608, 45.81373], [8.6756, 45.8137], [8.67533, 45.81385], [8.67439, 45.8139], [8.67422, 45.81376], [8.67393, 45.81396], [8.67331, 45.81386], [8.67253, 45.8142], [8.6725, 45.81456], [8.67228, 45.81458], [8.67214, 45.815], [8.67196, 45.81506], [8.67167, 45.81479], [8.67038, 45.81469], [8.66988, 45.81461], [8.66876, 45.8152], [8.66843, 45.81543], [8.6685, 45.81581], [8.66776, 45.81613], [8.66775, 45.81651], [8.668, 45.81677], [8.66786, 45.81717], [8.66759, 45.81721], [8.66751, 45.81749], [8.66717, 45.81764], [8.66691, 45.81813], [8.66681, 45.81848], [8.66691, 45.81882], [8.66679, 45.81919], [8.66601, 45.81911], [8.66568, 45.81928], [8.66562, 45.81947], [8.6653, 45.8194], [8.66497, 45.81946], [8.66499, 45.81962], [8.66439, 45.81981], [8.66417, 45.82002], [8.6637, 45.82002], [8.66337, 45.81973], [8.6631, 45.81971], [8.66271, 45.82004], [8.66289, 45.82025], [8.66272, 45.82042], [8.66228, 45.82025], [8.66214, 45.82019], [8.66165, 45.8204], [8.66156, 45.82019], [8.66116, 45.82015], [8.66113, 45.82054], [8.6607, 45.82057], [8.66059, 45.82087], [8.66016, 45.82086], [8.65989, 45.82063], [8.65927, 45.82046], [8.65931, 45.82065], [8.65898, 45.82078], [8.65895, 45.82052], [8.65857, 45.8205], [8.65842, 45.82065], [8.65792, 45.82052], [8.65813, 45.82013], [8.65785, 45.82009], [8.6579, 45.81962], [8.65826, 45.81942], [8.6586, 45.81934], [8.65854, 45.81903], [8.65835, 45.81865], [8.65811, 45.81856], [8.65788, 45.81775], [8.65762, 45.81732], [8.65739, 45.81661], [8.65724, 45.81629], [8.65731, 45.81588], [8.65745, 45.81556], [8.65695, 45.81502], [8.65656, 45.81518], [8.65646, 45.8149], [8.65616, 45.81473], [8.65573, 45.81434], [8.65528, 45.81418], [8.65514, 45.81401], [8.65479, 45.81416], [8.65432, 45.81425], [8.65411, 45.81416], [8.65441, 45.81389], [8.65403, 45.81373], [8.65389, 45.81345], [8.65404, 45.81314], [8.65371, 45.81315], [8.65373, 45.81289], [8.65333, 45.81275], [8.65294, 45.81287], [8.65254, 45.81238], [8.65264, 45.8122], [8.65233, 45.81198], [8.65214, 45.81197], [8.65152, 45.81216], [8.65111, 45.81207], [8.65084, 45.81241], [8.65064, 45.81248], [8.64994, 45.81257], [8.64925, 45.81253], [8.64882, 45.81236], [8.64796, 45.81218], [8.64808, 45.81196], [8.64783, 45.81169], [8.64735, 45.81216], [8.64687, 45.81188], [8.64684, 45.81215], [8.64647, 45.81243], [8.64607, 45.81254], [8.64567, 45.8123], [8.6453, 45.8126], [8.64494, 45.81238], [8.64503, 45.81286], [8.64529, 45.81296], [8.64561, 45.81329], [8.64522, 45.81346], [8.64475, 45.81328], [8.64405, 45.81327], [8.64346, 45.8135], [8.64302, 45.81356], [8.64262, 45.81372], [8.64224, 45.81371], [8.64121, 45.8142], [8.64088, 45.81394], [8.64048, 45.81385], [8.64008, 45.81413], [8.64009, 45.81436], [8.6398, 45.81459], [8.63965, 45.81514], [8.63991, 45.81531], [8.63998, 45.81561], [8.63926, 45.81569], [8.63934, 45.81549], [8.63921, 45.81532], [8.63888, 45.81541], [8.63862, 45.81568], [8.63823, 45.81559], [8.63775, 45.81526], [8.63743, 45.81525], [8.63755, 45.81586], [8.63747, 45.81602], [8.63709, 45.81593], [8.63692, 45.81567], [8.63656, 45.81568], [8.63628, 45.81582], [8.63619, 45.81558], [8.6358, 45.81547], [8.63548, 45.81554], [8.63489, 45.81547], [8.63471, 45.81567], [8.63497, 45.81593], [8.63474, 45.81602], [8.63418, 45.81594], [8.63373, 45.81562], [8.63339, 45.81634], [8.63323, 45.81647], [8.63294, 45.81638], [8.63282, 45.81658], [8.63332, 45.81676], [8.63337, 45.81699], [8.63383, 45.81722], [8.63402, 45.81751], [8.63352, 45.81762], [8.63306, 45.81746], [8.63263, 45.81767], [8.6324, 45.81787], [8.63209, 45.81784], [8.6315, 45.81809], [8.63093, 45.81787], [8.63077, 45.81812], [8.63032, 45.81827], [8.63014, 45.81799], [8.62973, 45.81811], [8.62937, 45.81808], [8.62908, 45.81828], [8.6293, 45.81893], [8.62923, 45.81915], [8.62847, 45.81932], [8.62809, 45.81928], [8.62786, 45.81941], [8.62778, 45.81966], [8.62799, 45.81973], [8.62786, 45.81941], [8.62778, 45.81966], [8.62781, 45.81983], [8.62776, 45.82018], [8.62759, 45.8206], [8.62789, 45.82099], [8.62776, 45.8213], [8.62745, 45.82114], [8.627, 45.82143], [8.62653, 45.82157], [8.62648, 45.82215], [8.62679, 45.82227], [8.62692, 45.8229], [8.62669, 45.8235], [8.62607, 45.82359], [8.6256, 45.82395], [8.62514, 45.82391], [8.625, 45.82364], [8.6243, 45.82344], [8.62381, 45.82365], [8.62361, 45.82396], [8.62377, 45.82449], [8.62442, 45.82511], [8.62516, 45.82527], [8.62535, 45.82539], [8.62465, 45.82654], [8.62443, 45.82681]]}, "properties": {"nome_tratto": "Torrente Acquanegra", "corpo_idrico": "acquanegra", "corpo_nome": "Torrente Acquanegra", "layer": "base", "segmento_id": null, "bank": "both", "zona_id": "acquanegra_residuo", "regime": "ordinario_C_lago", "regime_etichetta": "Regime Ordinario C — Lago (FIPSAS)", "tipo_acqua": "C", "pesca_consentita": true, "geometria": "LineString", "matrice": {"regime_amministrativo": "fipsas", "regime_amministrativo_etichetta": "FIPSAS", "classificazione_biologica": "C", "classificazione_etichetta": "Cat. C", "modalita": "sponda", "tipo_geometria_normativa": "linea", "eredita": [{"livello": 1, "asse": "classificazione_biologica", "id": "C", "blocco": "ordinario_C_lago"}, {"livello": 1, "asse": "regime_amministrativo", "id": "fipsas", "sostituisce_biologia": false}, {"livello": 2, "asse": "modalita_pesca", "id": "sponda"}, {"livello": 3, "asse": "eccezione_locale", "id": "acquanegra", "chiavi": ["permessi"]}]}, "regole": {"zona_id": "acquanegra_residuo", "zona_nome": "Torrente Acquanegra — Regime Ordinario C — Lago (FIPSAS)", "corpo_idrico": "acquanegra", "corpo_nome": "Torrente Acquanegra", "regime": "ordinario_C_lago", "regime_etichetta": "Regime Ordinario C — Lago (FIPSAS)", "regime_descrizione": "Lago minore ciprinicolo in concessione FIPSAS, con regole specifiche per riva e belly boat.", "tipo_acqua": "C", "tipo_acqua_etichetta": "Tipo C (ciprinicole)", "pesca_consentita": true, "priorita": 10, "estensione": {"tipo": "residuale", "descrizione": "Fuori dai tagli restrittivi (No-Kill, divieto, riserva)."}, "calendario": {"stagione": {"id": "tutto_anno", "etichetta": "Tutto l'anno", "inizio": null, "fine": null, "testo": "Tutto l'anno (salvo periodi di divieto per specie, par. 4.4)", "fonte": {"livello": "derivata", "riferimento": "par. 4.4", "estratto": ""}}, "giorni": {"id": "tutti_i_giorni", "etichetta": "Tutti i giorni", "settimana": ["lun", "mar", "mer", "gio", "ven", "sab", "dom"], "festivi_aggiuntivi": [], "testo": "Tutti i giorni della settimana", "fonte": {"livello": "derivata", "riferimento": "", "estratto": ""}}, "fascia_oraria": {"id": "h24_notturna_da_riva", "etichetta": "H24 (notturna solo da riva)", "da": null, "a": null, "notturna": {"consentita": true, "condizioni": ["solo da riva", "canna armata con max 5 ami"]}, "testo": "Pesca anche notturna, ma solo da riva e con canna armata con al massimo 5 ami", "fonte": {"livello": "testuale", "riferimento": "par. 4.8", "estratto": "Pesca notturna ammessa in tipo A e C, da riva, canna con max cinque ami"}}, "periodi_speciali": []}, "attrezzatura": {"attrezzi_ammessi": ["canna"], "canne_max": 3, "esche_max_per_canna": 5, "ami_max_per_canna": null, "ardiglione": "ammesso", "spazio_sponda_max_m": 10}, "esche": {"consentite": ["naturale", "artificiale"], "vietate": [], "pasturazione": "limitata_par_4_11"}, "tecniche": {"consentite": ["canna_da_riva", "pesca_notturna"], "vietate": ["imbarcazione"], "condizionate": []}, "prelievo": {"tipo": "ordinario", "rilascio_obbligatorio": false, "capi_trattenibili": "secondo limiti di cattura", "specie_sempre_protette_extra": [], "limiti_ref": "limiti_cattura", "misure_minime_cm": {"trota_fario": 25, "trota_marmorata": 40, "temolo": 35, "luccio": 60, "persico_reale": 16, "salmerino_alpino": 25}, "specie_protette": ["cobiti", "lasca", "scazzone", "anguilla", "savetta", "barbo canino", "lampreda padana", "pigo", "trota macrostigma"], "limiti": {"per_specie": {"luccio": 1, "trota_marmorata": 1, "temolo": 2}, "salmonidi_complessivi": 6, "kg_giornalieri_max": 5, "stop_al_limite": ["luccio", "salmonidi"], "obbligo_recisione_pinna_caudale": ["trote", "luccio", "coregone", "persico reale", "salmerino", "temolo", "siluro"], "fonte": {"livello": "testuale", "riferimento": "par. 4.5–4.6", "estratto": "luccio 1; trota marmorata 1; temolo 2; «6 capi complessivi di trote, salmerini e temoli»; massimo 5 kg/giorno di fauna ittica"}}}, "permessi": {"pacchetto": {"id": "fipsas_varese_ridotto", "etichetta": "Riva verde e alvei verdi — contributo ridotto FIPSAS Varese", "richiede_contributo_extra": true, "richiede_tesserino": true, "note": "Lago di Varese da riva, Fiume Bardello, Torrente Acquanegra, Canale Brabbia. Chi ha già il contributo annuale da 30 € non deve il ridotto.", "documenti": [{"id": "licenza_B", "etichetta": "Licenza di pesca tipo B", "costo_eur": 23.0, "ente": "Regione Lombardia (tassa regionale)", "validita": "12 mesi", "esenzioni": ["Residenti in Italia con meno di 18 anni", "Residenti in Italia con più di 65 anni", "Soggetti L. 104/1992 art. 3 (se pescano solo con canna)"], "fonte": {"livello": "testuale", "riferimento": "PESCARE NEI FIUMI/TORRENTI/CANALI", "estratto": "Licenza di pesca tipo B (€ 23,00)"}}, {"id": "tessera_fipsas", "etichetta": "Tessera FIPSAS", "costo_eur": 30.0, "costi_ridotti": [{"costo_eur": 6.0, "condizione": "nati dopo il 01.01.2011"}], "ente": "FIPSAS", "validita": "anno solare", "esenzioni": [], "fonte": {"livello": "testuale", "riferimento": "PESCARE NEI FIUMI/TORRENTI/CANALI", "estratto": "Tessera FIPSAS (€ 30,00; € 6,00 nati dopo il 01.01.2011)"}}, {"id": "contributo_gestione_ridotto", "etichetta": "Contributo di gestione RIDOTTO FIPSAS Varese", "costo_eur": 15.0, "ente": "FIPSAS Varese (concessionario)", "validita": "anno solare", "ambito": ["pesca da riva nei laghi con rive in verde (es. Lago di Ghirla)"], "assorbito_da": "contributo_gestione_annuale", "esenzioni": ["Nati dopo il 01.01.2008", "Disabili L. 104/1992 art. 3 c. 3"], "fonte": {"livello": "testuale", "riferimento": "Scheda Lago di Ghirla", "estratto": "Contributo di Gestione RIDOTTO FIPSAS Varese € 15 […] Chi ha già il contributo annuale € 30 non deve il ridotto da riva."}}, {"id": "tesserino_segnapesci", "etichetta": "Tesserino segnapesci del concessionario", "costo_eur": null, "ente": "FIPSAS Varese", "non_richiesto_se": ["permesso_giornaliero"], "punti_distribuzione": ["GERMIGNAGA PESCA — Piazza 20 Settembre, 29, Germignaga (VA)"], "fonte": {"livello": "testuale", "riferimento": "PESCARE NEI FIUMI/TORRENTI/CANALI", "estratto": "Tesserino segna pesci del Concessionario […] non è obbligatorio per chi utilizza il permesso giornaliero di pesca"}}], "costo_totale_eur": null, "costo_noto_eur": 68.0, "alternativa_non_tesserati": [{"id": "licenza_B", "etichetta": "Licenza di pesca tipo B"}, {"id": "permesso_giornaliero", "etichetta": "Permesso giornaliero (non tesserati FIPSAS)"}]}, "varianti": []}, "vincoli_speciali": [], "interpretazioni": [{"campo": "calendario", "nota": "Il prontuario non fissa una stagione di apertura per le acque di tipo C né i giorni ristretti del tipo B: restano validi i periodi di divieto per specie (par. 4.4)."}, {"campo": "attrezzatura.ardiglione", "nota": "L'obbligo di amo senza ardiglione è previsto testualmente solo per il tipo B."}], "fonti": [{"livello": "testuale", "riferimento": "Regole acque tipo A e C", "estratto": "Canna da pesca. Si può pescare con un massimo di tre canne, […] armate ciascuna con un massimo di cinque esche naturali o artificiali occupando uno spazio, comunque, non superiore a dieci metri di tratto di sponda."}, {"livello": "testuale", "riferimento": "par. 4.10", "estratto": "Acque di tipo C […] torrente Acquanegra"}], "note_corpo": "Emissario del Lago di Monate. Nel prontuario anche «Acqua Negra». Tipo C, contributo ridotto. In impalcatura.", "matrice": {"regime_amministrativo": "fipsas", "regime_amministrativo_etichetta": "FIPSAS", "classificazione_biologica": "C", "classificazione_etichetta": "Cat. C", "modalita": "sponda", "tipo_geometria_normativa": "linea", "eredita": [{"livello": 1, "asse": "classificazione_biologica", "id": "C", "blocco": "ordinario_C_lago"}, {"livello": 1, "asse": "regime_amministrativo", "id": "fipsas", "sostituisce_biologia": false}, {"livello": 2, "asse": "modalita_pesca", "id": "sponda"}, {"livello": 3, "asse": "eccezione_locale", "id": "acquanegra", "chiavi": ["permessi"]}]}}, "fonte_geometria": "reticolo_regionale_lombardia", "nome_regionale": "Acquanegra (Torrente)", "bacino_regionale": "TICINO", "sottobacino": "Lago Maggiore (Verbano)", "cod_ptua16": "IT03N0080980011LO", "natura": "naturale", "lunghezza_m": 11453, "capisaldi_estremi": [], "id": "acquanegra_012"}}, {"type": "Feature", "geometry": {"type": "LineString", "coordinates": [[8.70233, 45.83516], [8.70185, 45.83562], [8.70172, 45.83584], [8.70168, 45.83605], [8.70176, 45.83644], [8.70176, 45.83671], [8.70146, 45.83758], [8.70084, 45.83872], [8.70059, 45.83903], [8.70012, 45.83968], [8.69993, 45.8402], [8.69996, 45.8403], [8.69982, 45.84079], [8.69969, 45.84108], [8.69934, 45.84151], [8.69921, 45.8417], [8.69891, 45.84225], [8.69859, 45.84295], [8.69835, 45.84391], [8.69801, 45.84457], [8.69783, 45.84486], [8.69773, 45.84494], [8.69734, 45.84499], [8.69667, 45.84488], [8.69644, 45.84487], [8.6957, 45.84499], [8.69537, 45.84508], [8.69497, 45.84523], [8.69446, 45.84533], [8.69418, 45.84541], [8.69402, 45.84554], [8.694, 45.84575], [8.69423, 45.84613], [8.69454, 45.8465], [8.69475, 45.84682], [8.6949, 45.84712], [8.69455, 45.84748], [8.69445, 45.84752], [8.6939, 45.84764], [8.69378, 45.84771], [8.69372, 45.84787], [8.69331, 45.84832], [8.69295, 45.84879], [8.69254, 45.84922], [8.69247, 45.8497], [8.69253, 45.84984], [8.69283, 45.84995], [8.69297, 45.84995], [8.69307, 45.8501], [8.6929, 45.85031], [8.6929, 45.85053], [8.69312, 45.85092], [8.69314, 45.85106], [8.69304, 45.85116], [8.69279, 45.85128], [8.69187, 45.85159], [8.69172, 45.85161], [8.69096, 45.85191], [8.69052, 45.85214], [8.69027, 45.85219], [8.68975, 45.85239], [8.6893, 45.85275], [8.68929, 45.85284], [8.68965, 45.85326], [8.68972, 45.85341], [8.68954, 45.85357], [8.68937, 45.8538], [8.6892, 45.85385], [8.68883, 45.85412], [8.68826, 45.85429], [8.68771, 45.8547], [8.6872, 45.85487], [8.68696, 45.85485], [8.68646, 45.85465], [8.68612, 45.85457], [8.68549, 45.85459], [8.68455, 45.85457], [8.68428, 45.85432], [8.68399, 45.85419], [8.68326, 45.85403], [8.68301, 45.85387], [8.68259, 45.85321], [8.68247, 45.85312], [8.68209, 45.85291], [8.68144, 45.8528], [8.68092, 45.8525], [8.6807, 45.8523], [8.68038, 45.85216], [8.68038, 45.85209], [8.67981, 45.85194], [8.67946, 45.85192], [8.67929, 45.85198], [8.67906, 45.85217], [8.67884, 45.85239], [8.67863, 45.85267], [8.67847, 45.85283], [8.67821, 45.85283], [8.67785, 45.85268], [8.677, 45.85263], [8.67696, 45.85236], [8.67698, 45.85171], [8.67658, 45.85031], [8.67656, 45.85029], [8.67584, 45.84982], [8.67567, 45.8497], [8.67556, 45.84954], [8.67546, 45.84921], [8.67506, 45.84872], [8.67472, 45.8484], [8.67451, 45.84813], [8.67418, 45.84779], [8.67385, 45.84749], [8.67381, 45.84722], [8.67353, 45.84679], [8.67343, 45.84657], [8.67325, 45.84632], [8.67293, 45.84605], [8.67252, 45.84586], [8.6721, 45.84576], [8.67194, 45.84568], [8.67135, 45.84549], [8.67103, 45.84543], [8.67044, 45.84525], [8.67034, 45.84519], [8.67007, 45.84523], [8.66941, 45.8455], [8.66893, 45.84543], [8.66884, 45.84565], [8.66868, 45.84575], [8.66849, 45.8458], [8.66807, 45.84584], [8.66716, 45.84574], [8.66694, 45.84578], [8.66672, 45.84591], [8.66602, 45.8461], [8.66534, 45.84609], [8.66505, 45.84602], [8.6646, 45.84572], [8.66431, 45.84562], [8.66392, 45.84561], [8.66347, 45.84566], [8.6632, 45.84574], [8.6629, 45.84577], [8.66176, 45.84608], [8.66158, 45.8461], [8.66143, 45.84603], [8.66141, 45.84591], [8.66146, 45.84563], [8.66137, 45.84537], [8.66176, 45.84517], [8.66183, 45.8451], [8.6618, 45.84499], [8.66164, 45.84472], [8.66165, 45.8443], [8.66155, 45.84418], [8.66117, 45.84392], [8.66093, 45.84363], [8.66087, 45.84347], [8.6609, 45.84307], [8.66104, 45.84275], [8.66136, 45.84236], [8.66161, 45.84222], [8.66167, 45.84202], [8.66158, 45.84187], [8.66115, 45.84166], [8.66088, 45.84163], [8.66028, 45.84173], [8.65999, 45.8418], [8.6598, 45.84178], [8.65973, 45.84171], [8.65975, 45.84158], [8.65991, 45.84144], [8.66028, 45.8413], [8.66042, 45.84121], [8.66041, 45.84102], [8.66057, 45.84079], [8.66054, 45.84071], [8.66038, 45.84058], [8.66026, 45.84026], [8.66009, 45.83986], [8.65987, 45.8396], [8.65954, 45.83936], [8.65925, 45.83931], [8.65902, 45.83922], [8.65893, 45.83935], [8.65857, 45.83936], [8.65826, 45.83934], [8.65802, 45.83923], [8.65759, 45.83909], [8.65718, 45.83888], [8.6567, 45.83853], [8.65581, 45.83797], [8.65551, 45.83792], [8.65533, 45.8378], [8.65496, 45.8375], [8.65453, 45.83718], [8.65336, 45.83686], [8.65284, 45.83679], [8.65262, 45.83672], [8.65251, 45.83665], [8.65234, 45.83622], [8.6515, 45.83565], [8.6507, 45.83508], [8.65016, 45.83472], [8.64974, 45.83441], [8.64956, 45.83436], [8.64892, 45.83425], [8.648, 45.8341], [8.64704, 45.83393], [8.64687, 45.83392], [8.64621, 45.83418], [8.64559, 45.83445], [8.64534, 45.83482], [8.64511, 45.83561], [8.64496, 45.83586], [8.6442, 45.83604], [8.64414, 45.83612], [8.64435, 45.83639], [8.64467, 45.83675], [8.64484, 45.83688], [8.64499, 45.83706], [8.64509, 45.83728], [8.64512, 45.83767], [8.64509, 45.83777], [8.64494, 45.83787], [8.64468, 45.83785], [8.64457, 45.83791], [8.6445, 45.83805], [8.64442, 45.83852], [8.64462, 45.83887], [8.64502, 45.83913], [8.64503, 45.83927], [8.64459, 45.83965], [8.6444, 45.83972], [8.64415, 45.83971], [8.64379, 45.83962], [8.64332, 45.83961], [8.64286, 45.83971], [8.64237, 45.83976], [8.64174, 45.83988], [8.64132, 45.83991], [8.64077, 45.84018], [8.64058, 45.8402], [8.64047, 45.84015], [8.64031, 45.83995], [8.63992, 45.83993], [8.63934, 45.84004], [8.63885, 45.83999], [8.63862, 45.84], [8.63819, 45.84014], [8.63788, 45.84032], [8.63775, 45.84044], [8.63761, 45.84123], [8.63715, 45.84151], [8.63712, 45.84184], [8.63687, 45.84236], [8.63677, 45.84261], [8.63596, 45.8427], [8.6356, 45.84268], [8.63528, 45.8426], [8.6351, 45.84251], [8.63498, 45.84235], [8.63497, 45.84203], [8.63471, 45.84162], [8.63452, 45.8414], [8.63434, 45.84131], [8.63415, 45.84128], [8.63381, 45.84129], [8.63368, 45.84125], [8.63363, 45.84115], [8.63368, 45.84101], [8.63379, 45.84096], [8.63409, 45.84068], [8.63436, 45.84049], [8.63429, 45.84027], [8.63407, 45.83999], [8.63375, 45.83981], [8.63335, 45.83952], [8.63333, 45.83933], [8.63356, 45.83918], [8.63345, 45.83904], [8.63277, 45.8389], [8.63251, 45.83879], [8.63213, 45.83867], [8.63201, 45.83871], [8.63198, 45.83897], [8.63178, 45.83928], [8.63156, 45.83943], [8.63131, 45.83941], [8.63116, 45.83934], [8.631, 45.83917], [8.63081, 45.83915], [8.63073, 45.83922], [8.63061, 45.83947], [8.63034, 45.8398], [8.63032, 45.83994], [8.63036, 45.84041], [8.63057, 45.84059], [8.63083, 45.84071], [8.63109, 45.84094], [8.631, 45.84106], [8.63062, 45.84111], [8.63013, 45.84121], [8.62969, 45.84121], [8.62906, 45.84117], [8.62882, 45.84109], [8.62865, 45.84092], [8.62849, 45.84045], [8.62836, 45.84025], [8.62813, 45.8401], [8.62799, 45.84008], [8.62763, 45.8401], [8.62742, 45.84019], [8.62715, 45.84013], [8.62717, 45.8399], [8.62711, 45.83978], [8.62697, 45.83967], [8.62662, 45.83948], [8.62607, 45.83915], [8.62592, 45.8391], [8.6257, 45.83913], [8.6256, 45.83926], [8.62547, 45.83965], [8.62552, 45.84005], [8.62559, 45.84014], [8.62581, 45.84024], [8.62608, 45.8403], [8.62609, 45.84038], [8.62598, 45.84066], [8.62572, 45.84084], [8.62537, 45.84084], [8.62478, 45.84072], [8.62462, 45.84067], [8.62443, 45.84048], [8.62433, 45.84023], [8.62446, 45.83993], [8.62428, 45.83982], [8.62386, 45.83979], [8.62368, 45.83963], [8.6235, 45.83934], [8.6232, 45.83903], [8.62301, 45.83891]]}, "properties": {"nome_tratto": "Fiume Bardello", "corpo_idrico": "bardello", "corpo_nome": "Fiume Bardello", "layer": "base", "segmento_id": null, "bank": "both", "zona_id": "bardello_residuo", "regime": "ordinario_C_lago", "regime_etichetta": "Regime Ordinario C — Lago (FIPSAS)", "tipo_acqua": "C", "pesca_consentita": true, "geometria": "LineString", "matrice": {"regime_amministrativo": "fipsas", "regime_amministrativo_etichetta": "FIPSAS", "classificazione_biologica": "C", "classificazione_etichetta": "Cat. C", "modalita": "sponda", "tipo_geometria_normativa": "linea", "eredita": [{"livello": 1, "asse": "classificazione_biologica", "id": "C", "blocco": "ordinario_C_lago"}, {"livello": 1, "asse": "regime_amministrativo", "id": "fipsas", "sostituisce_biologia": false}, {"livello": 2, "asse": "modalita_pesca", "id": "sponda"}, {"livello": 3, "asse": "eccezione_locale", "id": "bardello", "chiavi": ["permessi"]}]}, "regole": {"zona_id": "bardello_residuo", "zona_nome": "Fiume Bardello — Regime Ordinario C — Lago (FIPSAS)", "corpo_idrico": "bardello", "corpo_nome": "Fiume Bardello", "regime": "ordinario_C_lago", "regime_etichetta": "Regime Ordinario C — Lago (FIPSAS)", "regime_descrizione": "Lago minore ciprinicolo in concessione FIPSAS, con regole specifiche per riva e belly boat.", "tipo_acqua": "C", "tipo_acqua_etichetta": "Tipo C (ciprinicole)", "pesca_consentita": true, "priorita": 10, "estensione": {"tipo": "residuale", "descrizione": "Fuori dai tagli restrittivi (No-Kill, divieto, riserva)."}, "calendario": {"stagione": {"id": "tutto_anno", "etichetta": "Tutto l'anno", "inizio": null, "fine": null, "testo": "Tutto l'anno (salvo periodi di divieto per specie, par. 4.4)", "fonte": {"livello": "derivata", "riferimento": "par. 4.4", "estratto": ""}}, "giorni": {"id": "tutti_i_giorni", "etichetta": "Tutti i giorni", "settimana": ["lun", "mar", "mer", "gio", "ven", "sab", "dom"], "festivi_aggiuntivi": [], "testo": "Tutti i giorni della settimana", "fonte": {"livello": "derivata", "riferimento": "", "estratto": ""}}, "fascia_oraria": {"id": "h24_notturna_da_riva", "etichetta": "H24 (notturna solo da riva)", "da": null, "a": null, "notturna": {"consentita": true, "condizioni": ["solo da riva", "canna armata con max 5 ami"]}, "testo": "Pesca anche notturna, ma solo da riva e con canna armata con al massimo 5 ami", "fonte": {"livello": "testuale", "riferimento": "par. 4.8", "estratto": "Pesca notturna ammessa in tipo A e C, da riva, canna con max cinque ami"}}, "periodi_speciali": []}, "attrezzatura": {"attrezzi_ammessi": ["canna"], "canne_max": 3, "esche_max_per_canna": 5, "ami_max_per_canna": null, "ardiglione": "ammesso", "spazio_sponda_max_m": 10}, "esche": {"consentite": ["naturale", "artificiale"], "vietate": [], "pasturazione": "limitata_par_4_11"}, "tecniche": {"consentite": ["canna_da_riva", "pesca_notturna"], "vietate": ["imbarcazione"], "condizionate": []}, "prelievo": {"tipo": "ordinario", "rilascio_obbligatorio": false, "capi_trattenibili": "secondo limiti di cattura", "specie_sempre_protette_extra": [], "limiti_ref": "limiti_cattura", "misure_minime_cm": {"trota_fario": 25, "trota_marmorata": 40, "temolo": 35, "luccio": 60, "persico_reale": 16, "salmerino_alpino": 25}, "specie_protette": ["cobiti", "lasca", "scazzone", "anguilla", "savetta", "barbo canino", "lampreda padana", "pigo", "trota macrostigma"], "limiti": {"per_specie": {"luccio": 1, "trota_marmorata": 1, "temolo": 2}, "salmonidi_complessivi": 6, "kg_giornalieri_max": 5, "stop_al_limite": ["luccio", "salmonidi"], "obbligo_recisione_pinna_caudale": ["trote", "luccio", "coregone", "persico reale", "salmerino", "temolo", "siluro"], "fonte": {"livello": "testuale", "riferimento": "par. 4.5–4.6", "estratto": "luccio 1; trota marmorata 1; temolo 2; «6 capi complessivi di trote, salmerini e temoli»; massimo 5 kg/giorno di fauna ittica"}}}, "permessi": {"pacchetto": {"id": "fipsas_varese_ridotto", "etichetta": "Riva verde e alvei verdi — contributo ridotto FIPSAS Varese", "richiede_contributo_extra": true, "richiede_tesserino": true, "note": "Lago di Varese da riva, Fiume Bardello, Torrente Acquanegra, Canale Brabbia. Chi ha già il contributo annuale da 30 € non deve il ridotto.", "documenti": [{"id": "licenza_B", "etichetta": "Licenza di pesca tipo B", "costo_eur": 23.0, "ente": "Regione Lombardia (tassa regionale)", "validita": "12 mesi", "esenzioni": ["Residenti in Italia con meno di 18 anni", "Residenti in Italia con più di 65 anni", "Soggetti L. 104/1992 art. 3 (se pescano solo con canna)"], "fonte": {"livello": "testuale", "riferimento": "PESCARE NEI FIUMI/TORRENTI/CANALI", "estratto": "Licenza di pesca tipo B (€ 23,00)"}}, {"id": "tessera_fipsas", "etichetta": "Tessera FIPSAS", "costo_eur": 30.0, "costi_ridotti": [{"costo_eur": 6.0, "condizione": "nati dopo il 01.01.2011"}], "ente": "FIPSAS", "validita": "anno solare", "esenzioni": [], "fonte": {"livello": "testuale", "riferimento": "PESCARE NEI FIUMI/TORRENTI/CANALI", "estratto": "Tessera FIPSAS (€ 30,00; € 6,00 nati dopo il 01.01.2011)"}}, {"id": "contributo_gestione_ridotto", "etichetta": "Contributo di gestione RIDOTTO FIPSAS Varese", "costo_eur": 15.0, "ente": "FIPSAS Varese (concessionario)", "validita": "anno solare", "ambito": ["pesca da riva nei laghi con rive in verde (es. Lago di Ghirla)"], "assorbito_da": "contributo_gestione_annuale", "esenzioni": ["Nati dopo il 01.01.2008", "Disabili L. 104/1992 art. 3 c. 3"], "fonte": {"livello": "testuale", "riferimento": "Scheda Lago di Ghirla", "estratto": "Contributo di Gestione RIDOTTO FIPSAS Varese € 15 […] Chi ha già il contributo annuale € 30 non deve il ridotto da riva."}}, {"id": "tesserino_segnapesci", "etichetta": "Tesserino segnapesci del concessionario", "costo_eur": null, "ente": "FIPSAS Varese", "non_richiesto_se": ["permesso_giornaliero"], "punti_distribuzione": ["GERMIGNAGA PESCA — Piazza 20 Settembre, 29, Germignaga (VA)"], "fonte": {"livello": "testuale", "riferimento": "PESCARE NEI FIUMI/TORRENTI/CANALI", "estratto": "Tesserino segna pesci del Concessionario […] non è obbligatorio per chi utilizza il permesso giornaliero di pesca"}}], "costo_totale_eur": null, "costo_noto_eur": 68.0, "alternativa_non_tesserati": [{"id": "licenza_B", "etichetta": "Licenza di pesca tipo B"}, {"id": "permesso_giornaliero", "etichetta": "Permesso giornaliero (non tesserati FIPSAS)"}]}, "varianti": []}, "vincoli_speciali": [], "interpretazioni": [{"campo": "calendario", "nota": "Il prontuario non fissa una stagione di apertura per le acque di tipo C né i giorni ristretti del tipo B: restano validi i periodi di divieto per specie (par. 4.4)."}, {"campo": "attrezzatura.ardiglione", "nota": "L'obbligo di amo senza ardiglione è previsto testualmente solo per il tipo B."}], "fonti": [{"livello": "testuale", "riferimento": "Regole acque tipo A e C", "estratto": "Canna da pesca. Si può pescare con un massimo di tre canne, […] armate ciascuna con un massimo di cinque esche naturali o artificiali occupando uno spazio, comunque, non superiore a dieci metri di tratto di sponda."}, {"livello": "testuale", "riferimento": "par. 4.10", "estratto": "Acque di tipo C […] fiume Bardello"}, {"livello": "testuale", "riferimento": "Fiumi e torrenti — alvei verdi", "estratto": "Bardello - Acqua Negra - Brabbia: licenza, tessera, contributo ridotto 15 €, tesserino."}], "note_corpo": "Emissario del Lago di Varese verso il Verbano. Tipo C, contributo ridotto. Nessun taglio di sponda. In impalcatura.", "matrice": {"regime_amministrativo": "fipsas", "regime_amministrativo_etichetta": "FIPSAS", "classificazione_biologica": "C", "classificazione_etichetta": "Cat. C", "modalita": "sponda", "tipo_geometria_normativa": "linea", "eredita": [{"livello": 1, "asse": "classificazione_biologica", "id": "C", "blocco": "ordinario_C_lago"}, {"livello": 1, "asse": "regime_amministrativo", "id": "fipsas", "sostituisce_biologia": false}, {"livello": 2, "asse": "modalita_pesca", "id": "sponda"}, {"livello": 3, "asse": "eccezione_locale", "id": "bardello", "chiavi": ["permessi"]}]}}, "fonte_geometria": "reticolo_regionale_lombardia", "nome_regionale": "Bardello (Fiume)", "bacino_regionale": "TICINO", "sottobacino": "Lago Maggiore (Verbano)", "cod_ptua16": "IT03N0080981151LO", "natura": "naturale", "lunghezza_m": 11900, "capisaldi_estremi": [], "id": "bardello_013"}}, {"type": "Feature", "geometry": {"type": "LineString", "coordinates": [[8.70266, 45.76705], [8.70332, 45.76733], [8.70396, 45.76766], [8.70435, 45.76782], [8.70464, 45.76799], [8.70505, 45.76856], [8.70527, 45.76876], [8.70561, 45.76899], [8.70606, 45.76947], [8.70648, 45.76984], [8.70685, 45.77008], [8.70718, 45.77021], [8.70749, 45.77038], [8.70778, 45.77079], [8.70801, 45.77117], [8.70803, 45.77126], [8.70894, 45.77259], [8.7096, 45.77351], [8.71075, 45.77518], [8.71111, 45.77579], [8.71112, 45.77605], [8.71076, 45.77674], [8.71071, 45.77695], [8.71073, 45.77713], [8.71102, 45.77853], [8.71139, 45.78038], [8.71193, 45.78328], [8.71198, 45.78347], [8.71214, 45.78375], [8.71236, 45.78404], [8.71258, 45.78448], [8.71297, 45.78516], [8.7134, 45.78583], [8.71349, 45.78608], [8.71409, 45.78708], [8.71434, 45.78753], [8.71488, 45.78844], [8.71506, 45.78879], [8.71522, 45.78902], [8.71536, 45.78928], [8.71575, 45.78992], [8.71573, 45.79002], [8.71535, 45.79023], [8.7151, 45.7905], [8.71418, 45.79076], [8.71396, 45.79088], [8.71381, 45.79107], [8.71325, 45.79166], [8.71313, 45.79197], [8.71311, 45.79215], [8.71334, 45.79241], [8.71329, 45.79254], [8.71299, 45.79277], [8.71295, 45.79297], [8.71314, 45.7933], [8.7134, 45.79363], [8.71341, 45.7938], [8.71332, 45.79387], [8.71291, 45.79393], [8.71272, 45.79404], [8.71266, 45.79424], [8.71239, 45.79429], [8.71232, 45.7945], [8.7125, 45.79475], [8.71294, 45.79512], [8.71293, 45.79523], [8.7127, 45.79549], [8.7124, 45.79595], [8.71242, 45.79608], [8.71308, 45.79641], [8.71331, 45.79658], [8.71369, 45.79693], [8.71373, 45.79703], [8.71373, 45.79731], [8.71384, 45.79739], [8.71438, 45.79746], [8.71466, 45.79757], [8.71487, 45.79746], [8.71504, 45.79746], [8.71533, 45.79758], [8.71554, 45.7976], [8.71572, 45.79769], [8.71583, 45.79768], [8.71603, 45.79779], [8.71633, 45.79779], [8.71648, 45.79794], [8.71667, 45.79825], [8.71699, 45.79858]]}, "properties": {"nome_tratto": "Canale Brabbia", "corpo_idrico": "canale_brabbia", "corpo_nome": "Canale Brabbia", "layer": "base", "segmento_id": null, "bank": "both", "zona_id": "canale_brabbia_residuo", "regime": "ordinario_C_lago", "regime_etichetta": "Regime Ordinario C — Lago (FIPSAS)", "tipo_acqua": "C", "pesca_consentita": true, "geometria": "LineString", "matrice": {"regime_amministrativo": "fipsas", "regime_amministrativo_etichetta": "FIPSAS", "classificazione_biologica": "C", "classificazione_etichetta": "Cat. C", "modalita": "sponda", "tipo_geometria_normativa": "linea", "eredita": [{"livello": 1, "asse": "classificazione_biologica", "id": "C", "blocco": "ordinario_C_lago"}, {"livello": 1, "asse": "regime_amministrativo", "id": "fipsas", "sostituisce_biologia": false}, {"livello": 2, "asse": "modalita_pesca", "id": "sponda"}, {"livello": 3, "asse": "eccezione_locale", "id": "canale_brabbia", "chiavi": ["permessi"]}]}, "regole": {"zona_id": "canale_brabbia_residuo", "zona_nome": "Canale Brabbia — Regime Ordinario C — Lago (FIPSAS)", "corpo_idrico": "canale_brabbia", "corpo_nome": "Canale Brabbia", "regime": "ordinario_C_lago", "regime_etichetta": "Regime Ordinario C — Lago (FIPSAS)", "regime_descrizione": "Lago minore ciprinicolo in concessione FIPSAS, con regole specifiche per riva e belly boat.", "tipo_acqua": "C", "tipo_acqua_etichetta": "Tipo C (ciprinicole)", "pesca_consentita": true, "priorita": 10, "estensione": {"tipo": "residuale", "descrizione": "Fuori dai tagli restrittivi (No-Kill, divieto, riserva)."}, "calendario": {"stagione": {"id": "tutto_anno", "etichetta": "Tutto l'anno", "inizio": null, "fine": null, "testo": "Tutto l'anno (salvo periodi di divieto per specie, par. 4.4)", "fonte": {"livello": "derivata", "riferimento": "par. 4.4", "estratto": ""}}, "giorni": {"id": "tutti_i_giorni", "etichetta": "Tutti i giorni", "settimana": ["lun", "mar", "mer", "gio", "ven", "sab", "dom"], "festivi_aggiuntivi": [], "testo": "Tutti i giorni della settimana", "fonte": {"livello": "derivata", "riferimento": "", "estratto": ""}}, "fascia_oraria": {"id": "h24_notturna_da_riva", "etichetta": "H24 (notturna solo da riva)", "da": null, "a": null, "notturna": {"consentita": true, "condizioni": ["solo da riva", "canna armata con max 5 ami"]}, "testo": "Pesca anche notturna, ma solo da riva e con canna armata con al massimo 5 ami", "fonte": {"livello": "testuale", "riferimento": "par. 4.8", "estratto": "Pesca notturna ammessa in tipo A e C, da riva, canna con max cinque ami"}}, "periodi_speciali": []}, "attrezzatura": {"attrezzi_ammessi": ["canna"], "canne_max": 3, "esche_max_per_canna": 5, "ami_max_per_canna": null, "ardiglione": "ammesso", "spazio_sponda_max_m": 10}, "esche": {"consentite": ["naturale", "artificiale"], "vietate": [], "pasturazione": "limitata_par_4_11"}, "tecniche": {"consentite": ["canna_da_riva", "pesca_notturna"], "vietate": ["imbarcazione"], "condizionate": []}, "prelievo": {"tipo": "ordinario", "rilascio_obbligatorio": false, "capi_trattenibili": "secondo limiti di cattura", "specie_sempre_protette_extra": [], "limiti_ref": "limiti_cattura", "misure_minime_cm": {"trota_fario": 25, "trota_marmorata": 40, "temolo": 35, "luccio": 60, "persico_reale": 16, "salmerino_alpino": 25}, "specie_protette": ["cobiti", "lasca", "scazzone", "anguilla", "savetta", "barbo canino", "lampreda padana", "pigo", "trota macrostigma"], "limiti": {"per_specie": {"luccio": 1, "trota_marmorata": 1, "temolo": 2}, "salmonidi_complessivi": 6, "kg_giornalieri_max": 5, "stop_al_limite": ["luccio", "salmonidi"], "obbligo_recisione_pinna_caudale": ["trote", "luccio", "coregone", "persico reale", "salmerino", "temolo", "siluro"], "fonte": {"livello": "testuale", "riferimento": "par. 4.5–4.6", "estratto": "luccio 1; trota marmorata 1; temolo 2; «6 capi complessivi di trote, salmerini e temoli»; massimo 5 kg/giorno di fauna ittica"}}}, "permessi": {"pacchetto": {"id": "fipsas_varese_ridotto", "etichetta": "Riva verde e alvei verdi — contributo ridotto FIPSAS Varese", "richiede_contributo_extra": true, "richiede_tesserino": true, "note": "Lago di Varese da riva, Fiume Bardello, Torrente Acquanegra, Canale Brabbia. Chi ha già il contributo annuale da 30 € non deve il ridotto.", "documenti": [{"id": "licenza_B", "etichetta": "Licenza di pesca tipo B", "costo_eur": 23.0, "ente": "Regione Lombardia (tassa regionale)", "validita": "12 mesi", "esenzioni": ["Residenti in Italia con meno di 18 anni", "Residenti in Italia con più di 65 anni", "Soggetti L. 104/1992 art. 3 (se pescano solo con canna)"], "fonte": {"livello": "testuale", "riferimento": "PESCARE NEI FIUMI/TORRENTI/CANALI", "estratto": "Licenza di pesca tipo B (€ 23,00)"}}, {"id": "tessera_fipsas", "etichetta": "Tessera FIPSAS", "costo_eur": 30.0, "costi_ridotti": [{"costo_eur": 6.0, "condizione": "nati dopo il 01.01.2011"}], "ente": "FIPSAS", "validita": "anno solare", "esenzioni": [], "fonte": {"livello": "testuale", "riferimento": "PESCARE NEI FIUMI/TORRENTI/CANALI", "estratto": "Tessera FIPSAS (€ 30,00; € 6,00 nati dopo il 01.01.2011)"}}, {"id": "contributo_gestione_ridotto", "etichetta": "Contributo di gestione RIDOTTO FIPSAS Varese", "costo_eur": 15.0, "ente": "FIPSAS Varese (concessionario)", "validita": "anno solare", "ambito": ["pesca da riva nei laghi con rive in verde (es. Lago di Ghirla)"], "assorbito_da": "contributo_gestione_annuale", "esenzioni": ["Nati dopo il 01.01.2008", "Disabili L. 104/1992 art. 3 c. 3"], "fonte": {"livello": "testuale", "riferimento": "Scheda Lago di Ghirla", "estratto": "Contributo di Gestione RIDOTTO FIPSAS Varese € 15 […] Chi ha già il contributo annuale € 30 non deve il ridotto da riva."}}, {"id": "tesserino_segnapesci", "etichetta": "Tesserino segnapesci del concessionario", "costo_eur": null, "ente": "FIPSAS Varese", "non_richiesto_se": ["permesso_giornaliero"], "punti_distribuzione": ["GERMIGNAGA PESCA — Piazza 20 Settembre, 29, Germignaga (VA)"], "fonte": {"livello": "testuale", "riferimento": "PESCARE NEI FIUMI/TORRENTI/CANALI", "estratto": "Tesserino segna pesci del Concessionario […] non è obbligatorio per chi utilizza il permesso giornaliero di pesca"}}], "costo_totale_eur": null, "costo_noto_eur": 68.0, "alternativa_non_tesserati": [{"id": "licenza_B", "etichetta": "Licenza di pesca tipo B"}, {"id": "permesso_giornaliero", "etichetta": "Permesso giornaliero (non tesserati FIPSAS)"}]}, "varianti": []}, "vincoli_speciali": [], "interpretazioni": [{"campo": "calendario", "nota": "Il prontuario non fissa una stagione di apertura per le acque di tipo C né i giorni ristretti del tipo B: restano validi i periodi di divieto per specie (par. 4.4)."}, {"campo": "attrezzatura.ardiglione", "nota": "L'obbligo di amo senza ardiglione è previsto testualmente solo per il tipo B."}], "fonti": [{"livello": "testuale", "riferimento": "Regole acque tipo A e C", "estratto": "Canna da pesca. Si può pescare con un massimo di tre canne, […] armate ciascuna con un massimo di cinque esche naturali o artificiali occupando uno spazio, comunque, non superiore a dieci metri di tratto di sponda."}, {"livello": "testuale", "riferimento": "par. 4.10", "estratto": "Acque di tipo C […] canale Brabbia"}], "note_corpo": "Collega il Comabbio al Varese attraverso la Palude Brabbia. Tipo C, contributo ridotto. È la way indicata, non altre pezze. In impalcatura.", "matrice": {"regime_amministrativo": "fipsas", "regime_amministrativo_etichetta": "FIPSAS", "classificazione_biologica": "C", "classificazione_etichetta": "Cat. C", "modalita": "sponda", "tipo_geometria_normativa": "linea", "eredita": [{"livello": 1, "asse": "classificazione_biologica", "id": "C", "blocco": "ordinario_C_lago"}, {"livello": 1, "asse": "regime_amministrativo", "id": "fipsas", "sostituisce_biologia": false}, {"livello": 2, "asse": "modalita_pesca", "id": "sponda"}, {"livello": 3, "asse": "eccezione_locale", "id": "canale_brabbia", "chiavi": ["permessi"]}]}}, "fonte_geometria": "reticolo_regionale_lombardia", "nome_regionale": "Brabbia (Canale)", "bacino_regionale": "TICINO", "sottobacino": "Lago Maggiore (Verbano)", "cod_ptua16": "IT03N00809811501051LO", "natura": "naturale", "lunghezza_m": 4230, "capisaldi_estremi": [], "id": "canale_brabbia_014"}}, {"type": "Feature", "geometry": {"type": "LineString", "coordinates": [[9.14296, 46.12458], [9.14293, 46.1248], [9.14279, 46.12502], [9.14259, 46.12519], [9.14227, 46.12535], [9.14198, 46.12547], [9.14181, 46.12558], [9.1416, 46.12581], [9.14147, 46.12586], [9.14114, 46.1261], [9.14091, 46.12635], [9.14071, 46.12662], [9.14062, 46.12679], [9.14033, 46.12684], [9.13994, 46.12698], [9.13959, 46.12716], [9.13917, 46.12731], [9.13897, 46.1275], [9.13877, 46.12762], [9.13857, 46.12768], [9.13835, 46.12769], [9.13811, 46.12777], [9.13774, 46.12798], [9.13743, 46.12811], [9.1369, 46.1282], [9.13642, 46.12804], [9.13628, 46.12806], [9.13547, 46.12801], [9.13478, 46.12801], [9.13429, 46.12794], [9.13397, 46.12788], [9.13329, 46.12768], [9.13299, 46.1276], [9.13234, 46.12757], [9.13185, 46.1276], [9.13162, 46.12765], [9.13137, 46.12766], [9.13107, 46.12763], [9.13046, 46.12746], [9.13003, 46.12724], [9.12952, 46.12708], [9.12928, 46.12706], [9.12905, 46.12697], [9.12853, 46.12695], [9.128, 46.1269], [9.12768, 46.12682], [9.1274, 46.12667], [9.12718, 46.12663], [9.12693, 46.12664], [9.12662, 46.12641], [9.12648, 46.12622], [9.12621, 46.12599], [9.12576, 46.12571], [9.12567, 46.12552], [9.12523, 46.12515], [9.12504, 46.12505], [9.12457, 46.1246], [9.12448, 46.12441], [9.12437, 46.12433], [9.12395, 46.12424], [9.12369, 46.12421], [9.12317, 46.12394], [9.12304, 46.12379], [9.1228, 46.12362], [9.12256, 46.12335], [9.12253, 46.12311], [9.12224, 46.12282], [9.12206, 46.12273], [9.1218, 46.12268], [9.12172, 46.12239], [9.12136, 46.12211], [9.12104, 46.12176], [9.12083, 46.12143], [9.12076, 46.12108], [9.12078, 46.12087], [9.12071, 46.12069], [9.1207, 46.12001], [9.12062, 46.11979], [9.12044, 46.11955], [9.12031, 46.11916], [9.1201, 46.1189], [9.12003, 46.11876], [9.1198, 46.11859], [9.11967, 46.11842], [9.11954, 46.11814], [9.11945, 46.1178], [9.11926, 46.11767], [9.11889, 46.11729], [9.11838, 46.1169], [9.11821, 46.11669], [9.11819, 46.1165], [9.11809, 46.11625], [9.11797, 46.11611], [9.11786, 46.11606], [9.11786, 46.11594], [9.11777, 46.11584], [9.11771, 46.11567], [9.11752, 46.1155], [9.11732, 46.11515], [9.11735, 46.11477], [9.11753, 46.11444], [9.11759, 46.11417], [9.11757, 46.114], [9.11764, 46.11379], [9.11777, 46.11373], [9.118, 46.1137], [9.1181, 46.11365], [9.11813, 46.11345], [9.11822, 46.11327], [9.11826, 46.11301], [9.11835, 46.11292], [9.11852, 46.11284], [9.11862, 46.11267], [9.1186, 46.11254], [9.11884, 46.11233], [9.11877, 46.11203], [9.11907, 46.11165], [9.11929, 46.11128], [9.11947, 46.11114], [9.11972, 46.11104], [9.11999, 46.11111], [9.12017, 46.11098], [9.12018, 46.11064], [9.12008, 46.11018], [9.11991, 46.10988], [9.11971, 46.10946], [9.11942, 46.10928], [9.11859, 46.10898], [9.11828, 46.1088], [9.11807, 46.10855], [9.11806, 46.10838], [9.11814, 46.10811], [9.11804, 46.10796], [9.11812, 46.1076], [9.11845, 46.10737], [9.1187, 46.10691], [9.11884, 46.10659], [9.11894, 46.10644], [9.11946, 46.10619], [9.11951, 46.10603], [9.11948, 46.10589], [9.11919, 46.10558], [9.11911, 46.10535], [9.11896, 46.1052], [9.11876, 46.10511], [9.11848, 46.10505], [9.11815, 46.10476], [9.11792, 46.10447], [9.11787, 46.10431], [9.11771, 46.10409], [9.11763, 46.10381], [9.11769, 46.10359], [9.11806, 46.10321], [9.11834, 46.10289], [9.11837, 46.10277], [9.11823, 46.10249], [9.11792, 46.10242], [9.11771, 46.10243], [9.11741, 46.10238], [9.11727, 46.10227], [9.11707, 46.10194], [9.11701, 46.10158], [9.11666, 46.10113], [9.11665, 46.10108], [9.11634, 46.10078], [9.11613, 46.10053], [9.11594, 46.10026], [9.11591, 46.10006], [9.11596, 46.09987], [9.1162, 46.09959], [9.11653, 46.09942], [9.11684, 46.09916], [9.11715, 46.09882], [9.11769, 46.0985], [9.11792, 46.0983], [9.11818, 46.09799], [9.11832, 46.09771], [9.11841, 46.09738], [9.11858, 46.09705], [9.1186, 46.09692], [9.11852, 46.09663], [9.11855, 46.09645], [9.11868, 46.09629], [9.11898, 46.09605], [9.11911, 46.09585], [9.11952, 46.0955], [9.11971, 46.09539], [9.1199, 46.09502], [9.12004, 46.0947], [9.1199, 46.09447], [9.1196, 46.09415], [9.11953, 46.09399], [9.11956, 46.09382], [9.11972, 46.09362]]}, "properties": {"nome_tratto": "Torrente Cuccio", "corpo_idrico": "cuccio", "corpo_nome": "Torrente Cuccio", "layer": "base", "segmento_id": null, "bank": "both", "zona_id": "cuccio_residuo", "regime": "ordinario_B", "regime_etichetta": "Regime Ordinario B (FIPSAS)", "tipo_acqua": "B", "pesca_consentita": true, "geometria": "LineString", "matrice": {"regime_amministrativo": "fipsas", "regime_amministrativo_etichetta": "FIPSAS", "classificazione_biologica": "B", "classificazione_etichetta": "Cat. B", "modalita": "sponda", "tipo_geometria_normativa": "linea", "eredita": [{"livello": 1, "asse": "classificazione_biologica", "id": "B", "blocco": "ordinario_B"}, {"livello": 1, "asse": "regime_amministrativo", "id": "fipsas", "sostituisce_biologia": false}, {"livello": 2, "asse": "modalita_pesca", "id": "sponda"}]}, "regole": {"zona_id": "cuccio_residuo", "zona_nome": "Torrente Cuccio — Regime Ordinario B (FIPSAS)", "corpo_idrico": "cuccio", "corpo_nome": "Torrente Cuccio", "regime": "ordinario_B", "regime_etichetta": "Regime Ordinario B (FIPSAS)", "regime_descrizione": "Acque correnti salmonicole in concessione FIPSAS: prelievo consentito secondo le regole generali del tipo B.", "tipo_acqua": "B", "tipo_acqua_etichetta": "Tipo B (salmonicole)", "pesca_consentita": true, "priorita": 10, "estensione": {"tipo": "residuale", "descrizione": "Fuori dai tagli restrittivi (No-Kill, divieto, riserva)."}, "calendario": {"stagione": {"id": "stagione_B", "etichetta": "Stagione acque di tipo B", "inizio": {"data_ref": "ultima_domenica_febbraio", "riferimento_solare": "alba", "offset_minuti": -60}, "fine": {"data_ref": "prima_domenica_ottobre", "riferimento_solare": "tramonto", "offset_minuti": 60}, "testo": "Dall'ultima domenica di febbraio (1 h prima dell'alba) alla prima domenica di ottobre (1 h dopo il tramonto)", "fonte": {"livello": "testuale", "riferimento": "Regole acque tipo B", "estratto": "da un’ora prima dell’alba dell’ultima domenica di febbraio a un’ora dopo il tramonto della prima domenica di ottobre"}}, "giorni": {"id": "giorni_tipo_B", "etichetta": "Giorni tipo B", "settimana": ["dom", "lun", "gio", "sab"], "festivi_aggiuntivi": ["04-25", "05-01", "06-02", "08-15"], "testo": "Domenica, lunedì, giovedì e sabato + 25/4, 1/5, 2/6, 15/8", "fonte": {"livello": "testuale", "riferimento": "Regole acque tipo B", "estratto": "domenica, lunedì, giovedì e sabato nonché il 25 aprile, il 1° maggio, il 2 giugno e il 15 agosto"}}, "fascia_oraria": {"id": "diurna", "etichetta": "Diurna", "da": {"riferimento_solare": "alba", "offset_minuti": -60}, "a": {"riferimento_solare": "tramonto", "offset_minuti": 60}, "testo": "Da 1 h prima dell'alba a 1 h dopo il tramonto", "fonte": {"livello": "testuale", "riferimento": "Regole acque tipo B", "estratto": "da un’ora prima dell’alba a un’ora dopo il tramonto"}}, "periodi_speciali": []}, "attrezzatura": {"attrezzi_ammessi": ["canna"], "canne_max": 1, "esche_max_per_canna": 3, "ami_max_per_canna": null, "ardiglione": "vietato", "spazio_sponda_max_m": null}, "esche": {"consentite": ["naturale", "artificiale"], "vietate": ["cagnotto", "pesce_vivo", "pesce_morto"], "pasturazione": "vietata"}, "tecniche": {"consentite": ["canna_da_riva", "guado"], "vietate": ["pesca_da_ponte", "imbarcazione", "pesca_notturna"], "condizionate": []}, "prelievo": {"tipo": "ordinario", "rilascio_obbligatorio": false, "capi_trattenibili": "secondo limiti di cattura", "specie_sempre_protette_extra": [], "limiti_ref": "limiti_cattura", "misure_minime_cm": {"trota_fario": 25, "trota_marmorata": 40, "temolo": 35, "luccio": 60, "persico_reale": 16, "salmerino_alpino": 25}, "specie_protette": ["cobiti", "lasca", "scazzone", "anguilla", "savetta", "barbo canino", "lampreda padana", "pigo", "trota macrostigma"], "limiti": {"per_specie": {"luccio": 1, "trota_marmorata": 1, "temolo": 2}, "salmonidi_complessivi": 6, "kg_giornalieri_max": 5, "stop_al_limite": ["luccio", "salmonidi"], "obbligo_recisione_pinna_caudale": ["trote", "luccio", "coregone", "persico reale", "salmerino", "temolo", "siluro"], "fonte": {"livello": "testuale", "riferimento": "par. 4.5–4.6", "estratto": "luccio 1; trota marmorata 1; temolo 2; «6 capi complessivi di trote, salmerini e temoli»; massimo 5 kg/giorno di fauna ittica"}}}, "permessi": {"pacchetto": {"id": "fipsas_acque_B", "etichetta": "Acque correnti di tipo B (FIPSAS)", "richiede_contributo_extra": true, "richiede_tesserino": true, "note": "Non è acqua libera «solo licenza B».", "documenti": [{"id": "licenza_B", "etichetta": "Licenza di pesca tipo B", "costo_eur": 23.0, "ente": "Regione Lombardia (tassa regionale)", "validita": "12 mesi", "esenzioni": ["Residenti in Italia con meno di 18 anni", "Residenti in Italia con più di 65 anni", "Soggetti L. 104/1992 art. 3 (se pescano solo con canna)"], "fonte": {"livello": "testuale", "riferimento": "PESCARE NEI FIUMI/TORRENTI/CANALI", "estratto": "Licenza di pesca tipo B (€ 23,00)"}}, {"id": "tessera_fipsas", "etichetta": "Tessera FIPSAS", "costo_eur": 30.0, "costi_ridotti": [{"costo_eur": 6.0, "condizione": "nati dopo il 01.01.2011"}], "ente": "FIPSAS", "validita": "anno solare", "esenzioni": [], "fonte": {"livello": "testuale", "riferimento": "PESCARE NEI FIUMI/TORRENTI/CANALI", "estratto": "Tessera FIPSAS (€ 30,00; € 6,00 nati dopo il 01.01.2011)"}}, {"id": "contributo_gestione_annuale", "etichetta": "Contributo di gestione annuale FIPSAS Varese", "costo_eur": 30.0, "ente": "FIPSAS Varese (concessionario)", "validita": "anno solare", "ambito": ["acque di tipo B", "pesca da imbarcazione / belly boat", "acque evidenziate in azzurro"], "esenzioni": ["Nati dopo il 01.01.2008", "Disabili L. 104/1992 art. 3 c. 3"], "fonte": {"livello": "testuale", "riferimento": "PESCARE NEI FIUMI/TORRENTI/CANALI", "estratto": "Contributo di gestione annuale a FIPSAS Varese (€ 30,00) — per la pesca da imbarcazione e nelle acque di tipo B"}}, {"id": "tesserino_segnapesci", "etichetta": "Tesserino segnapesci del concessionario", "costo_eur": null, "ente": "FIPSAS Varese", "non_richiesto_se": ["permesso_giornaliero"], "punti_distribuzione": ["GERMIGNAGA PESCA — Piazza 20 Settembre, 29, Germignaga (VA)"], "fonte": {"livello": "testuale", "riferimento": "PESCARE NEI FIUMI/TORRENTI/CANALI", "estratto": "Tesserino segna pesci del Concessionario […] non è obbligatorio per chi utilizza il permesso giornaliero di pesca"}}], "costo_totale_eur": null, "costo_noto_eur": 83.0, "alternativa_non_tesserati": [{"id": "licenza_B", "etichetta": "Licenza di pesca tipo B"}, {"id": "permesso_giornaliero", "etichetta": "Permesso giornaliero (non tesserati FIPSAS)"}]}, "varianti": []}, "vincoli_speciali": [], "interpretazioni": [], "fonti": [{"livello": "testuale", "riferimento": "Regole acque tipo B", "estratto": "L’unico attrezzo ammesso è la canna da pesca. Si può pescare con una sola canna, armata con un massimo di tre esche naturali o artificiali. Gli ami devono essere privi di ardiglione o con ardiglione schiacciato ad eccezione dei tratti individuati come campo gara, dove è ammesso l’utilizzo di ami con ardiglione. Non è ammessa alcuna forma di pasturazione e non è ammesso utilizzare come esca la larva di mosca carnaria (cagnotto) e il pesce vivo, o morto. È proibita la pesca dai ponti e con la barca."}], "note_corpo": "Tributario comasco: giorni tipo B, non la deroga della sponda varesina.", "matrice": {"regime_amministrativo": "fipsas", "regime_amministrativo_etichetta": "FIPSAS", "classificazione_biologica": "B", "classificazione_etichetta": "Cat. B", "modalita": "sponda", "tipo_geometria_normativa": "linea", "eredita": [{"livello": 1, "asse": "classificazione_biologica", "id": "B", "blocco": "ordinario_B"}, {"livello": 1, "asse": "regime_amministrativo", "id": "fipsas", "sostituisce_biologia": false}, {"livello": 2, "asse": "modalita_pesca", "id": "sponda"}]}}, "fonte_geometria": "reticolo_regionale_lombardia", "nome_regionale": "Cuccio (Torrente)", "bacino_regionale": "TICINO", "sottobacino": "Lago di Lugano (Ceresio)", "cod_ptua16": "IT03N008098035051LO", "natura": "naturale", "lunghezza_m": 5896, "capisaldi_estremi": [], "id": "cuccio_015"}}, {"type": "Feature", "geometry": {"type": "LineString", "coordinates": [[9.12004, 46.0947], [9.12008, 46.09456], [9.12002, 46.09427], [9.11982, 46.09405], [9.11976, 46.09392], [9.11972, 46.09362], [9.11994, 46.09336], [9.12, 46.09322], [9.11999, 46.09306], [9.11991, 46.09293], [9.11955, 46.0927], [9.11947, 46.09257], [9.11947, 46.09247], [9.11956, 46.09233], [9.11975, 46.09219], [9.1199, 46.09212], [9.12003, 46.09195], [9.12001, 46.09171], [9.12007, 46.09143], [9.12006, 46.09127], [9.12012, 46.09115], [9.12059, 46.09084], [9.12053, 46.0906], [9.12022, 46.09036], [9.11963, 46.09006], [9.1195, 46.08996], [9.11918, 46.08961], [9.11918, 46.08953], [9.1195, 46.08914], [9.11954, 46.08896], [9.11964, 46.08883], [9.11965, 46.08873], [9.11918, 46.08814], [9.11909, 46.08797], [9.11907, 46.08778], [9.1192, 46.08757], [9.11948, 46.08745], [9.12054, 46.08723], [9.12077, 46.08721], [9.1213, 46.08729], [9.12149, 46.08729], [9.12164, 46.08722], [9.12178, 46.08706], [9.122, 46.08673], [9.12252, 46.0864], [9.1236, 46.08594], [9.12393, 46.08593], [9.12426, 46.08603], [9.12473, 46.08603], [9.12502, 46.08599], [9.12534, 46.08591], [9.12575, 46.08584], [9.1263, 46.08581], [9.12643, 46.08575], [9.12681, 46.0857], [9.1272, 46.08561], [9.12742, 46.08553], [9.12784, 46.08548], [9.12829, 46.08548], [9.1288, 46.08534], [9.1289, 46.08524], [9.12874, 46.08504], [9.12875, 46.08491], [9.12888, 46.08475], [9.12907, 46.08467], [9.12941, 46.08457], [9.12954, 46.08459], [9.12986, 46.08453], [9.1304, 46.08458], [9.13066, 46.08454], [9.13104, 46.08454], [9.13134, 46.08457], [9.13183, 46.08458], [9.13208, 46.08439], [9.13211, 46.08421], [9.13206, 46.08399], [9.13197, 46.08385], [9.13161, 46.08344], [9.13151, 46.08318], [9.13161, 46.08297], [9.13202, 46.08289], [9.13239, 46.08292], [9.13273, 46.08286], [9.13302, 46.08276], [9.13315, 46.08248], [9.13333, 46.08222], [9.13356, 46.08205], [9.13395, 46.08194], [9.13462, 46.08158], [9.13491, 46.08155], [9.13511, 46.0816], [9.13528, 46.08156], [9.13551, 46.08137], [9.13554, 46.08121], [9.13563, 46.08105], [9.13582, 46.08095], [9.13637, 46.08089], [9.13667, 46.08096], [9.13693, 46.081], [9.13758, 46.0809], [9.13787, 46.08079], [9.13806, 46.08059], [9.13824, 46.08049], [9.13898, 46.08019], [9.13928, 46.07996], [9.13939, 46.07976], [9.13933, 46.07962], [9.13949, 46.07928], [9.13942, 46.07903], [9.13915, 46.0787], [9.13897, 46.07827], [9.13896, 46.07801], [9.13903, 46.07789], [9.13935, 46.07762], [9.13962, 46.07745], [9.14005, 46.07727], [9.14041, 46.07704], [9.14103, 46.07688], [9.14202, 46.07672], [9.14225, 46.07661], [9.14239, 46.07651], [9.14255, 46.07628], [9.14257, 46.0761], [9.14236, 46.0758], [9.14236, 46.07566], [9.14256, 46.0751], [9.14272, 46.07486], [9.14311, 46.07458], [9.14349, 46.07437], [9.14374, 46.07428], [9.14461, 46.07411], [9.14477, 46.07406], [9.14516, 46.07385], [9.14522, 46.07353], [9.1453, 46.07344], [9.14568, 46.07326], [9.14599, 46.07316], [9.14613, 46.07302], [9.14613, 46.07278], [9.14594, 46.0725], [9.14573, 46.07232], [9.14565, 46.07219], [9.14543, 46.07171], [9.14584, 46.07127], [9.14585, 46.07108], [9.14601, 46.07083], [9.14612, 46.07073], [9.1463, 46.07066], [9.14664, 46.0706], [9.14693, 46.07047], [9.14694, 46.07015], [9.14703, 46.07007], [9.14731, 46.06996], [9.14765, 46.0699], [9.1479, 46.06979], [9.14807, 46.06967], [9.14811, 46.06955], [9.14842, 46.06939], [9.14852, 46.06932], [9.14849, 46.0691], [9.14829, 46.0689], [9.14808, 46.06874], [9.14778, 46.06841], [9.14747, 46.06791], [9.1474, 46.06759], [9.14726, 46.06736], [9.14727, 46.06714], [9.14734, 46.06697], [9.14753, 46.06686], [9.1477, 46.06658], [9.14793, 46.06637], [9.14797, 46.06624], [9.14793, 46.06604]]}, "properties": {"nome_tratto": "Torrente Cuccio", "corpo_idrico": "cuccio", "corpo_nome": "Torrente Cuccio", "layer": "base", "segmento_id": null, "bank": "both", "zona_id": "cuccio_residuo", "regime": "ordinario_B", "regime_etichetta": "Regime Ordinario B (FIPSAS)", "tipo_acqua": "B", "pesca_consentita": true, "geometria": "LineString", "matrice": {"regime_amministrativo": "fipsas", "regime_amministrativo_etichetta": "FIPSAS", "classificazione_biologica": "B", "classificazione_etichetta": "Cat. B", "modalita": "sponda", "tipo_geometria_normativa": "linea", "eredita": [{"livello": 1, "asse": "classificazione_biologica", "id": "B", "blocco": "ordinario_B"}, {"livello": 1, "asse": "regime_amministrativo", "id": "fipsas", "sostituisce_biologia": false}, {"livello": 2, "asse": "modalita_pesca", "id": "sponda"}]}, "regole": {"zona_id": "cuccio_residuo", "zona_nome": "Torrente Cuccio — Regime Ordinario B (FIPSAS)", "corpo_idrico": "cuccio", "corpo_nome": "Torrente Cuccio", "regime": "ordinario_B", "regime_etichetta": "Regime Ordinario B (FIPSAS)", "regime_descrizione": "Acque correnti salmonicole in concessione FIPSAS: prelievo consentito secondo le regole generali del tipo B.", "tipo_acqua": "B", "tipo_acqua_etichetta": "Tipo B (salmonicole)", "pesca_consentita": true, "priorita": 10, "estensione": {"tipo": "residuale", "descrizione": "Fuori dai tagli restrittivi (No-Kill, divieto, riserva)."}, "calendario": {"stagione": {"id": "stagione_B", "etichetta": "Stagione acque di tipo B", "inizio": {"data_ref": "ultima_domenica_febbraio", "riferimento_solare": "alba", "offset_minuti": -60}, "fine": {"data_ref": "prima_domenica_ottobre", "riferimento_solare": "tramonto", "offset_minuti": 60}, "testo": "Dall'ultima domenica di febbraio (1 h prima dell'alba) alla prima domenica di ottobre (1 h dopo il tramonto)", "fonte": {"livello": "testuale", "riferimento": "Regole acque tipo B", "estratto": "da un’ora prima dell’alba dell’ultima domenica di febbraio a un’ora dopo il tramonto della prima domenica di ottobre"}}, "giorni": {"id": "giorni_tipo_B", "etichetta": "Giorni tipo B", "settimana": ["dom", "lun", "gio", "sab"], "festivi_aggiuntivi": ["04-25", "05-01", "06-02", "08-15"], "testo": "Domenica, lunedì, giovedì e sabato + 25/4, 1/5, 2/6, 15/8", "fonte": {"livello": "testuale", "riferimento": "Regole acque tipo B", "estratto": "domenica, lunedì, giovedì e sabato nonché il 25 aprile, il 1° maggio, il 2 giugno e il 15 agosto"}}, "fascia_oraria": {"id": "diurna", "etichetta": "Diurna", "da": {"riferimento_solare": "alba", "offset_minuti": -60}, "a": {"riferimento_solare": "tramonto", "offset_minuti": 60}, "testo": "Da 1 h prima dell'alba a 1 h dopo il tramonto", "fonte": {"livello": "testuale", "riferimento": "Regole acque tipo B", "estratto": "da un’ora prima dell’alba a un’ora dopo il tramonto"}}, "periodi_speciali": []}, "attrezzatura": {"attrezzi_ammessi": ["canna"], "canne_max": 1, "esche_max_per_canna": 3, "ami_max_per_canna": null, "ardiglione": "vietato", "spazio_sponda_max_m": null}, "esche": {"consentite": ["naturale", "artificiale"], "vietate": ["cagnotto", "pesce_vivo", "pesce_morto"], "pasturazione": "vietata"}, "tecniche": {"consentite": ["canna_da_riva", "guado"], "vietate": ["pesca_da_ponte", "imbarcazione", "pesca_notturna"], "condizionate": []}, "prelievo": {"tipo": "ordinario", "rilascio_obbligatorio": false, "capi_trattenibili": "secondo limiti di cattura", "specie_sempre_protette_extra": [], "limiti_ref": "limiti_cattura", "misure_minime_cm": {"trota_fario": 25, "trota_marmorata": 40, "temolo": 35, "luccio": 60, "persico_reale": 16, "salmerino_alpino": 25}, "specie_protette": ["cobiti", "lasca", "scazzone", "anguilla", "savetta", "barbo canino", "lampreda padana", "pigo", "trota macrostigma"], "limiti": {"per_specie": {"luccio": 1, "trota_marmorata": 1, "temolo": 2}, "salmonidi_complessivi": 6, "kg_giornalieri_max": 5, "stop_al_limite": ["luccio", "salmonidi"], "obbligo_recisione_pinna_caudale": ["trote", "luccio", "coregone", "persico reale", "salmerino", "temolo", "siluro"], "fonte": {"livello": "testuale", "riferimento": "par. 4.5–4.6", "estratto": "luccio 1; trota marmorata 1; temolo 2; «6 capi complessivi di trote, salmerini e temoli»; massimo 5 kg/giorno di fauna ittica"}}}, "permessi": {"pacchetto": {"id": "fipsas_acque_B", "etichetta": "Acque correnti di tipo B (FIPSAS)", "richiede_contributo_extra": true, "richiede_tesserino": true, "note": "Non è acqua libera «solo licenza B».", "documenti": [{"id": "licenza_B", "etichetta": "Licenza di pesca tipo B", "costo_eur": 23.0, "ente": "Regione Lombardia (tassa regionale)", "validita": "12 mesi", "esenzioni": ["Residenti in Italia con meno di 18 anni", "Residenti in Italia con più di 65 anni", "Soggetti L. 104/1992 art. 3 (se pescano solo con canna)"], "fonte": {"livello": "testuale", "riferimento": "PESCARE NEI FIUMI/TORRENTI/CANALI", "estratto": "Licenza di pesca tipo B (€ 23,00)"}}, {"id": "tessera_fipsas", "etichetta": "Tessera FIPSAS", "costo_eur": 30.0, "costi_ridotti": [{"costo_eur": 6.0, "condizione": "nati dopo il 01.01.2011"}], "ente": "FIPSAS", "validita": "anno solare", "esenzioni": [], "fonte": {"livello": "testuale", "riferimento": "PESCARE NEI FIUMI/TORRENTI/CANALI", "estratto": "Tessera FIPSAS (€ 30,00; € 6,00 nati dopo il 01.01.2011)"}}, {"id": "contributo_gestione_annuale", "etichetta": "Contributo di gestione annuale FIPSAS Varese", "costo_eur": 30.0, "ente": "FIPSAS Varese (concessionario)", "validita": "anno solare", "ambito": ["acque di tipo B", "pesca da imbarcazione / belly boat", "acque evidenziate in azzurro"], "esenzioni": ["Nati dopo il 01.01.2008", "Disabili L. 104/1992 art. 3 c. 3"], "fonte": {"livello": "testuale", "riferimento": "PESCARE NEI FIUMI/TORRENTI/CANALI", "estratto": "Contributo di gestione annuale a FIPSAS Varese (€ 30,00) — per la pesca da imbarcazione e nelle acque di tipo B"}}, {"id": "tesserino_segnapesci", "etichetta": "Tesserino segnapesci del concessionario", "costo_eur": null, "ente": "FIPSAS Varese", "non_richiesto_se": ["permesso_giornaliero"], "punti_distribuzione": ["GERMIGNAGA PESCA — Piazza 20 Settembre, 29, Germignaga (VA)"], "fonte": {"livello": "testuale", "riferimento": "PESCARE NEI FIUMI/TORRENTI/CANALI", "estratto": "Tesserino segna pesci del Concessionario […] non è obbligatorio per chi utilizza il permesso giornaliero di pesca"}}], "costo_totale_eur": null, "costo_noto_eur": 83.0, "alternativa_non_tesserati": [{"id": "licenza_B", "etichetta": "Licenza di pesca tipo B"}, {"id": "permesso_giornaliero", "etichetta": "Permesso giornaliero (non tesserati FIPSAS)"}]}, "varianti": []}, "vincoli_speciali": [], "interpretazioni": [], "fonti": [{"livello": "testuale", "riferimento": "Regole acque tipo B", "estratto": "L’unico attrezzo ammesso è la canna da pesca. Si può pescare con una sola canna, armata con un massimo di tre esche naturali o artificiali. Gli ami devono essere privi di ardiglione o con ardiglione schiacciato ad eccezione dei tratti individuati come campo gara, dove è ammesso l’utilizzo di ami con ardiglione. Non è ammessa alcuna forma di pasturazione e non è ammesso utilizzare come esca la larva di mosca carnaria (cagnotto) e il pesce vivo, o morto. È proibita la pesca dai ponti e con la barca."}], "note_corpo": "Tributario comasco: giorni tipo B, non la deroga della sponda varesina.", "matrice": {"regime_amministrativo": "fipsas", "regime_amministrativo_etichetta": "FIPSAS", "classificazione_biologica": "B", "classificazione_etichetta": "Cat. B", "modalita": "sponda", "tipo_geometria_normativa": "linea", "eredita": [{"livello": 1, "asse": "classificazione_biologica", "id": "B", "blocco": "ordinario_B"}, {"livello": 1, "asse": "regime_amministrativo", "id": "fipsas", "sostituisce_biologia": false}, {"livello": 2, "asse": "modalita_pesca", "id": "sponda"}]}}, "fonte_geometria": "reticolo_regionale_lombardia", "nome_regionale": "Cuccio (Torrente)", "bacino_regionale": "TICINO", "sottobacino": "Lago di Lugano (Ceresio)", "cod_ptua16": "IT03N008098035051LO", "natura": "naturale", "lunghezza_m": 5054, "capisaldi_estremi": [], "id": "cuccio_016"}}, {"type": "Feature", "geometry": {"type": "LineString", "coordinates": [[9.12461, 46.02998], [9.12451, 46.02993], [9.12408, 46.0299], [9.12374, 46.02986], [9.12305, 46.02974], [9.12253, 46.02975]]}, "properties": {"nome_tratto": "Torrente Cuccio", "corpo_idrico": "cuccio", "corpo_nome": "Torrente Cuccio", "layer": "base", "segmento_id": null, "bank": "both", "zona_id": "cuccio_residuo", "regime": "ordinario_B", "regime_etichetta": "Regime Ordinario B (FIPSAS)", "tipo_acqua": "B", "pesca_consentita": true, "geometria": "LineString", "matrice": {"regime_amministrativo": "fipsas", "regime_amministrativo_etichetta": "FIPSAS", "classificazione_biologica": "B", "classificazione_etichetta": "Cat. B", "modalita": "sponda", "tipo_geometria_normativa": "linea", "eredita": [{"livello": 1, "asse": "classificazione_biologica", "id": "B", "blocco": "ordinario_B"}, {"livello": 1, "asse": "regime_amministrativo", "id": "fipsas", "sostituisce_biologia": false}, {"livello": 2, "asse": "modalita_pesca", "id": "sponda"}]}, "regole": {"zona_id": "cuccio_residuo", "zona_nome": "Torrente Cuccio — Regime Ordinario B (FIPSAS)", "corpo_idrico": "cuccio", "corpo_nome": "Torrente Cuccio", "regime": "ordinario_B", "regime_etichetta": "Regime Ordinario B (FIPSAS)", "regime_descrizione": "Acque correnti salmonicole in concessione FIPSAS: prelievo consentito secondo le regole generali del tipo B.", "tipo_acqua": "B", "tipo_acqua_etichetta": "Tipo B (salmonicole)", "pesca_consentita": true, "priorita": 10, "estensione": {"tipo": "residuale", "descrizione": "Fuori dai tagli restrittivi (No-Kill, divieto, riserva)."}, "calendario": {"stagione": {"id": "stagione_B", "etichetta": "Stagione acque di tipo B", "inizio": {"data_ref": "ultima_domenica_febbraio", "riferimento_solare": "alba", "offset_minuti": -60}, "fine": {"data_ref": "prima_domenica_ottobre", "riferimento_solare": "tramonto", "offset_minuti": 60}, "testo": "Dall'ultima domenica di febbraio (1 h prima dell'alba) alla prima domenica di ottobre (1 h dopo il tramonto)", "fonte": {"livello": "testuale", "riferimento": "Regole acque tipo B", "estratto": "da un’ora prima dell’alba dell’ultima domenica di febbraio a un’ora dopo il tramonto della prima domenica di ottobre"}}, "giorni": {"id": "giorni_tipo_B", "etichetta": "Giorni tipo B", "settimana": ["dom", "lun", "gio", "sab"], "festivi_aggiuntivi": ["04-25", "05-01", "06-02", "08-15"], "testo": "Domenica, lunedì, giovedì e sabato + 25/4, 1/5, 2/6, 15/8", "fonte": {"livello": "testuale", "riferimento": "Regole acque tipo B", "estratto": "domenica, lunedì, giovedì e sabato nonché il 25 aprile, il 1° maggio, il 2 giugno e il 15 agosto"}}, "fascia_oraria": {"id": "diurna", "etichetta": "Diurna", "da": {"riferimento_solare": "alba", "offset_minuti": -60}, "a": {"riferimento_solare": "tramonto", "offset_minuti": 60}, "testo": "Da 1 h prima dell'alba a 1 h dopo il tramonto", "fonte": {"livello": "testuale", "riferimento": "Regole acque tipo B", "estratto": "da un’ora prima dell’alba a un’ora dopo il tramonto"}}, "periodi_speciali": []}, "attrezzatura": {"attrezzi_ammessi": ["canna"], "canne_max": 1, "esche_max_per_canna": 3, "ami_max_per_canna": null, "ardiglione": "vietato", "spazio_sponda_max_m": null}, "esche": {"consentite": ["naturale", "artificiale"], "vietate": ["cagnotto", "pesce_vivo", "pesce_morto"], "pasturazione": "vietata"}, "tecniche": {"consentite": ["canna_da_riva", "guado"], "vietate": ["pesca_da_ponte", "imbarcazione", "pesca_notturna"], "condizionate": []}, "prelievo": {"tipo": "ordinario", "rilascio_obbligatorio": false, "capi_trattenibili": "secondo limiti di cattura", "specie_sempre_protette_extra": [], "limiti_ref": "limiti_cattura", "misure_minime_cm": {"trota_fario": 25, "trota_marmorata": 40, "temolo": 35, "luccio": 60, "persico_reale": 16, "salmerino_alpino": 25}, "specie_protette": ["cobiti", "lasca", "scazzone", "anguilla", "savetta", "barbo canino", "lampreda padana", "pigo", "trota macrostigma"], "limiti": {"per_specie": {"luccio": 1, "trota_marmorata": 1, "temolo": 2}, "salmonidi_complessivi": 6, "kg_giornalieri_max": 5, "stop_al_limite": ["luccio", "salmonidi"], "obbligo_recisione_pinna_caudale": ["trote", "luccio", "coregone", "persico reale", "salmerino", "temolo", "siluro"], "fonte": {"livello": "testuale", "riferimento": "par. 4.5–4.6", "estratto": "luccio 1; trota marmorata 1; temolo 2; «6 capi complessivi di trote, salmerini e temoli»; massimo 5 kg/giorno di fauna ittica"}}}, "permessi": {"pacchetto": {"id": "fipsas_acque_B", "etichetta": "Acque correnti di tipo B (FIPSAS)", "richiede_contributo_extra": true, "richiede_tesserino": true, "note": "Non è acqua libera «solo licenza B».", "documenti": [{"id": "licenza_B", "etichetta": "Licenza di pesca tipo B", "costo_eur": 23.0, "ente": "Regione Lombardia (tassa regionale)", "validita": "12 mesi", "esenzioni": ["Residenti in Italia con meno di 18 anni", "Residenti in Italia con più di 65 anni", "Soggetti L. 104/1992 art. 3 (se pescano solo con canna)"], "fonte": {"livello": "testuale", "riferimento": "PESCARE NEI FIUMI/TORRENTI/CANALI", "estratto": "Licenza di pesca tipo B (€ 23,00)"}}, {"id": "tessera_fipsas", "etichetta": "Tessera FIPSAS", "costo_eur": 30.0, "costi_ridotti": [{"costo_eur": 6.0, "condizione": "nati dopo il 01.01.2011"}], "ente": "FIPSAS", "validita": "anno solare", "esenzioni": [], "fonte": {"livello": "testuale", "riferimento": "PESCARE NEI FIUMI/TORRENTI/CANALI", "estratto": "Tessera FIPSAS (€ 30,00; € 6,00 nati dopo il 01.01.2011)"}}, {"id": "contributo_gestione_annuale", "etichetta": "Contributo di gestione annuale FIPSAS Varese", "costo_eur": 30.0, "ente": "FIPSAS Varese (concessionario)", "validita": "anno solare", "ambito": ["acque di tipo B", "pesca da imbarcazione / belly boat", "acque evidenziate in azzurro"], "esenzioni": ["Nati dopo il 01.01.2008", "Disabili L. 104/1992 art. 3 c. 3"], "fonte": {"livello": "testuale", "riferimento": "PESCARE NEI FIUMI/TORRENTI/CANALI", "estratto": "Contributo di gestione annuale a FIPSAS Varese (€ 30,00) — per la pesca da imbarcazione e nelle acque di tipo B"}}, {"id": "tesserino_segnapesci", "etichetta": "Tesserino segnapesci del concessionario", "costo_eur": null, "ente": "FIPSAS Varese", "non_richiesto_se": ["permesso_giornaliero"], "punti_distribuzione": ["GERMIGNAGA PESCA — Piazza 20 Settembre, 29, Germignaga (VA)"], "fonte": {"livello": "testuale", "riferimento": "PESCARE NEI FIUMI/TORRENTI/CANALI", "estratto": "Tesserino segna pesci del Concessionario […] non è obbligatorio per chi utilizza il permesso giornaliero di pesca"}}], "costo_totale_eur": null, "costo_noto_eur": 83.0, "alternativa_non_tesserati": [{"id": "licenza_B", "etichetta": "Licenza di pesca tipo B"}, {"id": "permesso_giornaliero", "etichetta": "Permesso giornaliero (non tesserati FIPSAS)"}]}, "varianti": []}, "vincoli_speciali": [], "interpretazioni": [], "fonti": [{"livello": "testuale", "riferimento": "Regole acque tipo B", "estratto": "L’unico attrezzo ammesso è la canna da pesca. Si può pescare con una sola canna, armata con un massimo di tre esche naturali o artificiali. Gli ami devono essere privi di ardiglione o con ardiglione schiacciato ad eccezione dei tratti individuati come campo gara, dove è ammesso l’utilizzo di ami con ardiglione. Non è ammessa alcuna forma di pasturazione e non è ammesso utilizzare come esca la larva di mosca carnaria (cagnotto) e il pesce vivo, o morto. È proibita la pesca dai ponti e con la barca."}], "note_corpo": "Tributario comasco: giorni tipo B, non la deroga della sponda varesina.", "matrice": {"regime_amministrativo": "fipsas", "regime_amministrativo_etichetta": "FIPSAS", "classificazione_biologica": "B", "classificazione_etichetta": "Cat. B", "modalita": "sponda", "tipo_geometria_normativa": "linea", "eredita": [{"livello": 1, "asse": "classificazione_biologica", "id": "B", "blocco": "ordinario_B"}, {"livello": 1, "asse": "regime_amministrativo", "id": "fipsas", "sostituisce_biologia": false}, {"livello": 2, "asse": "modalita_pesca", "id": "sponda"}]}}, "fonte_geometria": "reticolo_regionale_lombardia", "nome_regionale": "Cuccio (Torrente)", "bacino_regionale": "TICINO", "sottobacino": "Lago di Lugano (Ceresio)", "cod_ptua16": "IT03N008098035052LO", "natura": "naturale", "lunghezza_m": 165, "capisaldi_estremi": [], "id": "cuccio_017"}}, {"type": "Feature", "geometry": {"type": "LineString", "coordinates": [[9.14793, 46.06604], [9.14787, 46.06583], [9.14789, 46.06548], [9.1478, 46.06498], [9.14792, 46.06457], [9.14793, 46.06409], [9.14788, 46.0639], [9.14749, 46.06358], [9.14734, 46.06335], [9.14744, 46.06318], [9.14748, 46.06303], [9.14744, 46.0629], [9.14728, 46.06268], [9.14709, 46.06255], [9.14683, 46.06244], [9.14671, 46.06231], [9.14667, 46.06208], [9.14681, 46.06174], [9.14678, 46.06165], [9.1466, 46.06142], [9.1466, 46.06127], [9.14667, 46.06109], [9.14665, 46.0609], [9.14647, 46.06061], [9.1464, 46.06039], [9.14643, 46.05995], [9.14651, 46.05971], [9.14649, 46.05951], [9.14639, 46.05923], [9.14635, 46.05866], [9.14634, 46.05804], [9.14621, 46.05759], [9.14614, 46.05725], [9.14598, 46.05676], [9.14599, 46.0566], [9.14624, 46.05635], [9.1462, 46.05626], [9.14601, 46.05604], [9.14554, 46.05576], [9.14512, 46.05555], [9.14481, 46.05535], [9.14464, 46.05517], [9.14465, 46.05501], [9.14488, 46.05476], [9.14528, 46.0546], [9.14573, 46.05438], [9.14599, 46.05421], [9.14655, 46.05366], [9.14659, 46.05357]]}, "properties": {"nome_tratto": "Torrente Cuccio", "corpo_idrico": "cuccio", "corpo_nome": "Torrente Cuccio", "layer": "base", "segmento_id": null, "bank": "both", "zona_id": "cuccio_residuo", "regime": "ordinario_B", "regime_etichetta": "Regime Ordinario B (FIPSAS)", "tipo_acqua": "B", "pesca_consentita": true, "geometria": "LineString", "matrice": {"regime_amministrativo": "fipsas", "regime_amministrativo_etichetta": "FIPSAS", "classificazione_biologica": "B", "classificazione_etichetta": "Cat. B", "modalita": "sponda", "tipo_geometria_normativa": "linea", "eredita": [{"livello": 1, "asse": "classificazione_biologica", "id": "B", "blocco": "ordinario_B"}, {"livello": 1, "asse": "regime_amministrativo", "id": "fipsas", "sostituisce_biologia": false}, {"livello": 2, "asse": "modalita_pesca", "id": "sponda"}]}, "regole": {"zona_id": "cuccio_residuo", "zona_nome": "Torrente Cuccio — Regime Ordinario B (FIPSAS)", "corpo_idrico": "cuccio", "corpo_nome": "Torrente Cuccio", "regime": "ordinario_B", "regime_etichetta": "Regime Ordinario B (FIPSAS)", "regime_descrizione": "Acque correnti salmonicole in concessione FIPSAS: prelievo consentito secondo le regole generali del tipo B.", "tipo_acqua": "B", "tipo_acqua_etichetta": "Tipo B (salmonicole)", "pesca_consentita": true, "priorita": 10, "estensione": {"tipo": "residuale", "descrizione": "Fuori dai tagli restrittivi (No-Kill, divieto, riserva)."}, "calendario": {"stagione": {"id": "stagione_B", "etichetta": "Stagione acque di tipo B", "inizio": {"data_ref": "ultima_domenica_febbraio", "riferimento_solare": "alba", "offset_minuti": -60}, "fine": {"data_ref": "prima_domenica_ottobre", "riferimento_solare": "tramonto", "offset_minuti": 60}, "testo": "Dall'ultima domenica di febbraio (1 h prima dell'alba) alla prima domenica di ottobre (1 h dopo il tramonto)", "fonte": {"livello": "testuale", "riferimento": "Regole acque tipo B", "estratto": "da un’ora prima dell’alba dell’ultima domenica di febbraio a un’ora dopo il tramonto della prima domenica di ottobre"}}, "giorni": {"id": "giorni_tipo_B", "etichetta": "Giorni tipo B", "settimana": ["dom", "lun", "gio", "sab"], "festivi_aggiuntivi": ["04-25", "05-01", "06-02", "08-15"], "testo": "Domenica, lunedì, giovedì e sabato + 25/4, 1/5, 2/6, 15/8", "fonte": {"livello": "testuale", "riferimento": "Regole acque tipo B", "estratto": "domenica, lunedì, giovedì e sabato nonché il 25 aprile, il 1° maggio, il 2 giugno e il 15 agosto"}}, "fascia_oraria": {"id": "diurna", "etichetta": "Diurna", "da": {"riferimento_solare": "alba", "offset_minuti": -60}, "a": {"riferimento_solare": "tramonto", "offset_minuti": 60}, "testo": "Da 1 h prima dell'alba a 1 h dopo il tramonto", "fonte": {"livello": "testuale", "riferimento": "Regole acque tipo B", "estratto": "da un’ora prima dell’alba a un’ora dopo il tramonto"}}, "periodi_speciali": []}, "attrezzatura": {"attrezzi_ammessi": ["canna"], "canne_max": 1, "esche_max_per_canna": 3, "ami_max_per_canna": null, "ardiglione": "vietato", "spazio_sponda_max_m": null}, "esche": {"consentite": ["naturale", "artificiale"], "vietate": ["cagnotto", "pesce_vivo", "pesce_morto"], "pasturazione": "vietata"}, "tecniche": {"consentite": ["canna_da_riva", "guado"], "vietate": ["pesca_da_ponte", "imbarcazione", "pesca_notturna"], "condizionate": []}, "prelievo": {"tipo": "ordinario", "rilascio_obbligatorio": false, "capi_trattenibili": "secondo limiti di cattura", "specie_sempre_protette_extra": [], "limiti_ref": "limiti_cattura", "misure_minime_cm": {"trota_fario": 25, "trota_marmorata": 40, "temolo": 35, "luccio": 60, "persico_reale": 16, "salmerino_alpino": 25}, "specie_protette": ["cobiti", "lasca", "scazzone", "anguilla", "savetta", "barbo canino", "lampreda padana", "pigo", "trota macrostigma"], "limiti": {"per_specie": {"luccio": 1, "trota_marmorata": 1, "temolo": 2}, "salmonidi_complessivi": 6, "kg_giornalieri_max": 5, "stop_al_limite": ["luccio", "salmonidi"], "obbligo_recisione_pinna_caudale": ["trote", "luccio", "coregone", "persico reale", "salmerino", "temolo", "siluro"], "fonte": {"livello": "testuale", "riferimento": "par. 4.5–4.6", "estratto": "luccio 1; trota marmorata 1; temolo 2; «6 capi complessivi di trote, salmerini e temoli»; massimo 5 kg/giorno di fauna ittica"}}}, "permessi": {"pacchetto": {"id": "fipsas_acque_B", "etichetta": "Acque correnti di tipo B (FIPSAS)", "richiede_contributo_extra": true, "richiede_tesserino": true, "note": "Non è acqua libera «solo licenza B».", "documenti": [{"id": "licenza_B", "etichetta": "Licenza di pesca tipo B", "costo_eur": 23.0, "ente": "Regione Lombardia (tassa regionale)", "validita": "12 mesi", "esenzioni": ["Residenti in Italia con meno di 18 anni", "Residenti in Italia con più di 65 anni", "Soggetti L. 104/1992 art. 3 (se pescano solo con canna)"], "fonte": {"livello": "testuale", "riferimento": "PESCARE NEI FIUMI/TORRENTI/CANALI", "estratto": "Licenza di pesca tipo B (€ 23,00)"}}, {"id": "tessera_fipsas", "etichetta": "Tessera FIPSAS", "costo_eur": 30.0, "costi_ridotti": [{"costo_eur": 6.0, "condizione": "nati dopo il 01.01.2011"}], "ente": "FIPSAS", "validita": "anno solare", "esenzioni": [], "fonte": {"livello": "testuale", "riferimento": "PESCARE NEI FIUMI/TORRENTI/CANALI", "estratto": "Tessera FIPSAS (€ 30,00; € 6,00 nati dopo il 01.01.2011)"}}, {"id": "contributo_gestione_annuale", "etichetta": "Contributo di gestione annuale FIPSAS Varese", "costo_eur": 30.0, "ente": "FIPSAS Varese (concessionario)", "validita": "anno solare", "ambito": ["acque di tipo B", "pesca da imbarcazione / belly boat", "acque evidenziate in azzurro"], "esenzioni": ["Nati dopo il 01.01.2008", "Disabili L. 104/1992 art. 3 c. 3"], "fonte": {"livello": "testuale", "riferimento": "PESCARE NEI FIUMI/TORRENTI/CANALI", "estratto": "Contributo di gestione annuale a FIPSAS Varese (€ 30,00) — per la pesca da imbarcazione e nelle acque di tipo B"}}, {"id": "tesserino_segnapesci", "etichetta": "Tesserino segnapesci del concessionario", "costo_eur": null, "ente": "FIPSAS Varese", "non_richiesto_se": ["permesso_giornaliero"], "punti_distribuzione": ["GERMIGNAGA PESCA — Piazza 20 Settembre, 29, Germignaga (VA)"], "fonte": {"livello": "testuale", "riferimento": "PESCARE NEI FIUMI/TORRENTI/CANALI", "estratto": "Tesserino segna pesci del Concessionario […] non è obbligatorio per chi utilizza il permesso giornaliero di pesca"}}], "costo_totale_eur": null, "costo_noto_eur": 83.0, "alternativa_non_tesserati": [{"id": "licenza_B", "etichetta": "Licenza di pesca tipo B"}, {"id": "permesso_giornaliero", "etichetta": "Permesso giornaliero (non tesserati FIPSAS)"}]}, "varianti": []}, "vincoli_speciali": [], "interpretazioni": [], "fonti": [{"livello": "testuale", "riferimento": "Regole acque tipo B", "estratto": "L’unico attrezzo ammesso è la canna da pesca. Si può pescare con una sola canna, armata con un massimo di tre esche naturali o artificiali. Gli ami devono essere privi di ardiglione o con ardiglione schiacciato ad eccezione dei tratti individuati come campo gara, dove è ammesso l’utilizzo di ami con ardiglione. Non è ammessa alcuna forma di pasturazione e non è ammesso utilizzare come esca la larva di mosca carnaria (cagnotto) e il pesce vivo, o morto. È proibita la pesca dai ponti e con la barca."}], "note_corpo": "Tributario comasco: giorni tipo B, non la deroga della sponda varesina.", "matrice": {"regime_amministrativo": "fipsas", "regime_amministrativo_etichetta": "FIPSAS", "classificazione_biologica": "B", "classificazione_etichetta": "Cat. B", "modalita": "sponda", "tipo_geometria_normativa": "linea", "eredita": [{"livello": 1, "asse": "classificazione_biologica", "id": "B", "blocco": "ordinario_B"}, {"livello": 1, "asse": "regime_amministrativo", "id": "fipsas", "sostituisce_biologia": false}, {"livello": 2, "asse": "modalita_pesca", "id": "sponda"}]}}, "fonte_geometria": "reticolo_regionale_lombardia", "nome_regionale": "Cuccio (Torrente)", "bacino_regionale": "TICINO", "sottobacino": "Lago di Lugano (Ceresio)", "cod_ptua16": "IT03N008098035052LO", "natura": "naturale", "lunghezza_m": 1564, "capisaldi_estremi": [], "id": "cuccio_018"}}, {"type": "Feature", "geometry": {"type": "LineString", "coordinates": [[9.12998, 46.03079], [9.12976, 46.03073], [9.12912, 46.03064], [9.12835, 46.03044], [9.1281, 46.03046], [9.12746, 46.03031], [9.12735, 46.03027], [9.12706, 46.03023], [9.12665, 46.03024], [9.12625, 46.0302], [9.12566, 46.03009], [9.12461, 46.02998], [9.12445, 46.03007], [9.12396, 46.03006], [9.12378, 46.02995], [9.12374, 46.02986]]}, "properties": {"nome_tratto": "Torrente Cuccio", "corpo_idrico": "cuccio", "corpo_nome": "Torrente Cuccio", "layer": "base", "segmento_id": null, "bank": "both", "zona_id": "cuccio_residuo", "regime": "ordinario_B", "regime_etichetta": "Regime Ordinario B (FIPSAS)", "tipo_acqua": "B", "pesca_consentita": true, "geometria": "LineString", "matrice": {"regime_amministrativo": "fipsas", "regime_amministrativo_etichetta": "FIPSAS", "classificazione_biologica": "B", "classificazione_etichetta": "Cat. B", "modalita": "sponda", "tipo_geometria_normativa": "linea", "eredita": [{"livello": 1, "asse": "classificazione_biologica", "id": "B", "blocco": "ordinario_B"}, {"livello": 1, "asse": "regime_amministrativo", "id": "fipsas", "sostituisce_biologia": false}, {"livello": 2, "asse": "modalita_pesca", "id": "sponda"}]}, "regole": {"zona_id": "cuccio_residuo", "zona_nome": "Torrente Cuccio — Regime Ordinario B (FIPSAS)", "corpo_idrico": "cuccio", "corpo_nome": "Torrente Cuccio", "regime": "ordinario_B", "regime_etichetta": "Regime Ordinario B (FIPSAS)", "regime_descrizione": "Acque correnti salmonicole in concessione FIPSAS: prelievo consentito secondo le regole generali del tipo B.", "tipo_acqua": "B", "tipo_acqua_etichetta": "Tipo B (salmonicole)", "pesca_consentita": true, "priorita": 10, "estensione": {"tipo": "residuale", "descrizione": "Fuori dai tagli restrittivi (No-Kill, divieto, riserva)."}, "calendario": {"stagione": {"id": "stagione_B", "etichetta": "Stagione acque di tipo B", "inizio": {"data_ref": "ultima_domenica_febbraio", "riferimento_solare": "alba", "offset_minuti": -60}, "fine": {"data_ref": "prima_domenica_ottobre", "riferimento_solare": "tramonto", "offset_minuti": 60}, "testo": "Dall'ultima domenica di febbraio (1 h prima dell'alba) alla prima domenica di ottobre (1 h dopo il tramonto)", "fonte": {"livello": "testuale", "riferimento": "Regole acque tipo B", "estratto": "da un’ora prima dell’alba dell’ultima domenica di febbraio a un’ora dopo il tramonto della prima domenica di ottobre"}}, "giorni": {"id": "giorni_tipo_B", "etichetta": "Giorni tipo B", "settimana": ["dom", "lun", "gio", "sab"], "festivi_aggiuntivi": ["04-25", "05-01", "06-02", "08-15"], "testo": "Domenica, lunedì, giovedì e sabato + 25/4, 1/5, 2/6, 15/8", "fonte": {"livello": "testuale", "riferimento": "Regole acque tipo B", "estratto": "domenica, lunedì, giovedì e sabato nonché il 25 aprile, il 1° maggio, il 2 giugno e il 15 agosto"}}, "fascia_oraria": {"id": "diurna", "etichetta": "Diurna", "da": {"riferimento_solare": "alba", "offset_minuti": -60}, "a": {"riferimento_solare": "tramonto", "offset_minuti": 60}, "testo": "Da 1 h prima dell'alba a 1 h dopo il tramonto", "fonte": {"livello": "testuale", "riferimento": "Regole acque tipo B", "estratto": "da un’ora prima dell’alba a un’ora dopo il tramonto"}}, "periodi_speciali": []}, "attrezzatura": {"attrezzi_ammessi": ["canna"], "canne_max": 1, "esche_max_per_canna": 3, "ami_max_per_canna": null, "ardiglione": "vietato", "spazio_sponda_max_m": null}, "esche": {"consentite": ["naturale", "artificiale"], "vietate": ["cagnotto", "pesce_vivo", "pesce_morto"], "pasturazione": "vietata"}, "tecniche": {"consentite": ["canna_da_riva", "guado"], "vietate": ["pesca_da_ponte", "imbarcazione", "pesca_notturna"], "condizionate": []}, "prelievo": {"tipo": "ordinario", "rilascio_obbligatorio": false, "capi_trattenibili": "secondo limiti di cattura", "specie_sempre_protette_extra": [], "limiti_ref": "limiti_cattura", "misure_minime_cm": {"trota_fario": 25, "trota_marmorata": 40, "temolo": 35, "luccio": 60, "persico_reale": 16, "salmerino_alpino": 25}, "specie_protette": ["cobiti", "lasca", "scazzone", "anguilla", "savetta", "barbo canino", "lampreda padana", "pigo", "trota macrostigma"], "limiti": {"per_specie": {"luccio": 1, "trota_marmorata": 1, "temolo": 2}, "salmonidi_complessivi": 6, "kg_giornalieri_max": 5, "stop_al_limite": ["luccio", "salmonidi"], "obbligo_recisione_pinna_caudale": ["trote", "luccio", "coregone", "persico reale", "salmerino", "temolo", "siluro"], "fonte": {"livello": "testuale", "riferimento": "par. 4.5–4.6", "estratto": "luccio 1; trota marmorata 1; temolo 2; «6 capi complessivi di trote, salmerini e temoli»; massimo 5 kg/giorno di fauna ittica"}}}, "permessi": {"pacchetto": {"id": "fipsas_acque_B", "etichetta": "Acque correnti di tipo B (FIPSAS)", "richiede_contributo_extra": true, "richiede_tesserino": true, "note": "Non è acqua libera «solo licenza B».", "documenti": [{"id": "licenza_B", "etichetta": "Licenza di pesca tipo B", "costo_eur": 23.0, "ente": "Regione Lombardia (tassa regionale)", "validita": "12 mesi", "esenzioni": ["Residenti in Italia con meno di 18 anni", "Residenti in Italia con più di 65 anni", "Soggetti L. 104/1992 art. 3 (se pescano solo con canna)"], "fonte": {"livello": "testuale", "riferimento": "PESCARE NEI FIUMI/TORRENTI/CANALI", "estratto": "Licenza di pesca tipo B (€ 23,00)"}}, {"id": "tessera_fipsas", "etichetta": "Tessera FIPSAS", "costo_eur": 30.0, "costi_ridotti": [{"costo_eur": 6.0, "condizione": "nati dopo il 01.01.2011"}], "ente": "FIPSAS", "validita": "anno solare", "esenzioni": [], "fonte": {"livello": "testuale", "riferimento": "PESCARE NEI FIUMI/TORRENTI/CANALI", "estratto": "Tessera FIPSAS (€ 30,00; € 6,00 nati dopo il 01.01.2011)"}}, {"id": "contributo_gestione_annuale", "etichetta": "Contributo di gestione annuale FIPSAS Varese", "costo_eur": 30.0, "ente": "FIPSAS Varese (concessionario)", "validita": "anno solare", "ambito": ["acque di tipo B", "pesca da imbarcazione / belly boat", "acque evidenziate in azzurro"], "esenzioni": ["Nati dopo il 01.01.2008", "Disabili L. 104/1992 art. 3 c. 3"], "fonte": {"livello": "testuale", "riferimento": "PESCARE NEI FIUMI/TORRENTI/CANALI", "estratto": "Contributo di gestione annuale a FIPSAS Varese (€ 30,00) — per la pesca da imbarcazione e nelle acque di tipo B"}}, {"id": "tesserino_segnapesci", "etichetta": "Tesserino segnapesci del concessionario", "costo_eur": null, "ente": "FIPSAS Varese", "non_richiesto_se": ["permesso_giornaliero"], "punti_distribuzione": ["GERMIGNAGA PESCA — Piazza 20 Settembre, 29, Germignaga (VA)"], "fonte": {"livello": "testuale", "riferimento": "PESCARE NEI FIUMI/TORRENTI/CANALI", "estratto": "Tesserino segna pesci del Concessionario […] non è obbligatorio per chi utilizza il permesso giornaliero di pesca"}}], "costo_totale_eur": null, "costo_noto_eur": 83.0, "alternativa_non_tesserati": [{"id": "licenza_B", "etichetta": "Licenza di pesca tipo B"}, {"id": "permesso_giornaliero", "etichetta": "Permesso giornaliero (non tesserati FIPSAS)"}]}, "varianti": []}, "vincoli_speciali": [], "interpretazioni": [], "fonti": [{"livello": "testuale", "riferimento": "Regole acque tipo B", "estratto": "L’unico attrezzo ammesso è la canna da pesca. Si può pescare con una sola canna, armata con un massimo di tre esche naturali o artificiali. Gli ami devono essere privi di ardiglione o con ardiglione schiacciato ad eccezione dei tratti individuati come campo gara, dove è ammesso l’utilizzo di ami con ardiglione. Non è ammessa alcuna forma di pasturazione e non è ammesso utilizzare come esca la larva di mosca carnaria (cagnotto) e il pesce vivo, o morto. È proibita la pesca dai ponti e con la barca."}], "note_corpo": "Tributario comasco: giorni tipo B, non la deroga della sponda varesina.", "matrice": {"regime_amministrativo": "fipsas", "regime_amministrativo_etichetta": "FIPSAS", "classificazione_biologica": "B", "classificazione_etichetta": "Cat. B", "modalita": "sponda", "tipo_geometria_normativa": "linea", "eredita": [{"livello": 1, "asse": "classificazione_biologica", "id": "B", "blocco": "ordinario_B"}, {"livello": 1, "asse": "regime_amministrativo", "id": "fipsas", "sostituisce_biologia": false}, {"livello": 2, "asse": "modalita_pesca", "id": "sponda"}]}}, "fonte_geometria": "reticolo_regionale_lombardia", "nome_regionale": "Cuccio (Torrente)", "bacino_regionale": "TICINO", "sottobacino": "Lago di Lugano (Ceresio)", "cod_ptua16": "IT03N008098035052LO", "natura": "naturale", "lunghezza_m": 511, "capisaldi_estremi": [], "id": "cuccio_019"}}, {"type": "Feature", "geometry": {"type": "LineString", "coordinates": [[9.14573, 46.05438], [9.14588, 46.05435], [9.14627, 46.05421], [9.14643, 46.05413], [9.14663, 46.0539], [9.14659, 46.05357], [9.14646, 46.05318], [9.14649, 46.05284], [9.14623, 46.05254], [9.14611, 46.05232], [9.14592, 46.05208], [9.1458, 46.05189], [9.14581, 46.05155], [9.14578, 46.05118], [9.14581, 46.05086], [9.14563, 46.05049], [9.14561, 46.05002], [9.14557, 46.04975], [9.14567, 46.04964], [9.14583, 46.04959], [9.14604, 46.04934], [9.14608, 46.04916], [9.14604, 46.04905], [9.1459, 46.04896], [9.14547, 46.04886], [9.14533, 46.04864], [9.14505, 46.04836], [9.14496, 46.04822], [9.14484, 46.04777], [9.14472, 46.04755], [9.14459, 46.04742], [9.14405, 46.04707], [9.14401, 46.04692], [9.14378, 46.04662], [9.14353, 46.04623], [9.1433, 46.046], [9.14301, 46.04584], [9.14275, 46.04561], [9.14228, 46.0451], [9.14215, 46.04478], [9.14185, 46.04437], [9.14179, 46.04432], [9.14132, 46.04412], [9.14101, 46.04384], [9.14086, 46.04388], [9.1407, 46.04371], [9.1407, 46.04355], [9.14063, 46.04334], [9.14066, 46.04308], [9.14063, 46.04292], [9.14082, 46.04284]]}, "properties": {"nome_tratto": "Torrente Cuccio", "corpo_idrico": "cuccio", "corpo_nome": "Torrente Cuccio", "layer": "base", "segmento_id": null, "bank": "both", "zona_id": "cuccio_residuo", "regime": "ordinario_B", "regime_etichetta": "Regime Ordinario B (FIPSAS)", "tipo_acqua": "B", "pesca_consentita": true, "geometria": "LineString", "matrice": {"regime_amministrativo": "fipsas", "regime_amministrativo_etichetta": "FIPSAS", "classificazione_biologica": "B", "classificazione_etichetta": "Cat. B", "modalita": "sponda", "tipo_geometria_normativa": "linea", "eredita": [{"livello": 1, "asse": "classificazione_biologica", "id": "B", "blocco": "ordinario_B"}, {"livello": 1, "asse": "regime_amministrativo", "id": "fipsas", "sostituisce_biologia": false}, {"livello": 2, "asse": "modalita_pesca", "id": "sponda"}]}, "regole": {"zona_id": "cuccio_residuo", "zona_nome": "Torrente Cuccio — Regime Ordinario B (FIPSAS)", "corpo_idrico": "cuccio", "corpo_nome": "Torrente Cuccio", "regime": "ordinario_B", "regime_etichetta": "Regime Ordinario B (FIPSAS)", "regime_descrizione": "Acque correnti salmonicole in concessione FIPSAS: prelievo consentito secondo le regole generali del tipo B.", "tipo_acqua": "B", "tipo_acqua_etichetta": "Tipo B (salmonicole)", "pesca_consentita": true, "priorita": 10, "estensione": {"tipo": "residuale", "descrizione": "Fuori dai tagli restrittivi (No-Kill, divieto, riserva)."}, "calendario": {"stagione": {"id": "stagione_B", "etichetta": "Stagione acque di tipo B", "inizio": {"data_ref": "ultima_domenica_febbraio", "riferimento_solare": "alba", "offset_minuti": -60}, "fine": {"data_ref": "prima_domenica_ottobre", "riferimento_solare": "tramonto", "offset_minuti": 60}, "testo": "Dall'ultima domenica di febbraio (1 h prima dell'alba) alla prima domenica di ottobre (1 h dopo il tramonto)", "fonte": {"livello": "testuale", "riferimento": "Regole acque tipo B", "estratto": "da un’ora prima dell’alba dell’ultima domenica di febbraio a un’ora dopo il tramonto della prima domenica di ottobre"}}, "giorni": {"id": "giorni_tipo_B", "etichetta": "Giorni tipo B", "settimana": ["dom", "lun", "gio", "sab"], "festivi_aggiuntivi": ["04-25", "05-01", "06-02", "08-15"], "testo": "Domenica, lunedì, giovedì e sabato + 25/4, 1/5, 2/6, 15/8", "fonte": {"livello": "testuale", "riferimento": "Regole acque tipo B", "estratto": "domenica, lunedì, giovedì e sabato nonché il 25 aprile, il 1° maggio, il 2 giugno e il 15 agosto"}}, "fascia_oraria": {"id": "diurna", "etichetta": "Diurna", "da": {"riferimento_solare": "alba", "offset_minuti": -60}, "a": {"riferimento_solare": "tramonto", "offset_minuti": 60}, "testo": "Da 1 h prima dell'alba a 1 h dopo il tramonto", "fonte": {"livello": "testuale", "riferimento": "Regole acque tipo B", "estratto": "da un’ora prima dell’alba a un’ora dopo il tramonto"}}, "periodi_speciali": []}, "attrezzatura": {"attrezzi_ammessi": ["canna"], "canne_max": 1, "esche_max_per_canna": 3, "ami_max_per_canna": null, "ardiglione": "vietato", "spazio_sponda_max_m": null}, "esche": {"consentite": ["naturale", "artificiale"], "vietate": ["cagnotto", "pesce_vivo", "pesce_morto"], "pasturazione": "vietata"}, "tecniche": {"consentite": ["canna_da_riva", "guado"], "vietate": ["pesca_da_ponte", "imbarcazione", "pesca_notturna"], "condizionate": []}, "prelievo": {"tipo": "ordinario", "rilascio_obbligatorio": false, "capi_trattenibili": "secondo limiti di cattura", "specie_sempre_protette_extra": [], "limiti_ref": "limiti_cattura", "misure_minime_cm": {"trota_fario": 25, "trota_marmorata": 40, "temolo": 35, "luccio": 60, "persico_reale": 16, "salmerino_alpino": 25}, "specie_protette": ["cobiti", "lasca", "scazzone", "anguilla", "savetta", "barbo canino", "lampreda padana", "pigo", "trota macrostigma"], "limiti": {"per_specie": {"luccio": 1, "trota_marmorata": 1, "temolo": 2}, "salmonidi_complessivi": 6, "kg_giornalieri_max": 5, "stop_al_limite": ["luccio", "salmonidi"], "obbligo_recisione_pinna_caudale": ["trote", "luccio", "coregone", "persico reale", "salmerino", "temolo", "siluro"], "fonte": {"livello": "testuale", "riferimento": "par. 4.5–4.6", "estratto": "luccio 1; trota marmorata 1; temolo 2; «6 capi complessivi di trote, salmerini e temoli»; massimo 5 kg/giorno di fauna ittica"}}}, "permessi": {"pacchetto": {"id": "fipsas_acque_B", "etichetta": "Acque correnti di tipo B (FIPSAS)", "richiede_contributo_extra": true, "richiede_tesserino": true, "note": "Non è acqua libera «solo licenza B».", "documenti": [{"id": "licenza_B", "etichetta": "Licenza di pesca tipo B", "costo_eur": 23.0, "ente": "Regione Lombardia (tassa regionale)", "validita": "12 mesi", "esenzioni": ["Residenti in Italia con meno di 18 anni", "Residenti in Italia con più di 65 anni", "Soggetti L. 104/1992 art. 3 (se pescano solo con canna)"], "fonte": {"livello": "testuale", "riferimento": "PESCARE NEI FIUMI/TORRENTI/CANALI", "estratto": "Licenza di pesca tipo B (€ 23,00)"}}, {"id": "tessera_fipsas", "etichetta": "Tessera FIPSAS", "costo_eur": 30.0, "costi_ridotti": [{"costo_eur": 6.0, "condizione": "nati dopo il 01.01.2011"}], "ente": "FIPSAS", "validita": "anno solare", "esenzioni": [], "fonte": {"livello": "testuale", "riferimento": "PESCARE NEI FIUMI/TORRENTI/CANALI", "estratto": "Tessera FIPSAS (€ 30,00; € 6,00 nati dopo il 01.01.2011)"}}, {"id": "contributo_gestione_annuale", "etichetta": "Contributo di gestione annuale FIPSAS Varese", "costo_eur": 30.0, "ente": "FIPSAS Varese (concessionario)", "validita": "anno solare", "ambito": ["acque di tipo B", "pesca da imbarcazione / belly boat", "acque evidenziate in azzurro"], "esenzioni": ["Nati dopo il 01.01.2008", "Disabili L. 104/1992 art. 3 c. 3"], "fonte": {"livello": "testuale", "riferimento": "PESCARE NEI FIUMI/TORRENTI/CANALI", "estratto": "Contributo di gestione annuale a FIPSAS Varese (€ 30,00) — per la pesca da imbarcazione e nelle acque di tipo B"}}, {"id": "tesserino_segnapesci", "etichetta": "Tesserino segnapesci del concessionario", "costo_eur": null, "ente": "FIPSAS Varese", "non_richiesto_se": ["permesso_giornaliero"], "punti_distribuzione": ["GERMIGNAGA PESCA — Piazza 20 Settembre, 29, Germignaga (VA)"], "fonte": {"livello": "testuale", "riferimento": "PESCARE NEI FIUMI/TORRENTI/CANALI", "estratto": "Tesserino segna pesci del Concessionario […] non è obbligatorio per chi utilizza il permesso giornaliero di pesca"}}], "costo_totale_eur": null, "costo_noto_eur": 83.0, "alternativa_non_tesserati": [{"id": "licenza_B", "etichetta": "Licenza di pesca tipo B"}, {"id": "permesso_giornaliero", "etichetta": "Permesso giornaliero (non tesserati FIPSAS)"}]}, "varianti": []}, "vincoli_speciali": [], "interpretazioni": [], "fonti": [{"livello": "testuale", "riferimento": "Regole acque tipo B", "estratto": "L’unico attrezzo ammesso è la canna da pesca. Si può pescare con una sola canna, armata con un massimo di tre esche naturali o artificiali. Gli ami devono essere privi di ardiglione o con ardiglione schiacciato ad eccezione dei tratti individuati come campo gara, dove è ammesso l’utilizzo di ami con ardiglione. Non è ammessa alcuna forma di pasturazione e non è ammesso utilizzare come esca la larva di mosca carnaria (cagnotto) e il pesce vivo, o morto. È proibita la pesca dai ponti e con la barca."}], "note_corpo": "Tributario comasco: giorni tipo B, non la deroga della sponda varesina.", "matrice": {"regime_amministrativo": "fipsas", "regime_amministrativo_etichetta": "FIPSAS", "classificazione_biologica": "B", "classificazione_etichetta": "Cat. B", "modalita": "sponda", "tipo_geometria_normativa": "linea", "eredita": [{"livello": 1, "asse": "classificazione_biologica", "id": "B", "blocco": "ordinario_B"}, {"livello": 1, "asse": "regime_amministrativo", "id": "fipsas", "sostituisce_biologia": false}, {"livello": 2, "asse": "modalita_pesca", "id": "sponda"}]}}, "fonte_geometria": "reticolo_regionale_lombardia", "nome_regionale": "Cuccio (Torrente)", "bacino_regionale": "TICINO", "sottobacino": "Lago di Lugano (Ceresio)", "cod_ptua16": "IT03N008098035052LO", "natura": "naturale", "lunghezza_m": 1525, "capisaldi_estremi": [], "id": "cuccio_020"}}, {"type": "Feature", "geometry": {"type": "LineString", "coordinates": [[9.14101, 46.04384], [9.1409, 46.04342], [9.14082, 46.04284], [9.14071, 46.04254], [9.14066, 46.04231], [9.14065, 46.04192], [9.14079, 46.041], [9.1408, 46.0403], [9.14087, 46.03988], [9.14087, 46.03914], [9.14097, 46.03833], [9.14097, 46.03791], [9.14099, 46.03763], [9.14094, 46.0371], [9.14086, 46.03681], [9.14069, 46.03649], [9.14047, 46.03616], [9.13994, 46.03568], [9.13922, 46.03506], [9.13892, 46.03483], [9.13866, 46.03468], [9.13779, 46.03435], [9.13725, 46.03418], [9.13674, 46.03404], [9.13625, 46.03399], [9.13566, 46.03386], [9.13533, 46.03371], [9.13507, 46.03366], [9.13473, 46.03352], [9.13425, 46.03323], [9.13394, 46.033], [9.13345, 46.03257], [9.13329, 46.03244], [9.13299, 46.0321], [9.1327, 46.03184], [9.13236, 46.03163], [9.13189, 46.03145], [9.1316, 46.0313], [9.13096, 46.031], [9.13075, 46.03095], [9.13023, 46.03086], [9.12998, 46.03079], [9.12979, 46.03065], [9.12941, 46.03055], [9.12858, 46.0304], [9.12835, 46.03044], [9.12803, 46.03031], [9.12761, 46.03027], [9.12735, 46.03027]]}, "properties": {"nome_tratto": "Torrente Cuccio", "corpo_idrico": "cuccio", "corpo_nome": "Torrente Cuccio", "layer": "base", "segmento_id": null, "bank": "both", "zona_id": "cuccio_residuo", "regime": "ordinario_B", "regime_etichetta": "Regime Ordinario B (FIPSAS)", "tipo_acqua": "B", "pesca_consentita": true, "geometria": "LineString", "matrice": {"regime_amministrativo": "fipsas", "regime_amministrativo_etichetta": "FIPSAS", "classificazione_biologica": "B", "classificazione_etichetta": "Cat. B", "modalita": "sponda", "tipo_geometria_normativa": "linea", "eredita": [{"livello": 1, "asse": "classificazione_biologica", "id": "B", "blocco": "ordinario_B"}, {"livello": 1, "asse": "regime_amministrativo", "id": "fipsas", "sostituisce_biologia": false}, {"livello": 2, "asse": "modalita_pesca", "id": "sponda"}]}, "regole": {"zona_id": "cuccio_residuo", "zona_nome": "Torrente Cuccio — Regime Ordinario B (FIPSAS)", "corpo_idrico": "cuccio", "corpo_nome": "Torrente Cuccio", "regime": "ordinario_B", "regime_etichetta": "Regime Ordinario B (FIPSAS)", "regime_descrizione": "Acque correnti salmonicole in concessione FIPSAS: prelievo consentito secondo le regole generali del tipo B.", "tipo_acqua": "B", "tipo_acqua_etichetta": "Tipo B (salmonicole)", "pesca_consentita": true, "priorita": 10, "estensione": {"tipo": "residuale", "descrizione": "Fuori dai tagli restrittivi (No-Kill, divieto, riserva)."}, "calendario": {"stagione": {"id": "stagione_B", "etichetta": "Stagione acque di tipo B", "inizio": {"data_ref": "ultima_domenica_febbraio", "riferimento_solare": "alba", "offset_minuti": -60}, "fine": {"data_ref": "prima_domenica_ottobre", "riferimento_solare": "tramonto", "offset_minuti": 60}, "testo": "Dall'ultima domenica di febbraio (1 h prima dell'alba) alla prima domenica di ottobre (1 h dopo il tramonto)", "fonte": {"livello": "testuale", "riferimento": "Regole acque tipo B", "estratto": "da un’ora prima dell’alba dell’ultima domenica di febbraio a un’ora dopo il tramonto della prima domenica di ottobre"}}, "giorni": {"id": "giorni_tipo_B", "etichetta": "Giorni tipo B", "settimana": ["dom", "lun", "gio", "sab"], "festivi_aggiuntivi": ["04-25", "05-01", "06-02", "08-15"], "testo": "Domenica, lunedì, giovedì e sabato + 25/4, 1/5, 2/6, 15/8", "fonte": {"livello": "testuale", "riferimento": "Regole acque tipo B", "estratto": "domenica, lunedì, giovedì e sabato nonché il 25 aprile, il 1° maggio, il 2 giugno e il 15 agosto"}}, "fascia_oraria": {"id": "diurna", "etichetta": "Diurna", "da": {"riferimento_solare": "alba", "offset_minuti": -60}, "a": {"riferimento_solare": "tramonto", "offset_minuti": 60}, "testo": "Da 1 h prima dell'alba a 1 h dopo il tramonto", "fonte": {"livello": "testuale", "riferimento": "Regole acque tipo B", "estratto": "da un’ora prima dell’alba a un’ora dopo il tramonto"}}, "periodi_speciali": []}, "attrezzatura": {"attrezzi_ammessi": ["canna"], "canne_max": 1, "esche_max_per_canna": 3, "ami_max_per_canna": null, "ardiglione": "vietato", "spazio_sponda_max_m": null}, "esche": {"consentite": ["naturale", "artificiale"], "vietate": ["cagnotto", "pesce_vivo", "pesce_morto"], "pasturazione": "vietata"}, "tecniche": {"consentite": ["canna_da_riva", "guado"], "vietate": ["pesca_da_ponte", "imbarcazione", "pesca_notturna"], "condizionate": []}, "prelievo": {"tipo": "ordinario", "rilascio_obbligatorio": false, "capi_trattenibili": "secondo limiti di cattura", "specie_sempre_protette_extra": [], "limiti_ref": "limiti_cattura", "misure_minime_cm": {"trota_fario": 25, "trota_marmorata": 40, "temolo": 35, "luccio": 60, "persico_reale": 16, "salmerino_alpino": 25}, "specie_protette": ["cobiti", "lasca", "scazzone", "anguilla", "savetta", "barbo canino", "lampreda padana", "pigo", "trota macrostigma"], "limiti": {"per_specie": {"luccio": 1, "trota_marmorata": 1, "temolo": 2}, "salmonidi_complessivi": 6, "kg_giornalieri_max": 5, "stop_al_limite": ["luccio", "salmonidi"], "obbligo_recisione_pinna_caudale": ["trote", "luccio", "coregone", "persico reale", "salmerino", "temolo", "siluro"], "fonte": {"livello": "testuale", "riferimento": "par. 4.5–4.6", "estratto": "luccio 1; trota marmorata 1; temolo 2; «6 capi complessivi di trote, salmerini e temoli»; massimo 5 kg/giorno di fauna ittica"}}}, "permessi": {"pacchetto": {"id": "fipsas_acque_B", "etichetta": "Acque correnti di tipo B (FIPSAS)", "richiede_contributo_extra": true, "richiede_tesserino": true, "note": "Non è acqua libera «solo licenza B».", "documenti": [{"id": "licenza_B", "etichetta": "Licenza di pesca tipo B", "costo_eur": 23.0, "ente": "Regione Lombardia (tassa regionale)", "validita": "12 mesi", "esenzioni": ["Residenti in Italia con meno di 18 anni", "Residenti in Italia con più di 65 anni", "Soggetti L. 104/1992 art. 3 (se pescano solo con canna)"], "fonte": {"livello": "testuale", "riferimento": "PESCARE NEI FIUMI/TORRENTI/CANALI", "estratto": "Licenza di pesca tipo B (€ 23,00)"}}, {"id": "tessera_fipsas", "etichetta": "Tessera FIPSAS", "costo_eur": 30.0, "costi_ridotti": [{"costo_eur": 6.0, "condizione": "nati dopo il 01.01.2011"}], "ente": "FIPSAS", "validita": "anno solare", "esenzioni": [], "fonte": {"livello": "testuale", "riferimento": "PESCARE NEI FIUMI/TORRENTI/CANALI", "estratto": "Tessera FIPSAS (€ 30,00; € 6,00 nati dopo il 01.01.2011)"}}, {"id": "contributo_gestione_annuale", "etichetta": "Contributo di gestione annuale FIPSAS Varese", "costo_eur": 30.0, "ente": "FIPSAS Varese (concessionario)", "validita": "anno solare", "ambito": ["acque di tipo B", "pesca da imbarcazione / belly boat", "acque evidenziate in azzurro"], "esenzioni": ["Nati dopo il 01.01.2008", "Disabili L. 104/1992 art. 3 c. 3"], "fonte": {"livello": "testuale", "riferimento": "PESCARE NEI FIUMI/TORRENTI/CANALI", "estratto": "Contributo di gestione annuale a FIPSAS Varese (€ 30,00) — per la pesca da imbarcazione e nelle acque di tipo B"}}, {"id": "tesserino_segnapesci", "etichetta": "Tesserino segnapesci del concessionario", "costo_eur": null, "ente": "FIPSAS Varese", "non_richiesto_se": ["permesso_giornaliero"], "punti_distribuzione": ["GERMIGNAGA PESCA — Piazza 20 Settembre, 29, Germignaga (VA)"], "fonte": {"livello": "testuale", "riferimento": "PESCARE NEI FIUMI/TORRENTI/CANALI", "estratto": "Tesserino segna pesci del Concessionario […] non è obbligatorio per chi utilizza il permesso giornaliero di pesca"}}], "costo_totale_eur": null, "costo_noto_eur": 83.0, "alternativa_non_tesserati": [{"id": "licenza_B", "etichetta": "Licenza di pesca tipo B"}, {"id": "permesso_giornaliero", "etichetta": "Permesso giornaliero (non tesserati FIPSAS)"}]}, "varianti": []}, "vincoli_speciali": [], "interpretazioni": [], "fonti": [{"livello": "testuale", "riferimento": "Regole acque tipo B", "estratto": "L’unico attrezzo ammesso è la canna da pesca. Si può pescare con una sola canna, armata con un massimo di tre esche naturali o artificiali. Gli ami devono essere privi di ardiglione o con ardiglione schiacciato ad eccezione dei tratti individuati come campo gara, dove è ammesso l’utilizzo di ami con ardiglione. Non è ammessa alcuna forma di pasturazione e non è ammesso utilizzare come esca la larva di mosca carnaria (cagnotto) e il pesce vivo, o morto. È proibita la pesca dai ponti e con la barca."}], "note_corpo": "Tributario comasco: giorni tipo B, non la deroga della sponda varesina.", "matrice": {"regime_amministrativo": "fipsas", "regime_amministrativo_etichetta": "FIPSAS", "classificazione_biologica": "B", "classificazione_etichetta": "Cat. B", "modalita": "sponda", "tipo_geometria_normativa": "linea", "eredita": [{"livello": 1, "asse": "classificazione_biologica", "id": "B", "blocco": "ordinario_B"}, {"livello": 1, "asse": "regime_amministrativo", "id": "fipsas", "sostituisce_biologia": false}, {"livello": 2, "asse": "modalita_pesca", "id": "sponda"}]}}, "fonte_geometria": "reticolo_regionale_lombardia", "nome_regionale": "Cuccio (Torrente)", "bacino_regionale": "TICINO", "sottobacino": "Lago di Lugano (Ceresio)", "cod_ptua16": "IT03N008098035052LO", "natura": "naturale", "lunghezza_m": 2120, "capisaldi_estremi": [], "id": "cuccio_021"}}, {"type": "Feature", "geometry": {"type": "LineString", "coordinates": [[9.15454, 46.03444], [9.1541, 46.03435], [9.15335, 46.03422], [9.14938, 46.0336], [9.14579, 46.03305], [9.14211, 46.03248], [9.13993, 46.03214], [9.13971, 46.03204], [9.13838, 46.03157], [9.13764, 46.03133], [9.13732, 46.03121], [9.13675, 46.0308], [9.13621, 46.03028], [9.13509, 46.02925], [9.13502, 46.02917], [9.13463, 46.029], [9.13415, 46.02882], [9.13368, 46.02869], [9.1332, 46.02841], [9.13295, 46.02822], [9.13263, 46.02785], [9.13244, 46.02747], [9.13219, 46.02728], [9.13195, 46.02723], [9.13178, 46.02724], [9.13144, 46.02735], [9.13095, 46.02759], [9.13071, 46.02777], [9.1304, 46.02797], [9.12999, 46.02804], [9.12971, 46.02801], [9.12889, 46.02758], [9.12826, 46.02722], [9.12791, 46.02705], [9.12741, 46.02692], [9.12687, 46.02687], [9.12644, 46.02687], [9.12583, 46.02691], [9.12522, 46.02692]]}, "properties": {"nome_tratto": "Canale Lagadone", "corpo_idrico": "lagadone", "corpo_nome": "Canale Lagadone", "layer": "base", "segmento_id": null, "bank": "both", "zona_id": "lagadone_residuo", "regime": "ordinario_B", "regime_etichetta": "Regime Ordinario B (FIPSAS)", "tipo_acqua": "B", "pesca_consentita": true, "geometria": "LineString", "matrice": {"regime_amministrativo": "fipsas", "regime_amministrativo_etichetta": "FIPSAS", "classificazione_biologica": "B", "classificazione_etichetta": "Cat. B", "modalita": "sponda", "tipo_geometria_normativa": "linea", "eredita": [{"livello": 1, "asse": "classificazione_biologica", "id": "B", "blocco": "ordinario_B"}, {"livello": 1, "asse": "regime_amministrativo", "id": "fipsas", "sostituisce_biologia": false}, {"livello": 2, "asse": "modalita_pesca", "id": "sponda"}]}, "regole": {"zona_id": "lagadone_residuo", "zona_nome": "Canale Lagadone — Regime Ordinario B (FIPSAS)", "corpo_idrico": "lagadone", "corpo_nome": "Canale Lagadone", "regime": "ordinario_B", "regime_etichetta": "Regime Ordinario B (FIPSAS)", "regime_descrizione": "Acque correnti salmonicole in concessione FIPSAS: prelievo consentito secondo le regole generali del tipo B.", "tipo_acqua": "B", "tipo_acqua_etichetta": "Tipo B (salmonicole)", "pesca_consentita": true, "priorita": 10, "estensione": {"tipo": "residuale", "descrizione": "Fuori dai tagli restrittivi (No-Kill, divieto, riserva)."}, "calendario": {"stagione": {"id": "stagione_B", "etichetta": "Stagione acque di tipo B", "inizio": {"data_ref": "ultima_domenica_febbraio", "riferimento_solare": "alba", "offset_minuti": -60}, "fine": {"data_ref": "prima_domenica_ottobre", "riferimento_solare": "tramonto", "offset_minuti": 60}, "testo": "Dall'ultima domenica di febbraio (1 h prima dell'alba) alla prima domenica di ottobre (1 h dopo il tramonto)", "fonte": {"livello": "testuale", "riferimento": "Regole acque tipo B", "estratto": "da un’ora prima dell’alba dell’ultima domenica di febbraio a un’ora dopo il tramonto della prima domenica di ottobre"}}, "giorni": {"id": "giorni_tipo_B", "etichetta": "Giorni tipo B", "settimana": ["dom", "lun", "gio", "sab"], "festivi_aggiuntivi": ["04-25", "05-01", "06-02", "08-15"], "testo": "Domenica, lunedì, giovedì e sabato + 25/4, 1/5, 2/6, 15/8", "fonte": {"livello": "testuale", "riferimento": "Regole acque tipo B", "estratto": "domenica, lunedì, giovedì e sabato nonché il 25 aprile, il 1° maggio, il 2 giugno e il 15 agosto"}}, "fascia_oraria": {"id": "diurna", "etichetta": "Diurna", "da": {"riferimento_solare": "alba", "offset_minuti": -60}, "a": {"riferimento_solare": "tramonto", "offset_minuti": 60}, "testo": "Da 1 h prima dell'alba a 1 h dopo il tramonto", "fonte": {"livello": "testuale", "riferimento": "Regole acque tipo B", "estratto": "da un’ora prima dell’alba a un’ora dopo il tramonto"}}, "periodi_speciali": []}, "attrezzatura": {"attrezzi_ammessi": ["canna"], "canne_max": 1, "esche_max_per_canna": 3, "ami_max_per_canna": null, "ardiglione": "vietato", "spazio_sponda_max_m": null}, "esche": {"consentite": ["naturale", "artificiale"], "vietate": ["cagnotto", "pesce_vivo", "pesce_morto"], "pasturazione": "vietata"}, "tecniche": {"consentite": ["canna_da_riva", "guado"], "vietate": ["pesca_da_ponte", "imbarcazione", "pesca_notturna"], "condizionate": []}, "prelievo": {"tipo": "ordinario", "rilascio_obbligatorio": false, "capi_trattenibili": "secondo limiti di cattura", "specie_sempre_protette_extra": [], "limiti_ref": "limiti_cattura", "misure_minime_cm": {"trota_fario": 25, "trota_marmorata": 40, "temolo": 35, "luccio": 60, "persico_reale": 16, "salmerino_alpino": 25}, "specie_protette": ["cobiti", "lasca", "scazzone", "anguilla", "savetta", "barbo canino", "lampreda padana", "pigo", "trota macrostigma"], "limiti": {"per_specie": {"luccio": 1, "trota_marmorata": 1, "temolo": 2}, "salmonidi_complessivi": 6, "kg_giornalieri_max": 5, "stop_al_limite": ["luccio", "salmonidi"], "obbligo_recisione_pinna_caudale": ["trote", "luccio", "coregone", "persico reale", "salmerino", "temolo", "siluro"], "fonte": {"livello": "testuale", "riferimento": "par. 4.5–4.6", "estratto": "luccio 1; trota marmorata 1; temolo 2; «6 capi complessivi di trote, salmerini e temoli»; massimo 5 kg/giorno di fauna ittica"}}}, "permessi": {"pacchetto": {"id": "fipsas_acque_B", "etichetta": "Acque correnti di tipo B (FIPSAS)", "richiede_contributo_extra": true, "richiede_tesserino": true, "note": "Non è acqua libera «solo licenza B».", "documenti": [{"id": "licenza_B", "etichetta": "Licenza di pesca tipo B", "costo_eur": 23.0, "ente": "Regione Lombardia (tassa regionale)", "validita": "12 mesi", "esenzioni": ["Residenti in Italia con meno di 18 anni", "Residenti in Italia con più di 65 anni", "Soggetti L. 104/1992 art. 3 (se pescano solo con canna)"], "fonte": {"livello": "testuale", "riferimento": "PESCARE NEI FIUMI/TORRENTI/CANALI", "estratto": "Licenza di pesca tipo B (€ 23,00)"}}, {"id": "tessera_fipsas", "etichetta": "Tessera FIPSAS", "costo_eur": 30.0, "costi_ridotti": [{"costo_eur": 6.0, "condizione": "nati dopo il 01.01.2011"}], "ente": "FIPSAS", "validita": "anno solare", "esenzioni": [], "fonte": {"livello": "testuale", "riferimento": "PESCARE NEI FIUMI/TORRENTI/CANALI", "estratto": "Tessera FIPSAS (€ 30,00; € 6,00 nati dopo il 01.01.2011)"}}, {"id": "contributo_gestione_annuale", "etichetta": "Contributo di gestione annuale FIPSAS Varese", "costo_eur": 30.0, "ente": "FIPSAS Varese (concessionario)", "validita": "anno solare", "ambito": ["acque di tipo B", "pesca da imbarcazione / belly boat", "acque evidenziate in azzurro"], "esenzioni": ["Nati dopo il 01.01.2008", "Disabili L. 104/1992 art. 3 c. 3"], "fonte": {"livello": "testuale", "riferimento": "PESCARE NEI FIUMI/TORRENTI/CANALI", "estratto": "Contributo di gestione annuale a FIPSAS Varese (€ 30,00) — per la pesca da imbarcazione e nelle acque di tipo B"}}, {"id": "tesserino_segnapesci", "etichetta": "Tesserino segnapesci del concessionario", "costo_eur": null, "ente": "FIPSAS Varese", "non_richiesto_se": ["permesso_giornaliero"], "punti_distribuzione": ["GERMIGNAGA PESCA — Piazza 20 Settembre, 29, Germignaga (VA)"], "fonte": {"livello": "testuale", "riferimento": "PESCARE NEI FIUMI/TORRENTI/CANALI", "estratto": "Tesserino segna pesci del Concessionario […] non è obbligatorio per chi utilizza il permesso giornaliero di pesca"}}], "costo_totale_eur": null, "costo_noto_eur": 83.0, "alternativa_non_tesserati": [{"id": "licenza_B", "etichetta": "Licenza di pesca tipo B"}, {"id": "permesso_giornaliero", "etichetta": "Permesso giornaliero (non tesserati FIPSAS)"}]}, "varianti": []}, "vincoli_speciali": [], "interpretazioni": [], "fonti": [{"livello": "testuale", "riferimento": "Regole acque tipo B", "estratto": "L’unico attrezzo ammesso è la canna da pesca. Si può pescare con una sola canna, armata con un massimo di tre esche naturali o artificiali. Gli ami devono essere privi di ardiglione o con ardiglione schiacciato ad eccezione dei tratti individuati come campo gara, dove è ammesso l’utilizzo di ami con ardiglione. Non è ammessa alcuna forma di pasturazione e non è ammesso utilizzare come esca la larva di mosca carnaria (cagnotto) e il pesce vivo, o morto. È proibita la pesca dai ponti e con la barca."}], "note_corpo": "Canale intero, dalle way OSM omonime, fino al lago. Non è nel prontuario estratto: in mappa come tipo B residuale, non con la deroga della sponda varesina.", "matrice": {"regime_amministrativo": "fipsas", "regime_amministrativo_etichetta": "FIPSAS", "classificazione_biologica": "B", "classificazione_etichetta": "Cat. B", "modalita": "sponda", "tipo_geometria_normativa": "linea", "eredita": [{"livello": 1, "asse": "classificazione_biologica", "id": "B", "blocco": "ordinario_B"}, {"livello": 1, "asse": "regime_amministrativo", "id": "fipsas", "sostituisce_biologia": false}, {"livello": 2, "asse": "modalita_pesca", "id": "sponda"}]}}, "fonte_geometria": "reticolo_regionale_lombardia", "nome_regionale": "Lagadone (Canale)", "bacino_regionale": "TICINO", "sottobacino": "Lago di Lugano (Ceresio)", "cod_ptua16": "IT03N00809803505032LO", "natura": "naturale", "lunghezza_m": 2595, "capisaldi_estremi": [], "id": "lagadone_022"}}, {"type": "Feature", "geometry": {"type": "LineString", "coordinates": [[9.14599, 45.99961], [9.14562, 45.99947], [9.14539, 45.99927], [9.14505, 45.99911], [9.14486, 45.99896], [9.14467, 45.99876], [9.14457, 45.99859], [9.1443, 45.99839], [9.14421, 45.99823], [9.14417, 45.99793], [9.14401, 45.99771], [9.14386, 45.9974], [9.14378, 45.99716], [9.14378, 45.99688], [9.14371, 45.99666], [9.1436, 45.99648], [9.14342, 45.99631], [9.14288, 45.99596], [9.14259, 45.99585], [9.14248, 45.99575], [9.14232, 45.99541], [9.14214, 45.99517], [9.142, 45.99505], [9.14165, 45.99494], [9.14152, 45.99485], [9.14148, 45.99462], [9.14131, 45.99447], [9.14116, 45.9942], [9.14094, 45.99392], [9.14075, 45.99351], [9.14037, 45.99293], [9.14015, 45.99277], [9.14016, 45.99248], [9.14011, 45.99226], [9.14001, 45.99204], [9.13991, 45.99144], [9.13981, 45.99131], [9.13986, 45.99107], [9.13981, 45.99072], [9.1396, 45.99043], [9.13895, 45.99004], [9.13877, 45.98996], [9.13861, 45.98996], [9.13821, 45.98983], [9.13803, 45.98971], [9.1378, 45.9894], [9.13718, 45.98906], [9.13657, 45.98888], [9.13617, 45.9889], [9.1358, 45.98884], [9.13564, 45.98875], [9.13542, 45.98857], [9.13507, 45.98847], [9.13484, 45.98834], [9.13437, 45.98825], [9.13392, 45.98813], [9.13358, 45.98797], [9.13332, 45.98788], [9.13293, 45.98784], [9.13255, 45.98792], [9.13231, 45.98803], [9.13202, 45.98825], [9.13178, 45.98832], [9.13151, 45.98831], [9.13098, 45.98819], [9.1308, 45.98811], [9.13039, 45.98802], [9.13026, 45.98803], [9.12976, 45.98839], [9.12948, 45.98865], [9.12929, 45.98876], [9.12908, 45.98898], [9.12856, 45.98925], [9.12816, 45.98932], [9.12759, 45.98948], [9.12727, 45.98955], [9.12714, 45.98963], [9.12685, 45.98996], [9.1266, 45.99004], [9.12636, 45.99019], [9.12599, 45.99026], [9.12544, 45.99046], [9.12488, 45.99048], [9.12446, 45.99054], [9.12424, 45.99061], [9.12406, 45.99071], [9.12384, 45.99075], [9.12355, 45.99074], [9.12325, 45.99064], [9.12232, 45.99047], [9.12215, 45.99049], [9.12196, 45.99059], [9.12151, 45.99067], [9.12079, 45.99067], [9.12019, 45.99065], [9.11966, 45.99065], [9.11903, 45.99062], [9.11888, 45.99057], [9.11862, 45.9904], [9.11825, 45.99033], [9.11804, 45.99032], [9.11778, 45.99016], [9.11761, 45.99009], [9.11712, 45.99009], [9.11695, 45.99012], [9.11678, 45.99023], [9.11658, 45.99031], [9.11624, 45.99031], [9.11603, 45.99023], [9.11587, 45.99011], [9.11559, 45.98985], [9.11531, 45.98966], [9.11501, 45.9896], [9.11483, 45.98962], [9.11447, 45.98976], [9.11424, 45.98978], [9.11369, 45.98974], [9.11293, 45.98961], [9.11243, 45.98959], [9.11195, 45.98951], [9.11167, 45.98944], [9.1108, 45.98915], [9.11057, 45.98911], [9.11011, 45.98909], [9.10963, 45.98916], [9.10913, 45.98917], [9.10898, 45.98911], [9.10864, 45.98869], [9.1082, 45.98842], [9.10789, 45.98827], [9.10771, 45.98823], [9.10738, 45.9882], [9.10692, 45.98825], [9.10652, 45.98823], [9.10611, 45.98818], [9.10534, 45.98802], [9.1051, 45.98802], [9.10498, 45.98798], [9.10472, 45.98776], [9.10439, 45.98752], [9.10401, 45.9872], [9.10389, 45.98713], [9.10346, 45.98698], [9.10322, 45.98677], [9.10301, 45.9867], [9.10239, 45.98672], [9.10181, 45.98662], [9.10151, 45.98667], [9.10135, 45.98685], [9.10127, 45.98709], [9.10106, 45.98728], [9.10052, 45.98739], [9.10004, 45.98755], [9.09991, 45.98756], [9.09959, 45.98745], [9.09932, 45.9873], [9.09913, 45.98725], [9.09825, 45.98721], [9.09824, 45.98715], [9.09839, 45.98686], [9.09848, 45.98663], [9.09844, 45.98649], [9.09829, 45.9864], [9.09798, 45.98633], [9.09779, 45.98605], [9.09767, 45.98597], [9.09715, 45.98586], [9.09687, 45.98577], [9.09665, 45.9856], [9.09635, 45.9852], [9.09608, 45.98495], [9.09583, 45.98464], [9.09564, 45.98455], [9.09537, 45.9845], [9.09448, 45.98441], [9.09389, 45.98434], [9.09341, 45.98426], [9.09313, 45.98428], [9.09241, 45.98441], [9.09132, 45.98471], [9.091, 45.98491], [9.09078, 45.98497], [9.09043, 45.98485], [9.09021, 45.98486], [9.09004, 45.98491], [9.08959, 45.9852], [9.08912, 45.98533], [9.08856, 45.98542], [9.08765, 45.98549], [9.08678, 45.98548], [9.08646, 45.98555], [9.086, 45.98576], [9.08583, 45.9859], [9.08558, 45.98602], [9.08513, 45.98612], [9.08502, 45.98617], [9.08449, 45.9866], [9.08444, 45.98672], [9.08429, 45.9869], [9.0841, 45.98697], [9.08396, 45.9871], [9.0839, 45.9872], [9.08391, 45.98749], [9.084, 45.98784], [9.08383, 45.988], [9.08354, 45.9881], [9.08345, 45.98836], [9.08327, 45.98852], [9.08294, 45.98864], [9.08255, 45.98866], [9.08223, 45.98857], [9.08205, 45.98861], [9.08178, 45.98873], [9.08151, 45.9889], [9.08114, 45.98901], [9.08054, 45.98923], [9.08035, 45.98939], [9.07988, 45.98984], [9.07979, 45.98997], [9.07958, 45.99015], [9.07935, 45.99039], [9.07926, 45.9906], [9.07923, 45.99076], [9.07932, 45.99095], [9.07946, 45.99111], [9.07984, 45.9913], [9.08002, 45.99147], [9.08028, 45.99184], [9.08056, 45.992], [9.08096, 45.99237], [9.08111, 45.99258], [9.08129, 45.99292], [9.08155, 45.99322], [9.08182, 45.99336], [9.0819, 45.99346], [9.08186, 45.99359], [9.08159, 45.99386], [9.08166, 45.99395], [9.08183, 45.99405], [9.08227, 45.99418], [9.08242, 45.99432], [9.0824, 45.99476], [9.08244, 45.99488], [9.08232, 45.99512], [9.08237, 45.99524], [9.08257, 45.99537], [9.0827, 45.99551], [9.0827, 45.99563], [9.08285, 45.99574], [9.08292, 45.99587], [9.08295, 45.99628], [9.08303, 45.99643], [9.08323, 45.99655], [9.08337, 45.99668], [9.08347, 45.99702], [9.08367, 45.99736], [9.08376, 45.99764], [9.08369, 45.99771], [9.08332, 45.99789], [9.08285, 45.99803], [9.08276, 45.99812], [9.08342, 45.99847], [9.08385, 45.99879], [9.08418, 45.99913], [9.08423, 45.99926], [9.08425, 45.9997], [9.08441, 45.99994], [9.0845, 46.00019], [9.08459, 46.0003], [9.08503, 46.00052], [9.0854, 46.00077], [9.08563, 46.00086], [9.086, 46.00092], [9.08633, 46.00095], [9.08657, 46.00123], [9.08666, 46.00145], [9.08682, 46.00162], [9.08722, 46.00201], [9.08731, 46.0022], [9.08732, 46.00239], [9.0872, 46.00277], [9.08706, 46.00297], [9.08686, 46.00317], [9.08665, 46.00328], [9.08644, 46.00347], [9.08586, 46.00372], [9.08545, 46.00392], [9.08524, 46.00407], [9.08501, 46.00437]]}, "properties": {"nome_tratto": "Torrente Lirone", "corpo_idrico": "lirone", "corpo_nome": "Torrente Lirone", "layer": "base", "segmento_id": null, "bank": "both", "zona_id": "lirone_residuo", "regime": "ordinario_B", "regime_etichetta": "Regime Ordinario B (FIPSAS)", "tipo_acqua": "B", "pesca_consentita": true, "geometria": "LineString", "matrice": {"regime_amministrativo": "fipsas", "regime_amministrativo_etichetta": "FIPSAS", "classificazione_biologica": "B", "classificazione_etichetta": "Cat. B", "modalita": "sponda", "tipo_geometria_normativa": "linea", "eredita": [{"livello": 1, "asse": "classificazione_biologica", "id": "B", "blocco": "ordinario_B"}, {"livello": 1, "asse": "regime_amministrativo", "id": "fipsas", "sostituisce_biologia": false}, {"livello": 2, "asse": "modalita_pesca", "id": "sponda"}]}, "regole": {"zona_id": "lirone_residuo", "zona_nome": "Torrente Lirone — Regime Ordinario B (FIPSAS)", "corpo_idrico": "lirone", "corpo_nome": "Torrente Lirone", "regime": "ordinario_B", "regime_etichetta": "Regime Ordinario B (FIPSAS)", "regime_descrizione": "Acque correnti salmonicole in concessione FIPSAS: prelievo consentito secondo le regole generali del tipo B.", "tipo_acqua": "B", "tipo_acqua_etichetta": "Tipo B (salmonicole)", "pesca_consentita": true, "priorita": 10, "estensione": {"tipo": "residuale", "descrizione": "Fuori dai tagli restrittivi (No-Kill, divieto, riserva)."}, "calendario": {"stagione": {"id": "stagione_B", "etichetta": "Stagione acque di tipo B", "inizio": {"data_ref": "ultima_domenica_febbraio", "riferimento_solare": "alba", "offset_minuti": -60}, "fine": {"data_ref": "prima_domenica_ottobre", "riferimento_solare": "tramonto", "offset_minuti": 60}, "testo": "Dall'ultima domenica di febbraio (1 h prima dell'alba) alla prima domenica di ottobre (1 h dopo il tramonto)", "fonte": {"livello": "testuale", "riferimento": "Regole acque tipo B", "estratto": "da un’ora prima dell’alba dell’ultima domenica di febbraio a un’ora dopo il tramonto della prima domenica di ottobre"}}, "giorni": {"id": "giorni_tipo_B", "etichetta": "Giorni tipo B", "settimana": ["dom", "lun", "gio", "sab"], "festivi_aggiuntivi": ["04-25", "05-01", "06-02", "08-15"], "testo": "Domenica, lunedì, giovedì e sabato + 25/4, 1/5, 2/6, 15/8", "fonte": {"livello": "testuale", "riferimento": "Regole acque tipo B", "estratto": "domenica, lunedì, giovedì e sabato nonché il 25 aprile, il 1° maggio, il 2 giugno e il 15 agosto"}}, "fascia_oraria": {"id": "diurna", "etichetta": "Diurna", "da": {"riferimento_solare": "alba", "offset_minuti": -60}, "a": {"riferimento_solare": "tramonto", "offset_minuti": 60}, "testo": "Da 1 h prima dell'alba a 1 h dopo il tramonto", "fonte": {"livello": "testuale", "riferimento": "Regole acque tipo B", "estratto": "da un’ora prima dell’alba a un’ora dopo il tramonto"}}, "periodi_speciali": []}, "attrezzatura": {"attrezzi_ammessi": ["canna"], "canne_max": 1, "esche_max_per_canna": 3, "ami_max_per_canna": null, "ardiglione": "vietato", "spazio_sponda_max_m": null}, "esche": {"consentite": ["naturale", "artificiale"], "vietate": ["cagnotto", "pesce_vivo", "pesce_morto"], "pasturazione": "vietata"}, "tecniche": {"consentite": ["canna_da_riva", "guado"], "vietate": ["pesca_da_ponte", "imbarcazione", "pesca_notturna"], "condizionate": []}, "prelievo": {"tipo": "ordinario", "rilascio_obbligatorio": false, "capi_trattenibili": "secondo limiti di cattura", "specie_sempre_protette_extra": [], "limiti_ref": "limiti_cattura", "misure_minime_cm": {"trota_fario": 25, "trota_marmorata": 40, "temolo": 35, "luccio": 60, "persico_reale": 16, "salmerino_alpino": 25}, "specie_protette": ["cobiti", "lasca", "scazzone", "anguilla", "savetta", "barbo canino", "lampreda padana", "pigo", "trota macrostigma"], "limiti": {"per_specie": {"luccio": 1, "trota_marmorata": 1, "temolo": 2}, "salmonidi_complessivi": 6, "kg_giornalieri_max": 5, "stop_al_limite": ["luccio", "salmonidi"], "obbligo_recisione_pinna_caudale": ["trote", "luccio", "coregone", "persico reale", "salmerino", "temolo", "siluro"], "fonte": {"livello": "testuale", "riferimento": "par. 4.5–4.6", "estratto": "luccio 1; trota marmorata 1; temolo 2; «6 capi complessivi di trote, salmerini e temoli»; massimo 5 kg/giorno di fauna ittica"}}}, "permessi": {"pacchetto": {"id": "fipsas_acque_B", "etichetta": "Acque correnti di tipo B (FIPSAS)", "richiede_contributo_extra": true, "richiede_tesserino": true, "note": "Non è acqua libera «solo licenza B».", "documenti": [{"id": "licenza_B", "etichetta": "Licenza di pesca tipo B", "costo_eur": 23.0, "ente": "Regione Lombardia (tassa regionale)", "validita": "12 mesi", "esenzioni": ["Residenti in Italia con meno di 18 anni", "Residenti in Italia con più di 65 anni", "Soggetti L. 104/1992 art. 3 (se pescano solo con canna)"], "fonte": {"livello": "testuale", "riferimento": "PESCARE NEI FIUMI/TORRENTI/CANALI", "estratto": "Licenza di pesca tipo B (€ 23,00)"}}, {"id": "tessera_fipsas", "etichetta": "Tessera FIPSAS", "costo_eur": 30.0, "costi_ridotti": [{"costo_eur": 6.0, "condizione": "nati dopo il 01.01.2011"}], "ente": "FIPSAS", "validita": "anno solare", "esenzioni": [], "fonte": {"livello": "testuale", "riferimento": "PESCARE NEI FIUMI/TORRENTI/CANALI", "estratto": "Tessera FIPSAS (€ 30,00; € 6,00 nati dopo il 01.01.2011)"}}, {"id": "contributo_gestione_annuale", "etichetta": "Contributo di gestione annuale FIPSAS Varese", "costo_eur": 30.0, "ente": "FIPSAS Varese (concessionario)", "validita": "anno solare", "ambito": ["acque di tipo B", "pesca da imbarcazione / belly boat", "acque evidenziate in azzurro"], "esenzioni": ["Nati dopo il 01.01.2008", "Disabili L. 104/1992 art. 3 c. 3"], "fonte": {"livello": "testuale", "riferimento": "PESCARE NEI FIUMI/TORRENTI/CANALI", "estratto": "Contributo di gestione annuale a FIPSAS Varese (€ 30,00) — per la pesca da imbarcazione e nelle acque di tipo B"}}, {"id": "tesserino_segnapesci", "etichetta": "Tesserino segnapesci del concessionario", "costo_eur": null, "ente": "FIPSAS Varese", "non_richiesto_se": ["permesso_giornaliero"], "punti_distribuzione": ["GERMIGNAGA PESCA — Piazza 20 Settembre, 29, Germignaga (VA)"], "fonte": {"livello": "testuale", "riferimento": "PESCARE NEI FIUMI/TORRENTI/CANALI", "estratto": "Tesserino segna pesci del Concessionario […] non è obbligatorio per chi utilizza il permesso giornaliero di pesca"}}], "costo_totale_eur": null, "costo_noto_eur": 83.0, "alternativa_non_tesserati": [{"id": "licenza_B", "etichetta": "Licenza di pesca tipo B"}, {"id": "permesso_giornaliero", "etichetta": "Permesso giornaliero (non tesserati FIPSAS)"}]}, "varianti": []}, "vincoli_speciali": [], "interpretazioni": [], "fonti": [{"livello": "testuale", "riferimento": "Regole acque tipo B", "estratto": "L’unico attrezzo ammesso è la canna da pesca. Si può pescare con una sola canna, armata con un massimo di tre esche naturali o artificiali. Gli ami devono essere privi di ardiglione o con ardiglione schiacciato ad eccezione dei tratti individuati come campo gara, dove è ammesso l’utilizzo di ami con ardiglione. Non è ammessa alcuna forma di pasturazione e non è ammesso utilizzare come esca la larva di mosca carnaria (cagnotto) e il pesce vivo, o morto. È proibita la pesca dai ponti e con la barca."}], "note_corpo": "Parte finale del corso che sbocca a Osteno. Il prontuario chiama foce del Telo il punto in cui questo torrente entra nel lago. Non è citato per nome: eredita il tipo B. La way che prosegue nello specchio non si disegna.", "matrice": {"regime_amministrativo": "fipsas", "regime_amministrativo_etichetta": "FIPSAS", "classificazione_biologica": "B", "classificazione_etichetta": "Cat. B", "modalita": "sponda", "tipo_geometria_normativa": "linea", "eredita": [{"livello": 1, "asse": "classificazione_biologica", "id": "B", "blocco": "ordinario_B"}, {"livello": 1, "asse": "regime_amministrativo", "id": "fipsas", "sostituisce_biologia": false}, {"livello": 2, "asse": "modalita_pesca", "id": "sponda"}]}}, "fonte_geometria": "reticolo_regionale_lombardia", "nome_regionale": "Lirone (Torrente)", "bacino_regionale": "TICINO", "sottobacino": "Lago di Lugano (Ceresio)", "cod_ptua16": "IT03N0080980350507011LO", "natura": "naturale", "lunghezza_m": 8857, "capisaldi_estremi": [], "id": "lirone_023"}}, {"type": "Feature", "geometry": {"type": "LineString", "coordinates": [[8.77431, 45.94257], [8.77414, 45.94305], [8.77401, 45.94331], [8.7738, 45.94364], [8.77361, 45.94389], [8.77322, 45.94427], [8.77288, 45.94454], [8.77258, 45.94474], [8.77221, 45.94496], [8.77167, 45.9452], [8.77136, 45.94537], [8.77114, 45.94545], [8.77086, 45.94568], [8.77027, 45.94606], [8.77011, 45.94619], [8.76997, 45.94643], [8.76983, 45.94701], [8.76961, 45.94782], [8.76948, 45.94822], [8.769456205209547, 45.948276741423385]]}, "properties": {"nome_tratto": "Torrente Margorabbia", "corpo_idrico": "margorabbia", "corpo_nome": "Torrente Margorabbia", "layer": "base", "segmento_id": null, "bank": "both", "zona_id": "margorabbia_residuo", "regime": "ordinario_B", "regime_etichetta": "Regime Ordinario B (FIPSAS)", "tipo_acqua": "B", "pesca_consentita": true, "geometria": "LineString", "matrice": {"regime_amministrativo": "fipsas", "regime_amministrativo_etichetta": "FIPSAS", "classificazione_biologica": "B", "classificazione_etichetta": "Cat. B", "modalita": "sponda", "tipo_geometria_normativa": "linea", "eredita": [{"livello": 1, "asse": "classificazione_biologica", "id": "B", "blocco": "ordinario_B"}, {"livello": 1, "asse": "regime_amministrativo", "id": "fipsas", "sostituisce_biologia": false}, {"livello": 2, "asse": "modalita_pesca", "id": "sponda"}, {"livello": 3, "asse": "eccezione_locale", "id": "margorabbia", "chiavi": ["calendario", "prelievo"]}]}, "regole": {"zona_id": "margorabbia_residuo", "zona_nome": "Torrente Margorabbia — Regime Ordinario B (FIPSAS)", "corpo_idrico": "margorabbia", "corpo_nome": "Torrente Margorabbia", "regime": "ordinario_B", "regime_etichetta": "Regime Ordinario B (FIPSAS)", "regime_descrizione": "Acque correnti salmonicole in concessione FIPSAS: prelievo consentito secondo le regole generali del tipo B.", "tipo_acqua": "B", "tipo_acqua_etichetta": "Tipo B (salmonicole)", "pesca_consentita": true, "priorita": 10, "estensione": {"tipo": "residuale", "descrizione": "Fuori dai tagli restrittivi (No-Kill, divieto, riserva)."}, "calendario": {"stagione": {"id": "stagione_B", "etichetta": "Stagione acque di tipo B", "inizio": {"data_ref": "ultima_domenica_febbraio", "riferimento_solare": "alba", "offset_minuti": -60}, "fine": {"data_ref": "prima_domenica_ottobre", "riferimento_solare": "tramonto", "offset_minuti": 60}, "testo": "Dall'ultima domenica di febbraio (1 h prima dell'alba) alla prima domenica di ottobre (1 h dopo il tramonto)", "fonte": {"livello": "testuale", "riferimento": "Regole acque tipo B", "estratto": "da un’ora prima dell’alba dell’ultima domenica di febbraio a un’ora dopo il tramonto della prima domenica di ottobre"}}, "giorni": {"id": "tutti_i_giorni_deroga_tresa", "etichetta": "Tutti i giorni (deroga «Affluenti del fiume Tresa»)", "settimana": ["lun", "mar", "mer", "gio", "ven", "sab", "dom"], "festivi_aggiuntivi": [], "testo": "Tutti i giorni: l'asta del Margorabbia rientra tra gli «Affluenti del fiume Tresa»", "fonte": {"livello": "interpretazione", "riferimento": "Elenco corpi idrici con pesca tutti i giorni", "estratto": "la pesca è consentita tutti i giorni della settimana […] Affluenti del fiume Tresa", "nota": "Il Margorabbia è affluente diretto del Tresa. Il prontuario non scrive «e affluenti» dopo Tresa: la deroga NON si estende agli affluenti del Margorabbia."}}, "fascia_oraria": {"id": "diurna", "etichetta": "Diurna", "da": {"riferimento_solare": "alba", "offset_minuti": -60}, "a": {"riferimento_solare": "tramonto", "offset_minuti": 60}, "testo": "Da 1 h prima dell'alba a 1 h dopo il tramonto", "fonte": {"livello": "testuale", "riferimento": "Regole acque tipo B", "estratto": "da un’ora prima dell’alba a un’ora dopo il tramonto"}}, "periodi_speciali": []}, "attrezzatura": {"attrezzi_ammessi": ["canna"], "canne_max": 1, "esche_max_per_canna": 3, "ami_max_per_canna": null, "ardiglione": "vietato", "spazio_sponda_max_m": null}, "esche": {"consentite": ["naturale", "artificiale"], "vietate": ["cagnotto", "pesce_vivo", "pesce_morto"], "pasturazione": "vietata"}, "tecniche": {"consentite": ["canna_da_riva", "guado"], "vietate": ["pesca_da_ponte", "imbarcazione", "pesca_notturna"], "condizionate": []}, "prelievo": {"tipo": "ordinario", "rilascio_obbligatorio": false, "capi_trattenibili": "secondo limiti di cattura", "specie_sempre_protette_extra": ["temolo"], "limiti_ref": "limiti_cattura", "misure_minime_cm": {"trota_fario": 25, "trota_marmorata": 40, "temolo": 35, "luccio": 60, "persico_reale": 16, "salmerino_alpino": 25}, "specie_protette": ["cobiti", "lasca", "scazzone", "anguilla", "savetta", "barbo canino", "lampreda padana", "pigo", "trota macrostigma", "temolo"], "limiti": {"per_specie": {"luccio": 1, "trota_marmorata": 1, "temolo": 2}, "salmonidi_complessivi": 6, "kg_giornalieri_max": 5, "stop_al_limite": ["luccio", "salmonidi"], "obbligo_recisione_pinna_caudale": ["trote", "luccio", "coregone", "persico reale", "salmerino", "temolo", "siluro"], "fonte": {"livello": "testuale", "riferimento": "par. 4.5–4.6", "estratto": "luccio 1; trota marmorata 1; temolo 2; «6 capi complessivi di trote, salmerini e temoli»; massimo 5 kg/giorno di fauna ittica"}}}, "permessi": {"pacchetto": {"id": "fipsas_acque_B", "etichetta": "Acque correnti di tipo B (FIPSAS)", "richiede_contributo_extra": true, "richiede_tesserino": true, "note": "Non è acqua libera «solo licenza B».", "documenti": [{"id": "licenza_B", "etichetta": "Licenza di pesca tipo B", "costo_eur": 23.0, "ente": "Regione Lombardia (tassa regionale)", "validita": "12 mesi", "esenzioni": ["Residenti in Italia con meno di 18 anni", "Residenti in Italia con più di 65 anni", "Soggetti L. 104/1992 art. 3 (se pescano solo con canna)"], "fonte": {"livello": "testuale", "riferimento": "PESCARE NEI FIUMI/TORRENTI/CANALI", "estratto": "Licenza di pesca tipo B (€ 23,00)"}}, {"id": "tessera_fipsas", "etichetta": "Tessera FIPSAS", "costo_eur": 30.0, "costi_ridotti": [{"costo_eur": 6.0, "condizione": "nati dopo il 01.01.2011"}], "ente": "FIPSAS", "validita": "anno solare", "esenzioni": [], "fonte": {"livello": "testuale", "riferimento": "PESCARE NEI FIUMI/TORRENTI/CANALI", "estratto": "Tessera FIPSAS (€ 30,00; € 6,00 nati dopo il 01.01.2011)"}}, {"id": "contributo_gestione_annuale", "etichetta": "Contributo di gestione annuale FIPSAS Varese", "costo_eur": 30.0, "ente": "FIPSAS Varese (concessionario)", "validita": "anno solare", "ambito": ["acque di tipo B", "pesca da imbarcazione / belly boat", "acque evidenziate in azzurro"], "esenzioni": ["Nati dopo il 01.01.2008", "Disabili L. 104/1992 art. 3 c. 3"], "fonte": {"livello": "testuale", "riferimento": "PESCARE NEI FIUMI/TORRENTI/CANALI", "estratto": "Contributo di gestione annuale a FIPSAS Varese (€ 30,00) — per la pesca da imbarcazione e nelle acque di tipo B"}}, {"id": "tesserino_segnapesci", "etichetta": "Tesserino segnapesci del concessionario", "costo_eur": null, "ente": "FIPSAS Varese", "non_richiesto_se": ["permesso_giornaliero"], "punti_distribuzione": ["GERMIGNAGA PESCA — Piazza 20 Settembre, 29, Germignaga (VA)"], "fonte": {"livello": "testuale", "riferimento": "PESCARE NEI FIUMI/TORRENTI/CANALI", "estratto": "Tesserino segna pesci del Concessionario […] non è obbligatorio per chi utilizza il permesso giornaliero di pesca"}}], "costo_totale_eur": null, "costo_noto_eur": 83.0, "alternativa_non_tesserati": [{"id": "licenza_B", "etichetta": "Licenza di pesca tipo B"}, {"id": "permesso_giornaliero", "etichetta": "Permesso giornaliero (non tesserati FIPSAS)"}]}, "varianti": []}, "vincoli_speciali": [], "interpretazioni": [], "fonti": [{"livello": "testuale", "riferimento": "Regole acque tipo B", "estratto": "L’unico attrezzo ammesso è la canna da pesca. Si può pescare con una sola canna, armata con un massimo di tre esche naturali o artificiali. Gli ami devono essere privi di ardiglione o con ardiglione schiacciato ad eccezione dei tratti individuati come campo gara, dove è ammesso l’utilizzo di ami con ardiglione. Non è ammessa alcuna forma di pasturazione e non è ammesso utilizzare come esca la larva di mosca carnaria (cagnotto) e il pesce vivo, o morto. È proibita la pesca dai ponti e con la barca."}, {"livello": "testuale", "riferimento": "par. 4.4 — tabella periodi di divieto", "estratto": "Temolo: Sempre protetto nel lago di Mezzola e nei torrenti Pioverna e Margorabbia"}, {"livello": "interpretazione", "riferimento": "Elenco corpi idrici con pesca tutti i giorni", "estratto": "la pesca è consentita tutti i giorni della settimana […] Affluenti del fiume Tresa", "nota": "Il Margorabbia è affluente diretto del Tresa. La deroga non si estende agli affluenti del Margorabbia."}], "note_corpo": null, "matrice": {"regime_amministrativo": "fipsas", "regime_amministrativo_etichetta": "FIPSAS", "classificazione_biologica": "B", "classificazione_etichetta": "Cat. B", "modalita": "sponda", "tipo_geometria_normativa": "linea", "eredita": [{"livello": 1, "asse": "classificazione_biologica", "id": "B", "blocco": "ordinario_B"}, {"livello": 1, "asse": "regime_amministrativo", "id": "fipsas", "sostituisce_biologia": false}, {"livello": 2, "asse": "modalita_pesca", "id": "sponda"}, {"livello": 3, "asse": "eccezione_locale", "id": "margorabbia", "chiavi": ["calendario", "prelievo"]}]}}, "fonte_geometria": "reticolo_regionale_lombardia", "nome_regionale": "Margorabbia (Fiume)", "bacino_regionale": "TICINO", "sottobacino": "Lago Maggiore (Verbano)", "cod_ptua16": "IT03N008098035072LO", "natura": "naturale", "lunghezza_m": 771, "capisaldi_estremi": ["ponte_grantola"], "id": "margorabbia_024"}}, {"type": "Feature", "geometry": {"type": "LineString", "coordinates": [[8.769456205209547, 45.948276741423385], [8.76935, 45.94853], [8.76917, 45.94871], [8.76876, 45.94921], [8.7687, 45.94937], [8.7687, 45.95], [8.76867, 45.95016], [8.76847, 45.95071], [8.76847, 45.9509], [8.76855, 45.95115], [8.7688, 45.95147], [8.76887, 45.95168], [8.76935, 45.95249], [8.76951, 45.95286], [8.76954, 45.95317], [8.76949, 45.95355], [8.76921, 45.95403], [8.769, 45.95416], [8.76832, 45.95449], [8.76774, 45.9548], [8.76743, 45.95492], [8.767, 45.95499], [8.76638, 45.95493], [8.76594, 45.95485], [8.76563, 45.95477], [8.76524, 45.95476], [8.76489, 45.95479], [8.76451, 45.95493], [8.76436, 45.95501], [8.76402, 45.95538], [8.76388, 45.95565], [8.76384, 45.956], [8.76387, 45.95627], [8.76394, 45.95645], [8.76418, 45.95684], [8.76426, 45.9571], [8.76422, 45.95727], [8.76389, 45.95786], [8.76374, 45.95827], [8.76363, 45.95875], [8.76341, 45.95928], [8.76316, 45.9596], [8.76284, 45.95967], [8.76225, 45.95969], [8.76168, 45.95965], [8.7608, 45.95966], [8.7601, 45.95969], [8.759792692867341, 45.959747294550155]]}, "properties": {"nome_tratto": "Margorabbia — No-Kill Grantola / Mesenzana", "corpo_idrico": "margorabbia", "corpo_nome": "Torrente Margorabbia", "layer": "base", "segmento_id": "margorabbia_no_kill_grantola_mesenzana", "bank": "both", "zona_id": "margorabbia_no_kill_grantola_mesenzana", "regime": "no_kill", "regime_etichetta": "No-Kill — esche artificiali, amo senza ardiglione", "tipo_acqua": "B", "pesca_consentita": true, "geometria": "LineString", "matrice": {"regime_amministrativo": "fipsas", "regime_amministrativo_etichetta": "FIPSAS", "classificazione_biologica": "B", "classificazione_etichetta": "Cat. B", "modalita": "sponda", "tipo_geometria_normativa": "linea", "eredita": [{"livello": 1, "asse": "classificazione_biologica", "id": "B", "blocco": "ordinario_B"}, {"livello": 1, "asse": "regime_amministrativo", "id": "fipsas", "sostituisce_biologia": false}, {"livello": 2, "asse": "modalita_pesca", "id": "sponda"}, {"livello": 3, "asse": "eccezione_locale", "id": "margorabbia", "chiavi": ["calendario", "prelievo"]}, {"livello": 4, "asse": "segmento", "id": "margorabbia_no_kill_grantola_mesenzana", "effetto": "taglio"}]}, "regole": {"zona_id": "margorabbia_no_kill_grantola_mesenzana", "zona_nome": "Margorabbia — No-Kill Grantola / Mesenzana", "corpo_idrico": "margorabbia", "corpo_nome": "Torrente Margorabbia", "regime": "no_kill", "regime_etichetta": "No-Kill — esche artificiali, amo senza ardiglione", "regime_descrizione": "Rilascio immediato obbligatorio di tutto il pesce catturato.", "tipo_acqua": "B", "tipo_acqua_etichetta": "Tipo B (salmonicole)", "pesca_consentita": true, "priorita": 30, "estensione": {"tipo": "tratto", "descrizione": "Dal Ponte di Grantola alla briglia a 150 m a monte del concessionario auto in comune di Mesenzana.", "comuni": ["Grantola", "Mesenzana"]}, "calendario": {"stagione": {"id": "tutto_anno", "etichetta": "Tutto l'anno", "inizio": null, "fine": null, "testo": "Tutto l'anno (salvo periodi di divieto per specie, par. 4.4)", "fonte": {"livello": "derivata", "riferimento": "par. 4.4", "estratto": ""}}, "giorni": {"id": "tutti_i_giorni_deroga_tresa", "etichetta": "Tutti i giorni (deroga «Affluenti del fiume Tresa»)", "settimana": ["lun", "mar", "mer", "gio", "ven", "sab", "dom"], "festivi_aggiuntivi": [], "testo": "Tutti i giorni: l'asta del Margorabbia rientra tra gli «Affluenti del fiume Tresa»", "fonte": {"livello": "interpretazione", "riferimento": "Elenco corpi idrici con pesca tutti i giorni", "estratto": "la pesca è consentita tutti i giorni della settimana […] Affluenti del fiume Tresa", "nota": "Il Margorabbia è affluente diretto del Tresa. Il prontuario non scrive «e affluenti» dopo Tresa: la deroga NON si estende agli affluenti del Margorabbia."}}, "fascia_oraria": {"id": "diurna", "etichetta": "Diurna", "da": {"riferimento_solare": "alba", "offset_minuti": -60}, "a": {"riferimento_solare": "tramonto", "offset_minuti": 60}, "testo": "Da 1 h prima dell'alba a 1 h dopo il tramonto", "fonte": {"livello": "testuale", "riferimento": "Regole acque tipo B", "estratto": "da un’ora prima dell’alba a un’ora dopo il tramonto"}}, "periodi_speciali": []}, "attrezzatura": {"attrezzi_ammessi": ["canna"], "canne_max": 1, "esche_max_per_canna": 3, "ami_max_per_canna": null, "ardiglione": "vietato", "spazio_sponda_max_m": null}, "esche": {"consentite": ["artificiale"], "vietate": ["naturale", "cagnotto", "pesce_vivo", "pesce_morto"], "pasturazione": "vietata"}, "tecniche": {"consentite": ["canna_da_riva", "guado", "piede_asciutto", "mosca", "mosca_coda_di_topo", "spinning"], "vietate": ["pesca_da_ponte", "imbarcazione", "pesca_notturna"], "condizionate": []}, "prelievo": {"tipo": "no_kill", "rilascio_obbligatorio": true, "capi_trattenibili": 0, "specie_sempre_protette_extra": ["temolo"], "limiti_ref": "limiti_cattura", "misure_minime_cm": {"trota_fario": 25, "trota_marmorata": 40, "temolo": 35, "luccio": 60, "persico_reale": 16, "salmerino_alpino": 25}, "specie_protette": ["cobiti", "lasca", "scazzone", "anguilla", "savetta", "barbo canino", "lampreda padana", "pigo", "trota macrostigma", "temolo"], "limiti": {"per_specie": {"luccio": 1, "trota_marmorata": 1, "temolo": 2}, "salmonidi_complessivi": 6, "kg_giornalieri_max": 5, "stop_al_limite": ["luccio", "salmonidi"], "obbligo_recisione_pinna_caudale": ["trote", "luccio", "coregone", "persico reale", "salmerino", "temolo", "siluro"], "fonte": {"livello": "testuale", "riferimento": "par. 4.5–4.6", "estratto": "luccio 1; trota marmorata 1; temolo 2; «6 capi complessivi di trote, salmerini e temoli»; massimo 5 kg/giorno di fauna ittica"}}}, "permessi": {"pacchetto": {"id": "fipsas_acque_B", "etichetta": "Acque correnti di tipo B (FIPSAS)", "richiede_contributo_extra": true, "richiede_tesserino": true, "note": "Non è acqua libera «solo licenza B».", "documenti": [{"id": "licenza_B", "etichetta": "Licenza di pesca tipo B", "costo_eur": 23.0, "ente": "Regione Lombardia (tassa regionale)", "validita": "12 mesi", "esenzioni": ["Residenti in Italia con meno di 18 anni", "Residenti in Italia con più di 65 anni", "Soggetti L. 104/1992 art. 3 (se pescano solo con canna)"], "fonte": {"livello": "testuale", "riferimento": "PESCARE NEI FIUMI/TORRENTI/CANALI", "estratto": "Licenza di pesca tipo B (€ 23,00)"}}, {"id": "tessera_fipsas", "etichetta": "Tessera FIPSAS", "costo_eur": 30.0, "costi_ridotti": [{"costo_eur": 6.0, "condizione": "nati dopo il 01.01.2011"}], "ente": "FIPSAS", "validita": "anno solare", "esenzioni": [], "fonte": {"livello": "testuale", "riferimento": "PESCARE NEI FIUMI/TORRENTI/CANALI", "estratto": "Tessera FIPSAS (€ 30,00; € 6,00 nati dopo il 01.01.2011)"}}, {"id": "contributo_gestione_annuale", "etichetta": "Contributo di gestione annuale FIPSAS Varese", "costo_eur": 30.0, "ente": "FIPSAS Varese (concessionario)", "validita": "anno solare", "ambito": ["acque di tipo B", "pesca da imbarcazione / belly boat", "acque evidenziate in azzurro"], "esenzioni": ["Nati dopo il 01.01.2008", "Disabili L. 104/1992 art. 3 c. 3"], "fonte": {"livello": "testuale", "riferimento": "PESCARE NEI FIUMI/TORRENTI/CANALI", "estratto": "Contributo di gestione annuale a FIPSAS Varese (€ 30,00) — per la pesca da imbarcazione e nelle acque di tipo B"}}, {"id": "tesserino_segnapesci", "etichetta": "Tesserino segnapesci del concessionario", "costo_eur": null, "ente": "FIPSAS Varese", "non_richiesto_se": ["permesso_giornaliero"], "punti_distribuzione": ["GERMIGNAGA PESCA — Piazza 20 Settembre, 29, Germignaga (VA)"], "fonte": {"livello": "testuale", "riferimento": "PESCARE NEI FIUMI/TORRENTI/CANALI", "estratto": "Tesserino segna pesci del Concessionario […] non è obbligatorio per chi utilizza il permesso giornaliero di pesca"}}], "costo_totale_eur": null, "costo_noto_eur": 83.0, "alternativa_non_tesserati": [{"id": "licenza_B", "etichetta": "Licenza di pesca tipo B"}, {"id": "permesso_giornaliero", "etichetta": "Permesso giornaliero (non tesserati FIPSAS)"}]}, "varianti": []}, "vincoli_speciali": [], "interpretazioni": [{"campo": "esche.consentite", "nota": "Il titolo di sezione parla di mosca con coda di topo, il testo operativo di «esche artificiali»: si adotta il testo operativo."}], "fonti": [{"livello": "testuale", "riferimento": "Regole acque tipo B", "estratto": "L’unico attrezzo ammesso è la canna da pesca. Si può pescare con una sola canna, armata con un massimo di tre esche naturali o artificiali. Gli ami devono essere privi di ardiglione o con ardiglione schiacciato ad eccezione dei tratti individuati come campo gara, dove è ammesso l’utilizzo di ami con ardiglione. Non è ammessa alcuna forma di pasturazione e non è ammesso utilizzare come esca la larva di mosca carnaria (cagnotto) e il pesce vivo, o morto. È proibita la pesca dai ponti e con la barca."}, {"livello": "testuale", "riferimento": "par. 4.4 — tabella periodi di divieto", "estratto": "Temolo: Sempre protetto nel lago di Mezzola e nei torrenti Pioverna e Margorabbia"}, {"livello": "interpretazione", "riferimento": "Elenco corpi idrici con pesca tutti i giorni", "estratto": "la pesca è consentita tutti i giorni della settimana […] Affluenti del fiume Tresa", "nota": "Il Margorabbia è affluente diretto del Tresa. La deroga non si estende agli affluenti del Margorabbia."}, {"livello": "testuale", "riferimento": "Appendice II — Tratti riservati alla pesca a mosca con coda di topo", "estratto": "Torrente Margorabbia (VA): Tratto compreso tra il Ponte di Grantola e la briglia a 150 metri a monte del concessionario auto in Comune di Mesenzana, riservato alla pesca con esche artificiali con obbligo di utilizzo di amo senza ardiglione o con ardiglione schiacciato e obbligo di rilascio immediato di tutto il pesce catturato."}], "note_corpo": null, "matrice": {"regime_amministrativo": "fipsas", "regime_amministrativo_etichetta": "FIPSAS", "classificazione_biologica": "B", "classificazione_etichetta": "Cat. B", "modalita": "sponda", "tipo_geometria_normativa": "linea", "eredita": [{"livello": 1, "asse": "classificazione_biologica", "id": "B", "blocco": "ordinario_B"}, {"livello": 1, "asse": "regime_amministrativo", "id": "fipsas", "sostituisce_biologia": false}, {"livello": 2, "asse": "modalita_pesca", "id": "sponda"}, {"livello": 3, "asse": "eccezione_locale", "id": "margorabbia", "chiavi": ["calendario", "prelievo"]}, {"livello": 4, "asse": "segmento", "id": "margorabbia_no_kill_grantola_mesenzana", "effetto": "taglio"}]}}, "fonte_geometria": "reticolo_regionale_lombardia", "nome_regionale": "Margorabbia (Fiume)", "bacino_regionale": "TICINO", "sottobacino": "Lago Maggiore (Verbano)", "cod_ptua16": "IT03N008098035072LO", "natura": "naturale", "lunghezza_m": 1897, "capisaldi_estremi": ["ponte_grantola", "nk_end"], "id": "margorabbia_025"}}, {"type": "Feature", "geometry": {"type": "LineString", "coordinates": [[8.759792692867341, 45.959747294550155], [8.75951, 45.9598], [8.75839, 45.96014], [8.75816, 45.96029], [8.75787, 45.96056], [8.75767, 45.96092], [8.75748, 45.96149], [8.75734, 45.96214], [8.75729, 45.96248], [8.75731, 45.96261], [8.7571, 45.96344], [8.75728, 45.96409], [8.75762, 45.96482], [8.75787, 45.96542], [8.75799, 45.9658], [8.75798, 45.96591], [8.75785, 45.96614], [8.75769, 45.96632], [8.75691, 45.96738], [8.7567, 45.96763], [8.75649, 45.96809], [8.75627, 45.96869], [8.75575, 45.96911], [8.75544, 45.96941], [8.755, 45.97], [8.75466, 45.97036], [8.7544, 45.9706], [8.75369, 45.97102], [8.75268, 45.97134], [8.75144, 45.97151], [8.75128, 45.97154], [8.75064, 45.97181], [8.75008, 45.97199], [8.74963, 45.97212], [8.74895, 45.97236], [8.74833, 45.9728], [8.74816, 45.97296], [8.74787, 45.97338], [8.74775, 45.97369], [8.74756, 45.97435], [8.74739, 45.97487], [8.74726, 45.97533], [8.74723, 45.97554], [8.74689, 45.97666], [8.74669, 45.97719], [8.74666, 45.97741], [8.74651, 45.97793], [8.74639, 45.97821], [8.74616, 45.97846], [8.74595, 45.97861], [8.74504, 45.97888], [8.74407, 45.97926], [8.7437, 45.97947], [8.74314, 45.97992], [8.74282, 45.98035], [8.74242, 45.98108], [8.74199, 45.98182], [8.74183, 45.98211], [8.7412, 45.98316], [8.741, 45.98357], [8.74077, 45.98395], [8.74069, 45.98399], [8.74051, 45.98429], [8.74038, 45.98462]]}, "properties": {"nome_tratto": "Torrente Margorabbia", "corpo_idrico": "margorabbia", "corpo_nome": "Torrente Margorabbia", "layer": "base", "segmento_id": null, "bank": "both", "zona_id": "margorabbia_residuo", "regime": "ordinario_B", "regime_etichetta": "Regime Ordinario B (FIPSAS)", "tipo_acqua": "B", "pesca_consentita": true, "geometria": "LineString", "matrice": {"regime_amministrativo": "fipsas", "regime_amministrativo_etichetta": "FIPSAS", "classificazione_biologica": "B", "classificazione_etichetta": "Cat. B", "modalita": "sponda", "tipo_geometria_normativa": "linea", "eredita": [{"livello": 1, "asse": "classificazione_biologica", "id": "B", "blocco": "ordinario_B"}, {"livello": 1, "asse": "regime_amministrativo", "id": "fipsas", "sostituisce_biologia": false}, {"livello": 2, "asse": "modalita_pesca", "id": "sponda"}, {"livello": 3, "asse": "eccezione_locale", "id": "margorabbia", "chiavi": ["calendario", "prelievo"]}]}, "regole": {"zona_id": "margorabbia_residuo", "zona_nome": "Torrente Margorabbia — Regime Ordinario B (FIPSAS)", "corpo_idrico": "margorabbia", "corpo_nome": "Torrente Margorabbia", "regime": "ordinario_B", "regime_etichetta": "Regime Ordinario B (FIPSAS)", "regime_descrizione": "Acque correnti salmonicole in concessione FIPSAS: prelievo consentito secondo le regole generali del tipo B.", "tipo_acqua": "B", "tipo_acqua_etichetta": "Tipo B (salmonicole)", "pesca_consentita": true, "priorita": 10, "estensione": {"tipo": "residuale", "descrizione": "Fuori dai tagli restrittivi (No-Kill, divieto, riserva)."}, "calendario": {"stagione": {"id": "stagione_B", "etichetta": "Stagione acque di tipo B", "inizio": {"data_ref": "ultima_domenica_febbraio", "riferimento_solare": "alba", "offset_minuti": -60}, "fine": {"data_ref": "prima_domenica_ottobre", "riferimento_solare": "tramonto", "offset_minuti": 60}, "testo": "Dall'ultima domenica di febbraio (1 h prima dell'alba) alla prima domenica di ottobre (1 h dopo il tramonto)", "fonte": {"livello": "testuale", "riferimento": "Regole acque tipo B", "estratto": "da un’ora prima dell’alba dell’ultima domenica di febbraio a un’ora dopo il tramonto della prima domenica di ottobre"}}, "giorni": {"id": "tutti_i_giorni_deroga_tresa", "etichetta": "Tutti i giorni (deroga «Affluenti del fiume Tresa»)", "settimana": ["lun", "mar", "mer", "gio", "ven", "sab", "dom"], "festivi_aggiuntivi": [], "testo": "Tutti i giorni: l'asta del Margorabbia rientra tra gli «Affluenti del fiume Tresa»", "fonte": {"livello": "interpretazione", "riferimento": "Elenco corpi idrici con pesca tutti i giorni", "estratto": "la pesca è consentita tutti i giorni della settimana […] Affluenti del fiume Tresa", "nota": "Il Margorabbia è affluente diretto del Tresa. Il prontuario non scrive «e affluenti» dopo Tresa: la deroga NON si estende agli affluenti del Margorabbia."}}, "fascia_oraria": {"id": "diurna", "etichetta": "Diurna", "da": {"riferimento_solare": "alba", "offset_minuti": -60}, "a": {"riferimento_solare": "tramonto", "offset_minuti": 60}, "testo": "Da 1 h prima dell'alba a 1 h dopo il tramonto", "fonte": {"livello": "testuale", "riferimento": "Regole acque tipo B", "estratto": "da un’ora prima dell’alba a un’ora dopo il tramonto"}}, "periodi_speciali": []}, "attrezzatura": {"attrezzi_ammessi": ["canna"], "canne_max": 1, "esche_max_per_canna": 3, "ami_max_per_canna": null, "ardiglione": "vietato", "spazio_sponda_max_m": null}, "esche": {"consentite": ["naturale", "artificiale"], "vietate": ["cagnotto", "pesce_vivo", "pesce_morto"], "pasturazione": "vietata"}, "tecniche": {"consentite": ["canna_da_riva", "guado"], "vietate": ["pesca_da_ponte", "imbarcazione", "pesca_notturna"], "condizionate": []}, "prelievo": {"tipo": "ordinario", "rilascio_obbligatorio": false, "capi_trattenibili": "secondo limiti di cattura", "specie_sempre_protette_extra": ["temolo"], "limiti_ref": "limiti_cattura", "misure_minime_cm": {"trota_fario": 25, "trota_marmorata": 40, "temolo": 35, "luccio": 60, "persico_reale": 16, "salmerino_alpino": 25}, "specie_protette": ["cobiti", "lasca", "scazzone", "anguilla", "savetta", "barbo canino", "lampreda padana", "pigo", "trota macrostigma", "temolo"], "limiti": {"per_specie": {"luccio": 1, "trota_marmorata": 1, "temolo": 2}, "salmonidi_complessivi": 6, "kg_giornalieri_max": 5, "stop_al_limite": ["luccio", "salmonidi"], "obbligo_recisione_pinna_caudale": ["trote", "luccio", "coregone", "persico reale", "salmerino", "temolo", "siluro"], "fonte": {"livello": "testuale", "riferimento": "par. 4.5–4.6", "estratto": "luccio 1; trota marmorata 1; temolo 2; «6 capi complessivi di trote, salmerini e temoli»; massimo 5 kg/giorno di fauna ittica"}}}, "permessi": {"pacchetto": {"id": "fipsas_acque_B", "etichetta": "Acque correnti di tipo B (FIPSAS)", "richiede_contributo_extra": true, "richiede_tesserino": true, "note": "Non è acqua libera «solo licenza B».", "documenti": [{"id": "licenza_B", "etichetta": "Licenza di pesca tipo B", "costo_eur": 23.0, "ente": "Regione Lombardia (tassa regionale)", "validita": "12 mesi", "esenzioni": ["Residenti in Italia con meno di 18 anni", "Residenti in Italia con più di 65 anni", "Soggetti L. 104/1992 art. 3 (se pescano solo con canna)"], "fonte": {"livello": "testuale", "riferimento": "PESCARE NEI FIUMI/TORRENTI/CANALI", "estratto": "Licenza di pesca tipo B (€ 23,00)"}}, {"id": "tessera_fipsas", "etichetta": "Tessera FIPSAS", "costo_eur": 30.0, "costi_ridotti": [{"costo_eur": 6.0, "condizione": "nati dopo il 01.01.2011"}], "ente": "FIPSAS", "validita": "anno solare", "esenzioni": [], "fonte": {"livello": "testuale", "riferimento": "PESCARE NEI FIUMI/TORRENTI/CANALI", "estratto": "Tessera FIPSAS (€ 30,00; € 6,00 nati dopo il 01.01.2011)"}}, {"id": "contributo_gestione_annuale", "etichetta": "Contributo di gestione annuale FIPSAS Varese", "costo_eur": 30.0, "ente": "FIPSAS Varese (concessionario)", "validita": "anno solare", "ambito": ["acque di tipo B", "pesca da imbarcazione / belly boat", "acque evidenziate in azzurro"], "esenzioni": ["Nati dopo il 01.01.2008", "Disabili L. 104/1992 art. 3 c. 3"], "fonte": {"livello": "testuale", "riferimento": "PESCARE NEI FIUMI/TORRENTI/CANALI", "estratto": "Contributo di gestione annuale a FIPSAS Varese (€ 30,00) — per la pesca da imbarcazione e nelle acque di tipo B"}}, {"id": "tesserino_segnapesci", "etichetta": "Tesserino segnapesci del concessionario", "costo_eur": null, "ente": "FIPSAS Varese", "non_richiesto_se": ["permesso_giornaliero"], "punti_distribuzione": ["GERMIGNAGA PESCA — Piazza 20 Settembre, 29, Germignaga (VA)"], "fonte": {"livello": "testuale", "riferimento": "PESCARE NEI FIUMI/TORRENTI/CANALI", "estratto": "Tesserino segna pesci del Concessionario […] non è obbligatorio per chi utilizza il permesso giornaliero di pesca"}}], "costo_totale_eur": null, "costo_noto_eur": 83.0, "alternativa_non_tesserati": [{"id": "licenza_B", "etichetta": "Licenza di pesca tipo B"}, {"id": "permesso_giornaliero", "etichetta": "Permesso giornaliero (non tesserati FIPSAS)"}]}, "varianti": []}, "vincoli_speciali": [], "interpretazioni": [], "fonti": [{"livello": "testuale", "riferimento": "Regole acque tipo B", "estratto": "L’unico attrezzo ammesso è la canna da pesca. Si può pescare con una sola canna, armata con un massimo di tre esche naturali o artificiali. Gli ami devono essere privi di ardiglione o con ardiglione schiacciato ad eccezione dei tratti individuati come campo gara, dove è ammesso l’utilizzo di ami con ardiglione. Non è ammessa alcuna forma di pasturazione e non è ammesso utilizzare come esca la larva di mosca carnaria (cagnotto) e il pesce vivo, o morto. È proibita la pesca dai ponti e con la barca."}, {"livello": "testuale", "riferimento": "par. 4.4 — tabella periodi di divieto", "estratto": "Temolo: Sempre protetto nel lago di Mezzola e nei torrenti Pioverna e Margorabbia"}, {"livello": "interpretazione", "riferimento": "Elenco corpi idrici con pesca tutti i giorni", "estratto": "la pesca è consentita tutti i giorni della settimana […] Affluenti del fiume Tresa", "nota": "Il Margorabbia è affluente diretto del Tresa. La deroga non si estende agli affluenti del Margorabbia."}], "note_corpo": null, "matrice": {"regime_amministrativo": "fipsas", "regime_amministrativo_etichetta": "FIPSAS", "classificazione_biologica": "B", "classificazione_etichetta": "Cat. B", "modalita": "sponda", "tipo_geometria_normativa": "linea", "eredita": [{"livello": 1, "asse": "classificazione_biologica", "id": "B", "blocco": "ordinario_B"}, {"livello": 1, "asse": "regime_amministrativo", "id": "fipsas", "sostituisce_biologia": false}, {"livello": 2, "asse": "modalita_pesca", "id": "sponda"}, {"livello": 3, "asse": "eccezione_locale", "id": "margorabbia", "chiavi": ["calendario", "prelievo"]}]}}, "fonte_geometria": "reticolo_regionale_lombardia", "nome_regionale": "Margorabbia (Fiume)", "bacino_regionale": "TICINO", "sottobacino": "Lago Maggiore (Verbano)", "cod_ptua16": "IT03N008098035072LO", "natura": "naturale", "lunghezza_m": 3437, "capisaldi_estremi": ["nk_end"], "id": "margorabbia_026"}}, {"type": "Feature", "geometry": {"type": "LineString", "coordinates": [[8.74077, 45.98395], [8.74077, 45.98408], [8.74046, 45.98457], [8.74038, 45.98462], [8.74032, 45.98471], [8.73989, 45.98547], [8.73976, 45.98574], [8.73947, 45.98618], [8.73905, 45.98662], [8.73889, 45.98686], [8.73781, 45.98803], [8.73761, 45.98821], [8.73753, 45.98835], [8.73737, 45.9885], [8.7371, 45.9888], [8.73697, 45.98889], [8.73689, 45.98904], [8.7368, 45.98908], [8.73697, 45.98889], [8.73689, 45.98891], [8.7368, 45.98908], [8.73639, 45.98948], [8.73607, 45.98985], [8.73538, 45.99056], [8.734116749015614, 45.991402167322924]]}, "properties": {"nome_tratto": "Torrente Margorabbia", "corpo_idrico": "margorabbia", "corpo_nome": "Torrente Margorabbia", "layer": "base", "segmento_id": null, "bank": "both", "zona_id": "margorabbia_residuo", "regime": "ordinario_B", "regime_etichetta": "Regime Ordinario B (FIPSAS)", "tipo_acqua": "B", "pesca_consentita": true, "geometria": "LineString", "matrice": {"regime_amministrativo": "fipsas", "regime_amministrativo_etichetta": "FIPSAS", "classificazione_biologica": "B", "classificazione_etichetta": "Cat. B", "modalita": "sponda", "tipo_geometria_normativa": "linea", "eredita": [{"livello": 1, "asse": "classificazione_biologica", "id": "B", "blocco": "ordinario_B"}, {"livello": 1, "asse": "regime_amministrativo", "id": "fipsas", "sostituisce_biologia": false}, {"livello": 2, "asse": "modalita_pesca", "id": "sponda"}, {"livello": 3, "asse": "eccezione_locale", "id": "margorabbia", "chiavi": ["calendario", "prelievo"]}]}, "regole": {"zona_id": "margorabbia_residuo", "zona_nome": "Torrente Margorabbia — Regime Ordinario B (FIPSAS)", "corpo_idrico": "margorabbia", "corpo_nome": "Torrente Margorabbia", "regime": "ordinario_B", "regime_etichetta": "Regime Ordinario B (FIPSAS)", "regime_descrizione": "Acque correnti salmonicole in concessione FIPSAS: prelievo consentito secondo le regole generali del tipo B.", "tipo_acqua": "B", "tipo_acqua_etichetta": "Tipo B (salmonicole)", "pesca_consentita": true, "priorita": 10, "estensione": {"tipo": "residuale", "descrizione": "Fuori dai tagli restrittivi (No-Kill, divieto, riserva)."}, "calendario": {"stagione": {"id": "stagione_B", "etichetta": "Stagione acque di tipo B", "inizio": {"data_ref": "ultima_domenica_febbraio", "riferimento_solare": "alba", "offset_minuti": -60}, "fine": {"data_ref": "prima_domenica_ottobre", "riferimento_solare": "tramonto", "offset_minuti": 60}, "testo": "Dall'ultima domenica di febbraio (1 h prima dell'alba) alla prima domenica di ottobre (1 h dopo il tramonto)", "fonte": {"livello": "testuale", "riferimento": "Regole acque tipo B", "estratto": "da un’ora prima dell’alba dell’ultima domenica di febbraio a un’ora dopo il tramonto della prima domenica di ottobre"}}, "giorni": {"id": "tutti_i_giorni_deroga_tresa", "etichetta": "Tutti i giorni (deroga «Affluenti del fiume Tresa»)", "settimana": ["lun", "mar", "mer", "gio", "ven", "sab", "dom"], "festivi_aggiuntivi": [], "testo": "Tutti i giorni: l'asta del Margorabbia rientra tra gli «Affluenti del fiume Tresa»", "fonte": {"livello": "interpretazione", "riferimento": "Elenco corpi idrici con pesca tutti i giorni", "estratto": "la pesca è consentita tutti i giorni della settimana […] Affluenti del fiume Tresa", "nota": "Il Margorabbia è affluente diretto del Tresa. Il prontuario non scrive «e affluenti» dopo Tresa: la deroga NON si estende agli affluenti del Margorabbia."}}, "fascia_oraria": {"id": "diurna", "etichetta": "Diurna", "da": {"riferimento_solare": "alba", "offset_minuti": -60}, "a": {"riferimento_solare": "tramonto", "offset_minuti": 60}, "testo": "Da 1 h prima dell'alba a 1 h dopo il tramonto", "fonte": {"livello": "testuale", "riferimento": "Regole acque tipo B", "estratto": "da un’ora prima dell’alba a un’ora dopo il tramonto"}}, "periodi_speciali": []}, "attrezzatura": {"attrezzi_ammessi": ["canna"], "canne_max": 1, "esche_max_per_canna": 3, "ami_max_per_canna": null, "ardiglione": "vietato", "spazio_sponda_max_m": null}, "esche": {"consentite": ["naturale", "artificiale"], "vietate": ["cagnotto", "pesce_vivo", "pesce_morto"], "pasturazione": "vietata"}, "tecniche": {"consentite": ["canna_da_riva", "guado"], "vietate": ["pesca_da_ponte", "imbarcazione", "pesca_notturna"], "condizionate": []}, "prelievo": {"tipo": "ordinario", "rilascio_obbligatorio": false, "capi_trattenibili": "secondo limiti di cattura", "specie_sempre_protette_extra": ["temolo"], "limiti_ref": "limiti_cattura", "misure_minime_cm": {"trota_fario": 25, "trota_marmorata": 40, "temolo": 35, "luccio": 60, "persico_reale": 16, "salmerino_alpino": 25}, "specie_protette": ["cobiti", "lasca", "scazzone", "anguilla", "savetta", "barbo canino", "lampreda padana", "pigo", "trota macrostigma", "temolo"], "limiti": {"per_specie": {"luccio": 1, "trota_marmorata": 1, "temolo": 2}, "salmonidi_complessivi": 6, "kg_giornalieri_max": 5, "stop_al_limite": ["luccio", "salmonidi"], "obbligo_recisione_pinna_caudale": ["trote", "luccio", "coregone", "persico reale", "salmerino", "temolo", "siluro"], "fonte": {"livello": "testuale", "riferimento": "par. 4.5–4.6", "estratto": "luccio 1; trota marmorata 1; temolo 2; «6 capi complessivi di trote, salmerini e temoli»; massimo 5 kg/giorno di fauna ittica"}}}, "permessi": {"pacchetto": {"id": "fipsas_acque_B", "etichetta": "Acque correnti di tipo B (FIPSAS)", "richiede_contributo_extra": true, "richiede_tesserino": true, "note": "Non è acqua libera «solo licenza B».", "documenti": [{"id": "licenza_B", "etichetta": "Licenza di pesca tipo B", "costo_eur": 23.0, "ente": "Regione Lombardia (tassa regionale)", "validita": "12 mesi", "esenzioni": ["Residenti in Italia con meno di 18 anni", "Residenti in Italia con più di 65 anni", "Soggetti L. 104/1992 art. 3 (se pescano solo con canna)"], "fonte": {"livello": "testuale", "riferimento": "PESCARE NEI FIUMI/TORRENTI/CANALI", "estratto": "Licenza di pesca tipo B (€ 23,00)"}}, {"id": "tessera_fipsas", "etichetta": "Tessera FIPSAS", "costo_eur": 30.0, "costi_ridotti": [{"costo_eur": 6.0, "condizione": "nati dopo il 01.01.2011"}], "ente": "FIPSAS", "validita": "anno solare", "esenzioni": [], "fonte": {"livello": "testuale", "riferimento": "PESCARE NEI FIUMI/TORRENTI/CANALI", "estratto": "Tessera FIPSAS (€ 30,00; € 6,00 nati dopo il 01.01.2011)"}}, {"id": "contributo_gestione_annuale", "etichetta": "Contributo di gestione annuale FIPSAS Varese", "costo_eur": 30.0, "ente": "FIPSAS Varese (concessionario)", "validita": "anno solare", "ambito": ["acque di tipo B", "pesca da imbarcazione / belly boat", "acque evidenziate in azzurro"], "esenzioni": ["Nati dopo il 01.01.2008", "Disabili L. 104/1992 art. 3 c. 3"], "fonte": {"livello": "testuale", "riferimento": "PESCARE NEI FIUMI/TORRENTI/CANALI", "estratto": "Contributo di gestione annuale a FIPSAS Varese (€ 30,00) — per la pesca da imbarcazione e nelle acque di tipo B"}}, {"id": "tesserino_segnapesci", "etichetta": "Tesserino segnapesci del concessionario", "costo_eur": null, "ente": "FIPSAS Varese", "non_richiesto_se": ["permesso_giornaliero"], "punti_distribuzione": ["GERMIGNAGA PESCA — Piazza 20 Settembre, 29, Germignaga (VA)"], "fonte": {"livello": "testuale", "riferimento": "PESCARE NEI FIUMI/TORRENTI/CANALI", "estratto": "Tesserino segna pesci del Concessionario […] non è obbligatorio per chi utilizza il permesso giornaliero di pesca"}}], "costo_totale_eur": null, "costo_noto_eur": 83.0, "alternativa_non_tesserati": [{"id": "licenza_B", "etichetta": "Licenza di pesca tipo B"}, {"id": "permesso_giornaliero", "etichetta": "Permesso giornaliero (non tesserati FIPSAS)"}]}, "varianti": []}, "vincoli_speciali": [], "interpretazioni": [], "fonti": [{"livello": "testuale", "riferimento": "Regole acque tipo B", "estratto": "L’unico attrezzo ammesso è la canna da pesca. Si può pescare con una sola canna, armata con un massimo di tre esche naturali o artificiali. Gli ami devono essere privi di ardiglione o con ardiglione schiacciato ad eccezione dei tratti individuati come campo gara, dove è ammesso l’utilizzo di ami con ardiglione. Non è ammessa alcuna forma di pasturazione e non è ammesso utilizzare come esca la larva di mosca carnaria (cagnotto) e il pesce vivo, o morto. È proibita la pesca dai ponti e con la barca."}, {"livello": "testuale", "riferimento": "par. 4.4 — tabella periodi di divieto", "estratto": "Temolo: Sempre protetto nel lago di Mezzola e nei torrenti Pioverna e Margorabbia"}, {"livello": "interpretazione", "riferimento": "Elenco corpi idrici con pesca tutti i giorni", "estratto": "la pesca è consentita tutti i giorni della settimana […] Affluenti del fiume Tresa", "nota": "Il Margorabbia è affluente diretto del Tresa. La deroga non si estende agli affluenti del Margorabbia."}], "note_corpo": null, "matrice": {"regime_amministrativo": "fipsas", "regime_amministrativo_etichetta": "FIPSAS", "classificazione_biologica": "B", "classificazione_etichetta": "Cat. B", "modalita": "sponda", "tipo_geometria_normativa": "linea", "eredita": [{"livello": 1, "asse": "classificazione_biologica", "id": "B", "blocco": "ordinario_B"}, {"livello": 1, "asse": "regime_amministrativo", "id": "fipsas", "sostituisce_biologia": false}, {"livello": 2, "asse": "modalita_pesca", "id": "sponda"}, {"livello": 3, "asse": "eccezione_locale", "id": "margorabbia", "chiavi": ["calendario", "prelievo"]}]}}, "fonte_geometria": "reticolo_regionale_lombardia", "nome_regionale": "Margorabbia (Fiume)", "bacino_regionale": "TICINO", "sottobacino": "Lago Maggiore (Verbano)", "cod_ptua16": "IT03N008098035072LO", "natura": "naturale", "lunghezza_m": 1039, "capisaldi_estremi": ["foce_briglia"], "id": "margorabbia_027"}}, {"type": "Feature", "geometry": {"type": "LineString", "coordinates": [[8.734116749015614, 45.991402167322924], [8.73397, 45.9915], [8.73362, 45.99177], [8.73353, 45.99189], [8.73289, 45.99245], [8.73261, 45.99267], [8.73232, 45.99293], [8.73218, 45.9932]]}, "properties": {"nome_tratto": "Torrente Margorabbia", "corpo_idrico": "margorabbia", "corpo_nome": "Torrente Margorabbia", "layer": "base", "segmento_id": null, "bank": "both", "zona_id": "margorabbia_residuo", "regime": "ordinario_B", "regime_etichetta": "Regime Ordinario B (FIPSAS)", "tipo_acqua": "B", "pesca_consentita": true, "geometria": "LineString", "matrice": {"regime_amministrativo": "fipsas", "regime_amministrativo_etichetta": "FIPSAS", "classificazione_biologica": "B", "classificazione_etichetta": "Cat. B", "modalita": "sponda", "tipo_geometria_normativa": "linea", "eredita": [{"livello": 1, "asse": "classificazione_biologica", "id": "B", "blocco": "ordinario_B"}, {"livello": 1, "asse": "regime_amministrativo", "id": "fipsas", "sostituisce_biologia": false}, {"livello": 2, "asse": "modalita_pesca", "id": "sponda"}, {"livello": 3, "asse": "eccezione_locale", "id": "margorabbia", "chiavi": ["calendario", "prelievo"]}]}, "regole": {"zona_id": "margorabbia_residuo", "zona_nome": "Torrente Margorabbia — Regime Ordinario B (FIPSAS)", "corpo_idrico": "margorabbia", "corpo_nome": "Torrente Margorabbia", "regime": "ordinario_B", "regime_etichetta": "Regime Ordinario B (FIPSAS)", "regime_descrizione": "Acque correnti salmonicole in concessione FIPSAS: prelievo consentito secondo le regole generali del tipo B.", "tipo_acqua": "B", "tipo_acqua_etichetta": "Tipo B (salmonicole)", "pesca_consentita": true, "priorita": 10, "estensione": {"tipo": "residuale", "descrizione": "Fuori dai tagli restrittivi (No-Kill, divieto, riserva)."}, "calendario": {"stagione": {"id": "stagione_B", "etichetta": "Stagione acque di tipo B", "inizio": {"data_ref": "ultima_domenica_febbraio", "riferimento_solare": "alba", "offset_minuti": -60}, "fine": {"data_ref": "prima_domenica_ottobre", "riferimento_solare": "tramonto", "offset_minuti": 60}, "testo": "Dall'ultima domenica di febbraio (1 h prima dell'alba) alla prima domenica di ottobre (1 h dopo il tramonto)", "fonte": {"livello": "testuale", "riferimento": "Regole acque tipo B", "estratto": "da un’ora prima dell’alba dell’ultima domenica di febbraio a un’ora dopo il tramonto della prima domenica di ottobre"}}, "giorni": {"id": "tutti_i_giorni_deroga_tresa", "etichetta": "Tutti i giorni (deroga «Affluenti del fiume Tresa»)", "settimana": ["lun", "mar", "mer", "gio", "ven", "sab", "dom"], "festivi_aggiuntivi": [], "testo": "Tutti i giorni: l'asta del Margorabbia rientra tra gli «Affluenti del fiume Tresa»", "fonte": {"livello": "interpretazione", "riferimento": "Elenco corpi idrici con pesca tutti i giorni", "estratto": "la pesca è consentita tutti i giorni della settimana […] Affluenti del fiume Tresa", "nota": "Il Margorabbia è affluente diretto del Tresa. Il prontuario non scrive «e affluenti» dopo Tresa: la deroga NON si estende agli affluenti del Margorabbia."}}, "fascia_oraria": {"id": "diurna", "etichetta": "Diurna", "da": {"riferimento_solare": "alba", "offset_minuti": -60}, "a": {"riferimento_solare": "tramonto", "offset_minuti": 60}, "testo": "Da 1 h prima dell'alba a 1 h dopo il tramonto", "fonte": {"livello": "testuale", "riferimento": "Regole acque tipo B", "estratto": "da un’ora prima dell’alba a un’ora dopo il tramonto"}}, "periodi_speciali": []}, "attrezzatura": {"attrezzi_ammessi": ["canna"], "canne_max": 1, "esche_max_per_canna": 3, "ami_max_per_canna": null, "ardiglione": "vietato", "spazio_sponda_max_m": null}, "esche": {"consentite": ["naturale", "artificiale"], "vietate": ["cagnotto", "pesce_vivo", "pesce_morto"], "pasturazione": "vietata"}, "tecniche": {"consentite": ["canna_da_riva", "guado"], "vietate": ["pesca_da_ponte", "imbarcazione", "pesca_notturna"], "condizionate": []}, "prelievo": {"tipo": "ordinario", "rilascio_obbligatorio": false, "capi_trattenibili": "secondo limiti di cattura", "specie_sempre_protette_extra": ["temolo"], "limiti_ref": "limiti_cattura", "misure_minime_cm": {"trota_fario": 25, "trota_marmorata": 40, "temolo": 35, "luccio": 60, "persico_reale": 16, "salmerino_alpino": 25}, "specie_protette": ["cobiti", "lasca", "scazzone", "anguilla", "savetta", "barbo canino", "lampreda padana", "pigo", "trota macrostigma", "temolo"], "limiti": {"per_specie": {"luccio": 1, "trota_marmorata": 1, "temolo": 2}, "salmonidi_complessivi": 6, "kg_giornalieri_max": 5, "stop_al_limite": ["luccio", "salmonidi"], "obbligo_recisione_pinna_caudale": ["trote", "luccio", "coregone", "persico reale", "salmerino", "temolo", "siluro"], "fonte": {"livello": "testuale", "riferimento": "par. 4.5–4.6", "estratto": "luccio 1; trota marmorata 1; temolo 2; «6 capi complessivi di trote, salmerini e temoli»; massimo 5 kg/giorno di fauna ittica"}}}, "permessi": {"pacchetto": {"id": "fipsas_acque_B", "etichetta": "Acque correnti di tipo B (FIPSAS)", "richiede_contributo_extra": true, "richiede_tesserino": true, "note": "Non è acqua libera «solo licenza B».", "documenti": [{"id": "licenza_B", "etichetta": "Licenza di pesca tipo B", "costo_eur": 23.0, "ente": "Regione Lombardia (tassa regionale)", "validita": "12 mesi", "esenzioni": ["Residenti in Italia con meno di 18 anni", "Residenti in Italia con più di 65 anni", "Soggetti L. 104/1992 art. 3 (se pescano solo con canna)"], "fonte": {"livello": "testuale", "riferimento": "PESCARE NEI FIUMI/TORRENTI/CANALI", "estratto": "Licenza di pesca tipo B (€ 23,00)"}}, {"id": "tessera_fipsas", "etichetta": "Tessera FIPSAS", "costo_eur": 30.0, "costi_ridotti": [{"costo_eur": 6.0, "condizione": "nati dopo il 01.01.2011"}], "ente": "FIPSAS", "validita": "anno solare", "esenzioni": [], "fonte": {"livello": "testuale", "riferimento": "PESCARE NEI FIUMI/TORRENTI/CANALI", "estratto": "Tessera FIPSAS (€ 30,00; € 6,00 nati dopo il 01.01.2011)"}}, {"id": "contributo_gestione_annuale", "etichetta": "Contributo di gestione annuale FIPSAS Varese", "costo_eur": 30.0, "ente": "FIPSAS Varese (concessionario)", "validita": "anno solare", "ambito": ["acque di tipo B", "pesca da imbarcazione / belly boat", "acque evidenziate in azzurro"], "esenzioni": ["Nati dopo il 01.01.2008", "Disabili L. 104/1992 art. 3 c. 3"], "fonte": {"livello": "testuale", "riferimento": "PESCARE NEI FIUMI/TORRENTI/CANALI", "estratto": "Contributo di gestione annuale a FIPSAS Varese (€ 30,00) — per la pesca da imbarcazione e nelle acque di tipo B"}}, {"id": "tesserino_segnapesci", "etichetta": "Tesserino segnapesci del concessionario", "costo_eur": null, "ente": "FIPSAS Varese", "non_richiesto_se": ["permesso_giornaliero"], "punti_distribuzione": ["GERMIGNAGA PESCA — Piazza 20 Settembre, 29, Germignaga (VA)"], "fonte": {"livello": "testuale", "riferimento": "PESCARE NEI FIUMI/TORRENTI/CANALI", "estratto": "Tesserino segna pesci del Concessionario […] non è obbligatorio per chi utilizza il permesso giornaliero di pesca"}}], "costo_totale_eur": null, "costo_noto_eur": 83.0, "alternativa_non_tesserati": [{"id": "licenza_B", "etichetta": "Licenza di pesca tipo B"}, {"id": "permesso_giornaliero", "etichetta": "Permesso giornaliero (non tesserati FIPSAS)"}]}, "varianti": []}, "vincoli_speciali": [], "interpretazioni": [], "fonti": [{"livello": "testuale", "riferimento": "Regole acque tipo B", "estratto": "L’unico attrezzo ammesso è la canna da pesca. Si può pescare con una sola canna, armata con un massimo di tre esche naturali o artificiali. Gli ami devono essere privi di ardiglione o con ardiglione schiacciato ad eccezione dei tratti individuati come campo gara, dove è ammesso l’utilizzo di ami con ardiglione. Non è ammessa alcuna forma di pasturazione e non è ammesso utilizzare come esca la larva di mosca carnaria (cagnotto) e il pesce vivo, o morto. È proibita la pesca dai ponti e con la barca."}, {"livello": "testuale", "riferimento": "par. 4.4 — tabella periodi di divieto", "estratto": "Temolo: Sempre protetto nel lago di Mezzola e nei torrenti Pioverna e Margorabbia"}, {"livello": "interpretazione", "riferimento": "Elenco corpi idrici con pesca tutti i giorni", "estratto": "la pesca è consentita tutti i giorni della settimana […] Affluenti del fiume Tresa", "nota": "Il Margorabbia è affluente diretto del Tresa. La deroga non si estende agli affluenti del Margorabbia."}], "note_corpo": null, "matrice": {"regime_amministrativo": "fipsas", "regime_amministrativo_etichetta": "FIPSAS", "classificazione_biologica": "B", "classificazione_etichetta": "Cat. B", "modalita": "sponda", "tipo_geometria_normativa": "linea", "eredita": [{"livello": 1, "asse": "classificazione_biologica", "id": "B", "blocco": "ordinario_B"}, {"livello": 1, "asse": "regime_amministrativo", "id": "fipsas", "sostituisce_biologia": false}, {"livello": 2, "asse": "modalita_pesca", "id": "sponda"}, {"livello": 3, "asse": "eccezione_locale", "id": "margorabbia", "chiavi": ["calendario", "prelievo"]}]}}, "fonte_geometria": "reticolo_regionale_lombardia", "nome_regionale": "Margorabbia (Fiume)", "bacino_regionale": "TICINO", "sottobacino": "Lago Maggiore (Verbano)", "cod_ptua16": "IT03N008098035072LO", "natura": "naturale", "lunghezza_m": 252, "capisaldi_estremi": ["foce_briglia"], "id": "margorabbia_028"}}, {"type": "Feature", "geometry": {"type": "LineString", "coordinates": [[9.06219, 45.96869], [9.06224, 45.96948], [9.06223, 45.96972], [9.06227, 45.96987], [9.06241, 45.97008], [9.06225, 45.97037], [9.06224, 45.97052], [9.06235, 45.9708], [9.06249, 45.97097], [9.0628, 45.97142], [9.06289, 45.97166], [9.06359, 45.97211], [9.0638, 45.97232], [9.06418, 45.97238], [9.06436, 45.97246], [9.06445, 45.97256], [9.06465, 45.97265], [9.06488, 45.97281], [9.06518, 45.97313], [9.0653, 45.97333], [9.06544, 45.97344], [9.06564, 45.97354], [9.06589, 45.97382], [9.06618, 45.97406], [9.0664, 45.97433], [9.06642, 45.97447], [9.06632, 45.97515], [9.06635, 45.97523], [9.06575, 45.97591], [9.06565, 45.97597], [9.06555, 45.97634], [9.06539, 45.97682], [9.06536, 45.97709], [9.06529, 45.97724], [9.06544, 45.97741], [9.06564, 45.97753], [9.06609, 45.9776], [9.0663, 45.97759], [9.0665, 45.97763], [9.06699, 45.97779], [9.06722, 45.97782], [9.06754, 45.9778], [9.06773, 45.97787], [9.06783, 45.97798], [9.06797, 45.97825], [9.06803, 45.97851], [9.06791, 45.97871], [9.0679, 45.97879], [9.06801, 45.979], [9.06822, 45.97911], [9.06857, 45.97914], [9.06886, 45.97925], [9.069, 45.97937], [9.06913, 45.97966], [9.06922, 45.97979], [9.06965, 45.97988], [9.07003, 45.98001], [9.07062, 45.98038], [9.07071, 45.98054], [9.07061, 45.98066], [9.07056, 45.9807], [9.0704, 45.98102], [9.07042, 45.98134], [9.07052, 45.98165], [9.07038, 45.98196], [9.0704, 45.98209], [9.07038, 45.98242], [9.07046, 45.98264], [9.07049, 45.98325], [9.07044, 45.98344], [9.07023, 45.98384], [9.07017, 45.98406], [9.07024, 45.98455], [9.07038, 45.9847], [9.07051, 45.9849], [9.0705, 45.98509], [9.0704, 45.98527], [9.0704, 45.98554], [9.07035, 45.98579], [9.07007, 45.98605], [9.06993, 45.98623], [9.06959, 45.98636], [9.06945, 45.98646], [9.06935, 45.9867], [9.06938, 45.98695], [9.06947, 45.98738], [9.06946, 45.98767], [9.0697, 45.98774], [9.06999, 45.98796], [9.07023, 45.98799], [9.07084, 45.98795], [9.0712, 45.98808], [9.0714, 45.98829], [9.0714, 45.98857], [9.07151, 45.98898], [9.07164, 45.98916], [9.07185, 45.9892], [9.07208, 45.98932], [9.07252, 45.98951], [9.0729, 45.98964], [9.07318, 45.98977], [9.07328, 45.98993], [9.07325, 45.99003], [9.07308, 45.99019], [9.07288, 45.99032], [9.07282, 45.99047], [9.07295, 45.99058], [9.07326, 45.99069], [9.07337, 45.99085], [9.07326, 45.99103], [9.07347, 45.99125], [9.07339, 45.99138], [9.07317, 45.99152], [9.07317, 45.99165], [9.07331, 45.99175], [9.07378, 45.99185], [9.07457, 45.9919], [9.07483, 45.99196], [9.07487, 45.99212], [9.07482, 45.99238], [9.07461, 45.99308], [9.07466, 45.99312], [9.07515, 45.9933], [9.07535, 45.99348], [9.07559, 45.99388], [9.07581, 45.99403], [9.0767, 45.99426], [9.07724, 45.99433], [9.07745, 45.99431], [9.07765, 45.9941], [9.07788, 45.99396], [9.07813, 45.99397], [9.0783, 45.99406], [9.07853, 45.99423], [9.07877, 45.99433], [9.0791, 45.99442], [9.07949, 45.99457], [9.08036, 45.99532], [9.08076, 45.99574], [9.08099, 45.99595], [9.08112, 45.99612], [9.08121, 45.99633], [9.08126, 45.99672], [9.08131, 45.99749], [9.08129, 45.99761], [9.08115, 45.99783], [9.08087, 45.99814], [9.08082, 45.99839], [9.08091, 45.9985], [9.08114, 45.99848], [9.08126, 45.99852], [9.08142, 45.99875], [9.08147, 45.99891], [9.08144, 45.99913], [9.08154, 45.99943], [9.08139, 45.9997], [9.08133, 46.00002], [9.08136, 46.00023], [9.08155, 46.0004], [9.08166, 46.0006], [9.08177, 46.00069], [9.08192, 46.00069], [9.08203, 46.00079], [9.08222, 46.00107], [9.08239, 46.00137], [9.08254, 46.00146], [9.08267, 46.00162], [9.08281, 46.00184], [9.08295, 46.00196], [9.08342, 46.00244], [9.08353, 46.00254], [9.08378, 46.00285], [9.08424, 46.00332], [9.08441, 46.00355], [9.0846, 46.00374], [9.08468, 46.00389], [9.08485, 46.00408], [9.08501, 46.00437], [9.08523, 46.00469], [9.08524, 46.00497], [9.08512, 46.00513], [9.08487, 46.00529], [9.08474, 46.00544], [9.08465, 46.00563], [9.08454, 46.00604], [9.08457, 46.00609], [9.08488, 46.00624], [9.0851, 46.00629], [9.08528, 46.00651], [9.08539, 46.00698], [9.08534, 46.00732], [9.08535, 46.00786], [9.08499, 46.00902]]}, "properties": {"nome_tratto": "Torrente Telo di Osteno", "corpo_idrico": "telo_osteno", "corpo_nome": "Torrente Telo di Osteno", "layer": "base", "segmento_id": null, "bank": "both", "zona_id": "telo_osteno_residuo", "regime": "ordinario_B", "regime_etichetta": "Regime Ordinario B (FIPSAS)", "tipo_acqua": "B", "pesca_consentita": true, "geometria": "LineString", "matrice": {"regime_amministrativo": "fipsas", "regime_amministrativo_etichetta": "FIPSAS", "classificazione_biologica": "B", "classificazione_etichetta": "Cat. B", "modalita": "sponda", "tipo_geometria_normativa": "linea", "eredita": [{"livello": 1, "asse": "classificazione_biologica", "id": "B", "blocco": "ordinario_B"}, {"livello": 1, "asse": "regime_amministrativo", "id": "fipsas", "sostituisce_biologia": false}, {"livello": 2, "asse": "modalita_pesca", "id": "sponda"}]}, "regole": {"zona_id": "telo_osteno_residuo", "zona_nome": "Torrente Telo di Osteno — Regime Ordinario B (FIPSAS)", "corpo_idrico": "telo_osteno", "corpo_nome": "Torrente Telo di Osteno", "regime": "ordinario_B", "regime_etichetta": "Regime Ordinario B (FIPSAS)", "regime_descrizione": "Acque correnti salmonicole in concessione FIPSAS: prelievo consentito secondo le regole generali del tipo B.", "tipo_acqua": "B", "tipo_acqua_etichetta": "Tipo B (salmonicole)", "pesca_consentita": true, "priorita": 10, "estensione": {"tipo": "residuale", "descrizione": "Fuori dai tagli restrittivi (No-Kill, divieto, riserva)."}, "calendario": {"stagione": {"id": "stagione_B", "etichetta": "Stagione acque di tipo B", "inizio": {"data_ref": "ultima_domenica_febbraio", "riferimento_solare": "alba", "offset_minuti": -60}, "fine": {"data_ref": "prima_domenica_ottobre", "riferimento_solare": "tramonto", "offset_minuti": 60}, "testo": "Dall'ultima domenica di febbraio (1 h prima dell'alba) alla prima domenica di ottobre (1 h dopo il tramonto)", "fonte": {"livello": "testuale", "riferimento": "Regole acque tipo B", "estratto": "da un’ora prima dell’alba dell’ultima domenica di febbraio a un’ora dopo il tramonto della prima domenica di ottobre"}}, "giorni": {"id": "giorni_tipo_B", "etichetta": "Giorni tipo B", "settimana": ["dom", "lun", "gio", "sab"], "festivi_aggiuntivi": ["04-25", "05-01", "06-02", "08-15"], "testo": "Domenica, lunedì, giovedì e sabato + 25/4, 1/5, 2/6, 15/8", "fonte": {"livello": "testuale", "riferimento": "Regole acque tipo B", "estratto": "domenica, lunedì, giovedì e sabato nonché il 25 aprile, il 1° maggio, il 2 giugno e il 15 agosto"}}, "fascia_oraria": {"id": "diurna", "etichetta": "Diurna", "da": {"riferimento_solare": "alba", "offset_minuti": -60}, "a": {"riferimento_solare": "tramonto", "offset_minuti": 60}, "testo": "Da 1 h prima dell'alba a 1 h dopo il tramonto", "fonte": {"livello": "testuale", "riferimento": "Regole acque tipo B", "estratto": "da un’ora prima dell’alba a un’ora dopo il tramonto"}}, "periodi_speciali": []}, "attrezzatura": {"attrezzi_ammessi": ["canna"], "canne_max": 1, "esche_max_per_canna": 3, "ami_max_per_canna": null, "ardiglione": "vietato", "spazio_sponda_max_m": null}, "esche": {"consentite": ["naturale", "artificiale"], "vietate": ["cagnotto", "pesce_vivo", "pesce_morto"], "pasturazione": "vietata"}, "tecniche": {"consentite": ["canna_da_riva", "guado"], "vietate": ["pesca_da_ponte", "imbarcazione", "pesca_notturna"], "condizionate": []}, "prelievo": {"tipo": "ordinario", "rilascio_obbligatorio": false, "capi_trattenibili": "secondo limiti di cattura", "specie_sempre_protette_extra": [], "limiti_ref": "limiti_cattura", "misure_minime_cm": {"trota_fario": 25, "trota_marmorata": 40, "temolo": 35, "luccio": 60, "persico_reale": 16, "salmerino_alpino": 25}, "specie_protette": ["cobiti", "lasca", "scazzone", "anguilla", "savetta", "barbo canino", "lampreda padana", "pigo", "trota macrostigma"], "limiti": {"per_specie": {"luccio": 1, "trota_marmorata": 1, "temolo": 2}, "salmonidi_complessivi": 6, "kg_giornalieri_max": 5, "stop_al_limite": ["luccio", "salmonidi"], "obbligo_recisione_pinna_caudale": ["trote", "luccio", "coregone", "persico reale", "salmerino", "temolo", "siluro"], "fonte": {"livello": "testuale", "riferimento": "par. 4.5–4.6", "estratto": "luccio 1; trota marmorata 1; temolo 2; «6 capi complessivi di trote, salmerini e temoli»; massimo 5 kg/giorno di fauna ittica"}}}, "permessi": {"pacchetto": {"id": "fipsas_acque_B", "etichetta": "Acque correnti di tipo B (FIPSAS)", "richiede_contributo_extra": true, "richiede_tesserino": true, "note": "Non è acqua libera «solo licenza B».", "documenti": [{"id": "licenza_B", "etichetta": "Licenza di pesca tipo B", "costo_eur": 23.0, "ente": "Regione Lombardia (tassa regionale)", "validita": "12 mesi", "esenzioni": ["Residenti in Italia con meno di 18 anni", "Residenti in Italia con più di 65 anni", "Soggetti L. 104/1992 art. 3 (se pescano solo con canna)"], "fonte": {"livello": "testuale", "riferimento": "PESCARE NEI FIUMI/TORRENTI/CANALI", "estratto": "Licenza di pesca tipo B (€ 23,00)"}}, {"id": "tessera_fipsas", "etichetta": "Tessera FIPSAS", "costo_eur": 30.0, "costi_ridotti": [{"costo_eur": 6.0, "condizione": "nati dopo il 01.01.2011"}], "ente": "FIPSAS", "validita": "anno solare", "esenzioni": [], "fonte": {"livello": "testuale", "riferimento": "PESCARE NEI FIUMI/TORRENTI/CANALI", "estratto": "Tessera FIPSAS (€ 30,00; € 6,00 nati dopo il 01.01.2011)"}}, {"id": "contributo_gestione_annuale", "etichetta": "Contributo di gestione annuale FIPSAS Varese", "costo_eur": 30.0, "ente": "FIPSAS Varese (concessionario)", "validita": "anno solare", "ambito": ["acque di tipo B", "pesca da imbarcazione / belly boat", "acque evidenziate in azzurro"], "esenzioni": ["Nati dopo il 01.01.2008", "Disabili L. 104/1992 art. 3 c. 3"], "fonte": {"livello": "testuale", "riferimento": "PESCARE NEI FIUMI/TORRENTI/CANALI", "estratto": "Contributo di gestione annuale a FIPSAS Varese (€ 30,00) — per la pesca da imbarcazione e nelle acque di tipo B"}}, {"id": "tesserino_segnapesci", "etichetta": "Tesserino segnapesci del concessionario", "costo_eur": null, "ente": "FIPSAS Varese", "non_richiesto_se": ["permesso_giornaliero"], "punti_distribuzione": ["GERMIGNAGA PESCA — Piazza 20 Settembre, 29, Germignaga (VA)"], "fonte": {"livello": "testuale", "riferimento": "PESCARE NEI FIUMI/TORRENTI/CANALI", "estratto": "Tesserino segna pesci del Concessionario […] non è obbligatorio per chi utilizza il permesso giornaliero di pesca"}}], "costo_totale_eur": null, "costo_noto_eur": 83.0, "alternativa_non_tesserati": [{"id": "licenza_B", "etichetta": "Licenza di pesca tipo B"}, {"id": "permesso_giornaliero", "etichetta": "Permesso giornaliero (non tesserati FIPSAS)"}]}, "varianti": []}, "vincoli_speciali": [], "interpretazioni": [], "fonti": [{"livello": "testuale", "riferimento": "Regole acque tipo B", "estratto": "L’unico attrezzo ammesso è la canna da pesca. Si può pescare con una sola canna, armata con un massimo di tre esche naturali o artificiali. Gli ami devono essere privi di ardiglione o con ardiglione schiacciato ad eccezione dei tratti individuati come campo gara, dove è ammesso l’utilizzo di ami con ardiglione. Non è ammessa alcuna forma di pasturazione e non è ammesso utilizzare come esca la larva di mosca carnaria (cagnotto) e il pesce vivo, o morto. È proibita la pesca dai ponti e con la barca."}], "note_corpo": "Way OSM 195989294 più il moncone 195989292. L'asta si ferma a monte della riva: l'ultimo corso fino al lago è il Torrente Lirone. La foce confermata è quella del Lirone. Non è il Telo di Argegno. Il campo gara non si cartografa.", "matrice": {"regime_amministrativo": "fipsas", "regime_amministrativo_etichetta": "FIPSAS", "classificazione_biologica": "B", "classificazione_etichetta": "Cat. B", "modalita": "sponda", "tipo_geometria_normativa": "linea", "eredita": [{"livello": 1, "asse": "classificazione_biologica", "id": "B", "blocco": "ordinario_B"}, {"livello": 1, "asse": "regime_amministrativo", "id": "fipsas", "sostituisce_biologia": false}, {"livello": 2, "asse": "modalita_pesca", "id": "sponda"}]}}, "fonte_geometria": "reticolo_regionale_lombardia", "nome_regionale": "Telo di Osteno (Torrente)", "bacino_regionale": "TICINO", "sottobacino": "Lago di Lugano (Ceresio)", "cod_ptua16": "IT03N00809803505071LO", "natura": "naturale", "lunghezza_m": 5827, "capisaldi_estremi": [], "id": "telo_osteno_029"}}, {"type": "Feature", "geometry": {"type": "LineString", "coordinates": [[8.83218, 45.9876], [8.83191, 45.98774], [8.83163, 45.98779], [8.83109, 45.98779], [8.8306, 45.98765], [8.83028, 45.98758], [8.82988, 45.98758], [8.82905, 45.98755], [8.82856, 45.98756]]}, "properties": {"nome_tratto": "Fiume Tresa", "corpo_idrico": "tresa", "corpo_nome": "Fiume Tresa", "layer": "base", "segmento_id": null, "bank": "both", "zona_id": "tresa_residuo", "regime": "cispp", "regime_etichetta": "Regime CISPP (Commissione italo-svizzera)", "tipo_acqua": "C", "pesca_consentita": true, "geometria": "LineString", "matrice": {"regime_amministrativo": "italo_svizzera", "regime_amministrativo_etichetta": "Italo-Svizzera", "classificazione_biologica": "C", "classificazione_etichetta": "Cat. C", "modalita": "sponda", "tipo_geometria_normativa": "linea", "eredita": [{"livello": 1, "asse": "regime_amministrativo", "id": "italo_svizzera", "blocco": "cispp_fiume", "sostituisce_biologia": true}, {"livello": 1, "asse": "classificazione_biologica", "id": "C", "ruolo": "attributo parallelo, non operativo"}, {"livello": 2, "asse": "modalita_pesca", "id": "sponda"}]}, "regole": {"zona_id": "tresa_residuo", "zona_nome": "Fiume Tresa — Regime CISPP (Commissione italo-svizzera)", "corpo_idrico": "tresa", "corpo_nome": "Fiume Tresa", "regime": "cispp", "regime_etichetta": "Regime CISPP (Commissione italo-svizzera)", "regime_descrizione": "Acque regolate dalla Convenzione italo-svizzera: regole diverse dal cap. 4 del prontuario.", "tipo_acqua": "C", "tipo_acqua_etichetta": "Tipo C (ciprinicole)", "pesca_consentita": true, "priorita": 10, "estensione": {"tipo": "residuale", "descrizione": "Fuori dai tagli restrittivi (No-Kill, divieto, riserva)."}, "calendario": {"stagione": {"id": "rinvio_cispp", "etichetta": "Calendario CISPP", "inizio": null, "fine": null, "rinvio_esterno": "https://www.cispp.org/", "testo": "Calendario stabilito dal Regolamento di applicazione CISPP (in vigore dal 1° gennaio 2025)", "fonte": {"livello": "testuale", "riferimento": "Premessa cap. 4", "estratto": "Nel Verbano, nel Ceresio e nel fiume Tresa, la pesca è regolamentata in modo differente"}}, "giorni": {"id": "tutti_i_giorni", "etichetta": "Tutti i giorni", "settimana": ["lun", "mar", "mer", "gio", "ven", "sab", "dom"], "festivi_aggiuntivi": [], "testo": "Tutti i giorni della settimana", "fonte": {"livello": "derivata", "riferimento": "", "estratto": ""}}, "fascia_oraria": {"id": "rinvio_cispp", "etichetta": "Orari CISPP", "da": null, "a": null, "rinvio_esterno": "https://www.cispp.org/", "testo": "Pesca notturna solo nei tratti CISPP specifici del Tresa", "fonte": {"livello": "testuale", "riferimento": "Regolamento CISPP (sintesi prontuario)", "estratto": "Pesca notturna solo in tratti CISPP specifici"}}, "periodi_speciali": []}, "attrezzatura": {"attrezzi_ammessi": ["canna"], "canne_max": 1, "esche_max_per_canna": null, "ami_max_per_canna": 5, "ardiglione": "ammesso", "spazio_sponda_max_m": null}, "esche": {"consentite": ["naturale", "artificiale"], "vietate": ["sangue", "uova_di_pesce"], "pasturazione": "vietata"}, "tecniche": {"consentite": ["canna_da_riva"], "vietate": ["imbarcazione", "guado"], "condizionate": []}, "prelievo": {"tipo": "ordinario", "rilascio_obbligatorio": false, "capi_trattenibili": "secondo Regolamento CISPP", "specie_sempre_protette_extra": ["trota_marmorata"], "limiti_ref": null, "misure_minime_cm": {"trota_fario": 25, "trota_marmorata": 40, "temolo": 35, "luccio": 60, "persico_reale": 16, "salmerino_alpino": 25}, "specie_protette": ["cobiti", "lasca", "scazzone", "anguilla", "savetta", "barbo canino", "lampreda padana", "pigo", "trota macrostigma", "trota_marmorata"]}, "permessi": {"pacchetto": {"id": "cispp_tresa", "etichetta": "Fiume Tresa (concessione Bacino 5 + regole CISPP)", "richiede_contributo_extra": null, "richiede_tesserino": true, "note": "Il prontuario non riporta una scheda permessi dedicata al Tresa: verificare con il concessionario.", "documenti": [{"id": "licenza_B", "etichetta": "Licenza di pesca tipo B", "costo_eur": 23.0, "ente": "Regione Lombardia (tassa regionale)", "validita": "12 mesi", "esenzioni": ["Residenti in Italia con meno di 18 anni", "Residenti in Italia con più di 65 anni", "Soggetti L. 104/1992 art. 3 (se pescano solo con canna)"], "fonte": {"livello": "testuale", "riferimento": "PESCARE NEI FIUMI/TORRENTI/CANALI", "estratto": "Licenza di pesca tipo B (€ 23,00)"}}, {"id": "tessera_fipsas", "etichetta": "Tessera FIPSAS", "costo_eur": 30.0, "costi_ridotti": [{"costo_eur": 6.0, "condizione": "nati dopo il 01.01.2011"}], "ente": "FIPSAS", "validita": "anno solare", "esenzioni": [], "fonte": {"livello": "testuale", "riferimento": "PESCARE NEI FIUMI/TORRENTI/CANALI", "estratto": "Tessera FIPSAS (€ 30,00; € 6,00 nati dopo il 01.01.2011)"}}, {"id": "tesserino_segnapesci", "etichetta": "Tesserino segnapesci del concessionario", "costo_eur": null, "ente": "FIPSAS Varese", "non_richiesto_se": ["permesso_giornaliero"], "punti_distribuzione": ["GERMIGNAGA PESCA — Piazza 20 Settembre, 29, Germignaga (VA)"], "fonte": {"livello": "testuale", "riferimento": "PESCARE NEI FIUMI/TORRENTI/CANALI", "estratto": "Tesserino segna pesci del Concessionario […] non è obbligatorio per chi utilizza il permesso giornaliero di pesca"}}], "costo_totale_eur": null, "costo_noto_eur": 53.0, "alternativa_non_tesserati": null}, "varianti": []}, "vincoli_speciali": [], "interpretazioni": [{"campo": "tecniche.vietate.guado", "nota": "«solo da riva» è stato tradotto come divieto di guado."}, {"campo": "bank", "nota": "La sponda svizzera è esclusa. Si regola solo la sponda italiana. bank both non autorizza la sponda svizzera: il clip non ha isolato una pezza interamente svizzera su quel tratto."}, {"campo": "foce_verbano", "nota": "Il divieto di foce del Tresa immissario sta nel Verbano. Rinviato alla fase Lago Maggiore: non è un caposaldo di questa mappa del Ceresio."}], "fonti": [{"livello": "testuale", "riferimento": "Regolamento CISPP (sintesi prontuario)", "estratto": "pesca «solo da riva» con «una sola canna per pescatore, armata con un massimo di 5 ami»; vietati sangue e uova di pesce come esca; vietata ogni pasturazione. «Nel fiume Tresa è sempre vietata anche la cattura e la detenzione della trota marmorata.»"}, {"livello": "testuale", "riferimento": "par. 4.10", "estratto": "Acque di tipo C […] fiume Tresa"}, {"livello": "testuale", "riferimento": "cap. 5 — Fiume Tresa", "estratto": "Solo da riva, una canna, massimo 5 ami, su tutto il corso compreso il bacino di Creva. Vietati sangue, uova di pesce e pasturazione. Marmorata sempre protetta."}], "note_corpo": "Italo-svizzera, tipo C. Si tiene l'asse solo dove la sponda è italiana: bank left/right/both è calcolato verso valle, non fissato a priori. La foce nel Verbano è un divieto sullo specchio del Maggiore, non un taglio del Ceresio.", "matrice": {"regime_amministrativo": "italo_svizzera", "regime_amministrativo_etichetta": "Italo-Svizzera", "classificazione_biologica": "C", "classificazione_etichetta": "Cat. C", "modalita": "sponda", "tipo_geometria_normativa": "linea", "eredita": [{"livello": 1, "asse": "regime_amministrativo", "id": "italo_svizzera", "blocco": "cispp_fiume", "sostituisce_biologia": true}, {"livello": 1, "asse": "classificazione_biologica", "id": "C", "ruolo": "attributo parallelo, non operativo"}, {"livello": 2, "asse": "modalita_pesca", "id": "sponda"}]}}, "fonte_geometria": "reticolo_regionale_lombardia", "nome_regionale": "Tresa (Fiume)", "bacino_regionale": "TICINO", "sottobacino": "Lago Maggiore (Verbano)", "cod_ptua16": "IT03N0080980351IN", "natura": "naturale", "lunghezza_m": 290, "capisaldi_estremi": [], "id": "tresa_030"}}, {"type": "Feature", "geometry": {"type": "LineString", "coordinates": [[8.82998, 45.98841], [8.83096, 45.98837], [8.8313, 45.98828], [8.83147, 45.98828], [8.83169, 45.98822], [8.83124, 45.98816], [8.83069, 45.9882], [8.83041, 45.98825], [8.82998, 45.98841], [8.82952, 45.98837], [8.82936, 45.9883], [8.82913, 45.98808], [8.82873, 45.9878], [8.82856, 45.98756], [8.82761, 45.98729], [8.82733, 45.98725], [8.82698, 45.98725], [8.82665, 45.98734], [8.82604, 45.98755], [8.82549, 45.98774], [8.82518, 45.98779], [8.82456, 45.98804], [8.82423, 45.98809], [8.82369, 45.98815], [8.82332, 45.98814], [8.82293, 45.988], [8.82259, 45.98783], [8.82235, 45.98767], [8.82186, 45.98749], [8.82166, 45.98729], [8.82141, 45.98728], [8.82103, 45.98729], [8.8204, 45.98735], [8.82018, 45.9874], [8.81958, 45.98747], [8.81927, 45.98745], [8.8188, 45.98757], [8.81836, 45.98775], [8.81763, 45.98803], [8.81692, 45.98837], [8.81644, 45.98867], [8.81626, 45.98882], [8.816, 45.98909], [8.8147, 45.98986], [8.8144, 45.99005], [8.81389, 45.99031], [8.81361, 45.99041], [8.81321, 45.99048], [8.81293, 45.99047], [8.81258, 45.99036], [8.8122, 45.99014], [8.81186, 45.98997], [8.81133, 45.98984], [8.81122, 45.98984], [8.81076, 45.98976], [8.81058, 45.98978], [8.8098, 45.98976], [8.80972, 45.98978], [8.80916, 45.99005], [8.80781, 45.99066], [8.80748, 45.99071], [8.80696, 45.99074], [8.80677, 45.99078], [8.80644, 45.99077], [8.80628, 45.99082], [8.80605, 45.99079], [8.80585, 45.99083], [8.80494, 45.99095], [8.8031, 45.9911], [8.80254, 45.99112], [8.80136, 45.9911], [8.80033, 45.99114], [8.79939, 45.99119], [8.79861, 45.99137], [8.79777, 45.9917], [8.79729, 45.99183], [8.79614, 45.99199], [8.79562, 45.99199], [8.79525, 45.99201], [8.79423, 45.99199], [8.794, 45.99203], [8.79341, 45.99201], [8.79293, 45.99197], [8.7927, 45.99192], [8.79243, 45.99173], [8.79241, 45.99147], [8.79247, 45.99074], [8.79257, 45.98992], [8.7925, 45.98967], [8.79238, 45.98945], [8.79209, 45.9893], [8.79166, 45.98914], [8.79148, 45.98904], [8.79122, 45.98882], [8.79104, 45.98871], [8.79034, 45.98841], [8.79011, 45.98837], [8.78975, 45.98841], [8.78924, 45.98855], [8.78899, 45.98866], [8.78803, 45.98886], [8.78775, 45.98887], [8.78733, 45.98885], [8.78646, 45.98895], [8.78578, 45.98908], [8.78527, 45.98923], [8.78483, 45.98945], [8.78456, 45.98966], [8.78439, 45.98972], [8.784366427744125, 45.98974222526982]]}, "properties": {"nome_tratto": "Fiume Tresa", "corpo_idrico": "tresa", "corpo_nome": "Fiume Tresa", "layer": "base", "segmento_id": null, "bank": "both", "zona_id": "tresa_residuo", "regime": "cispp", "regime_etichetta": "Regime CISPP (Commissione italo-svizzera)", "tipo_acqua": "C", "pesca_consentita": true, "geometria": "LineString", "matrice": {"regime_amministrativo": "italo_svizzera", "regime_amministrativo_etichetta": "Italo-Svizzera", "classificazione_biologica": "C", "classificazione_etichetta": "Cat. C", "modalita": "sponda", "tipo_geometria_normativa": "linea", "eredita": [{"livello": 1, "asse": "regime_amministrativo", "id": "italo_svizzera", "blocco": "cispp_fiume", "sostituisce_biologia": true}, {"livello": 1, "asse": "classificazione_biologica", "id": "C", "ruolo": "attributo parallelo, non operativo"}, {"livello": 2, "asse": "modalita_pesca", "id": "sponda"}]}, "regole": {"zona_id": "tresa_residuo", "zona_nome": "Fiume Tresa — Regime CISPP (Commissione italo-svizzera)", "corpo_idrico": "tresa", "corpo_nome": "Fiume Tresa", "regime": "cispp", "regime_etichetta": "Regime CISPP (Commissione italo-svizzera)", "regime_descrizione": "Acque regolate dalla Convenzione italo-svizzera: regole diverse dal cap. 4 del prontuario.", "tipo_acqua": "C", "tipo_acqua_etichetta": "Tipo C (ciprinicole)", "pesca_consentita": true, "priorita": 10, "estensione": {"tipo": "residuale", "descrizione": "Fuori dai tagli restrittivi (No-Kill, divieto, riserva)."}, "calendario": {"stagione": {"id": "rinvio_cispp", "etichetta": "Calendario CISPP", "inizio": null, "fine": null, "rinvio_esterno": "https://www.cispp.org/", "testo": "Calendario stabilito dal Regolamento di applicazione CISPP (in vigore dal 1° gennaio 2025)", "fonte": {"livello": "testuale", "riferimento": "Premessa cap. 4", "estratto": "Nel Verbano, nel Ceresio e nel fiume Tresa, la pesca è regolamentata in modo differente"}}, "giorni": {"id": "tutti_i_giorni", "etichetta": "Tutti i giorni", "settimana": ["lun", "mar", "mer", "gio", "ven", "sab", "dom"], "festivi_aggiuntivi": [], "testo": "Tutti i giorni della settimana", "fonte": {"livello": "derivata", "riferimento": "", "estratto": ""}}, "fascia_oraria": {"id": "rinvio_cispp", "etichetta": "Orari CISPP", "da": null, "a": null, "rinvio_esterno": "https://www.cispp.org/", "testo": "Pesca notturna solo nei tratti CISPP specifici del Tresa", "fonte": {"livello": "testuale", "riferimento": "Regolamento CISPP (sintesi prontuario)", "estratto": "Pesca notturna solo in tratti CISPP specifici"}}, "periodi_speciali": []}, "attrezzatura": {"attrezzi_ammessi": ["canna"], "canne_max": 1, "esche_max_per_canna": null, "ami_max_per_canna": 5, "ardiglione": "ammesso", "spazio_sponda_max_m": null}, "esche": {"consentite": ["naturale", "artificiale"], "vietate": ["sangue", "uova_di_pesce"], "pasturazione": "vietata"}, "tecniche": {"consentite": ["canna_da_riva"], "vietate": ["imbarcazione", "guado"], "condizionate": []}, "prelievo": {"tipo": "ordinario", "rilascio_obbligatorio": false, "capi_trattenibili": "secondo Regolamento CISPP", "specie_sempre_protette_extra": ["trota_marmorata"], "limiti_ref": null, "misure_minime_cm": {"trota_fario": 25, "trota_marmorata": 40, "temolo": 35, "luccio": 60, "persico_reale": 16, "salmerino_alpino": 25}, "specie_protette": ["cobiti", "lasca", "scazzone", "anguilla", "savetta", "barbo canino", "lampreda padana", "pigo", "trota macrostigma", "trota_marmorata"]}, "permessi": {"pacchetto": {"id": "cispp_tresa", "etichetta": "Fiume Tresa (concessione Bacino 5 + regole CISPP)", "richiede_contributo_extra": null, "richiede_tesserino": true, "note": "Il prontuario non riporta una scheda permessi dedicata al Tresa: verificare con il concessionario.", "documenti": [{"id": "licenza_B", "etichetta": "Licenza di pesca tipo B", "costo_eur": 23.0, "ente": "Regione Lombardia (tassa regionale)", "validita": "12 mesi", "esenzioni": ["Residenti in Italia con meno di 18 anni", "Residenti in Italia con più di 65 anni", "Soggetti L. 104/1992 art. 3 (se pescano solo con canna)"], "fonte": {"livello": "testuale", "riferimento": "PESCARE NEI FIUMI/TORRENTI/CANALI", "estratto": "Licenza di pesca tipo B (€ 23,00)"}}, {"id": "tessera_fipsas", "etichetta": "Tessera FIPSAS", "costo_eur": 30.0, "costi_ridotti": [{"costo_eur": 6.0, "condizione": "nati dopo il 01.01.2011"}], "ente": "FIPSAS", "validita": "anno solare", "esenzioni": [], "fonte": {"livello": "testuale", "riferimento": "PESCARE NEI FIUMI/TORRENTI/CANALI", "estratto": "Tessera FIPSAS (€ 30,00; € 6,00 nati dopo il 01.01.2011)"}}, {"id": "tesserino_segnapesci", "etichetta": "Tesserino segnapesci del concessionario", "costo_eur": null, "ente": "FIPSAS Varese", "non_richiesto_se": ["permesso_giornaliero"], "punti_distribuzione": ["GERMIGNAGA PESCA — Piazza 20 Settembre, 29, Germignaga (VA)"], "fonte": {"livello": "testuale", "riferimento": "PESCARE NEI FIUMI/TORRENTI/CANALI", "estratto": "Tesserino segna pesci del Concessionario […] non è obbligatorio per chi utilizza il permesso giornaliero di pesca"}}], "costo_totale_eur": null, "costo_noto_eur": 53.0, "alternativa_non_tesserati": null}, "varianti": []}, "vincoli_speciali": [], "interpretazioni": [{"campo": "tecniche.vietate.guado", "nota": "«solo da riva» è stato tradotto come divieto di guado."}, {"campo": "bank", "nota": "La sponda svizzera è esclusa. Si regola solo la sponda italiana. bank both non autorizza la sponda svizzera: il clip non ha isolato una pezza interamente svizzera su quel tratto."}, {"campo": "foce_verbano", "nota": "Il divieto di foce del Tresa immissario sta nel Verbano. Rinviato alla fase Lago Maggiore: non è un caposaldo di questa mappa del Ceresio."}], "fonti": [{"livello": "testuale", "riferimento": "Regolamento CISPP (sintesi prontuario)", "estratto": "pesca «solo da riva» con «una sola canna per pescatore, armata con un massimo di 5 ami»; vietati sangue e uova di pesce come esca; vietata ogni pasturazione. «Nel fiume Tresa è sempre vietata anche la cattura e la detenzione della trota marmorata.»"}, {"livello": "testuale", "riferimento": "par. 4.10", "estratto": "Acque di tipo C […] fiume Tresa"}, {"livello": "testuale", "riferimento": "cap. 5 — Fiume Tresa", "estratto": "Solo da riva, una canna, massimo 5 ami, su tutto il corso compreso il bacino di Creva. Vietati sangue, uova di pesce e pasturazione. Marmorata sempre protetta."}], "note_corpo": "Italo-svizzera, tipo C. Si tiene l'asse solo dove la sponda è italiana: bank left/right/both è calcolato verso valle, non fissato a priori. La foce nel Verbano è un divieto sullo specchio del Maggiore, non un taglio del Ceresio.", "matrice": {"regime_amministrativo": "italo_svizzera", "regime_amministrativo_etichetta": "Italo-Svizzera", "classificazione_biologica": "C", "classificazione_etichetta": "Cat. C", "modalita": "sponda", "tipo_geometria_normativa": "linea", "eredita": [{"livello": 1, "asse": "regime_amministrativo", "id": "italo_svizzera", "blocco": "cispp_fiume", "sostituisce_biologia": true}, {"livello": 1, "asse": "classificazione_biologica", "id": "C", "ruolo": "attributo parallelo, non operativo"}, {"livello": 2, "asse": "modalita_pesca", "id": "sponda"}]}}, "fonte_geometria": "reticolo_regionale_lombardia", "nome_regionale": "Tresa (Fiume)", "bacino_regionale": "TICINO", "sottobacino": "Lago Maggiore (Verbano)", "cod_ptua16": "IT03N0080980351IN", "natura": "naturale", "lunghezza_m": 4439, "capisaldi_estremi": ["ponte_biviglione"], "id": "tresa_031"}}, {"type": "Feature", "geometry": {"type": "LineString", "coordinates": [[8.784366427744125, 45.98974222526982], [8.78404, 45.99005], [8.78396, 45.99026], [8.78384, 45.99048], [8.78381, 45.99064], [8.78383, 45.99112], [8.78401, 45.9914], [8.78427, 45.99165], [8.78428, 45.99193], [8.78437, 45.99218], [8.78436, 45.99236], [8.78426, 45.99253], [8.78428, 45.99268], [8.78418, 45.9928], [8.78392, 45.99294], [8.78373, 45.99297], [8.78352, 45.99295], [8.78321, 45.99289], [8.783, 45.99294], [8.78271, 45.99296], [8.78231, 45.99307], [8.78198, 45.99308], [8.78169, 45.9931], [8.78119, 45.99322], [8.78079, 45.99325], [8.78029, 45.99331], [8.77971, 45.99332], [8.77914, 45.99344], [8.77844, 45.99355], [8.77784, 45.99366], [8.77718, 45.9936], [8.77684, 45.99333], [8.77664, 45.99313], [8.77638, 45.99265], [8.77628, 45.99252], [8.77576, 45.992], [8.77537, 45.99173], [8.77496, 45.99152], [8.77454, 45.99139], [8.77409, 45.9913], [8.7732, 45.99137], [8.77281, 45.99146], [8.77251, 45.99159], [8.77224, 45.99166], [8.7719, 45.99168], [8.77172, 45.99176], [8.7715, 45.99194], [8.77073, 45.9924], [8.77049, 45.9924], [8.77026, 45.99231], [8.76999, 45.99199], [8.7698, 45.99186], [8.76932, 45.99172], [8.76884, 45.99171], [8.76864, 45.99172], [8.76822, 45.99164], [8.76763, 45.99155], [8.7673, 45.99158], [8.76695, 45.99153], [8.766741716464276, 45.99143357243717]]}, "properties": {"nome_tratto": "Tresa — notturna bottatrice diga di Creva / Biviglione", "corpo_idrico": "tresa", "corpo_nome": "Fiume Tresa", "layer": "base", "segmento_id": "tresa_notturna_bottatrice", "bank": "left", "zona_id": "tresa_notturna_bottatrice", "regime": "cispp", "regime_etichetta": "Regime CISPP (Commissione italo-svizzera)", "tipo_acqua": "C", "pesca_consentita": true, "geometria": "LineString", "matrice": {"regime_amministrativo": "italo_svizzera", "regime_amministrativo_etichetta": "Italo-Svizzera", "classificazione_biologica": "C", "classificazione_etichetta": "Cat. C", "modalita": "sponda", "tipo_geometria_normativa": "linea", "eredita": [{"livello": 1, "asse": "regime_amministrativo", "id": "italo_svizzera", "blocco": "cispp_fiume", "sostituisce_biologia": true}, {"livello": 1, "asse": "classificazione_biologica", "id": "C", "ruolo": "attributo parallelo, non operativo"}, {"livello": 2, "asse": "modalita_pesca", "id": "sponda"}, {"livello": 4, "asse": "segmento", "id": "tresa_notturna_bottatrice", "effetto": "taglio"}]}, "regole": {"zona_id": "tresa_notturna_bottatrice", "zona_nome": "Tresa — notturna bottatrice diga di Creva / Biviglione", "corpo_idrico": "tresa", "corpo_nome": "Fiume Tresa", "regime": "cispp", "regime_etichetta": "Regime CISPP (Commissione italo-svizzera)", "regime_descrizione": "Acque regolate dalla Convenzione italo-svizzera: regole diverse dal cap. 4 del prontuario.", "tipo_acqua": "C", "tipo_acqua_etichetta": "Tipo C (ciprinicole)", "pesca_consentita": true, "priorita": 40, "estensione": {"tipo": "tratto", "descrizione": "Dalla diga di Creva verso monte fino al ponte di ferro di Biviglione, e nel bacino artificiale di Creva. Solo bottatrice.", "comuni": ["Luino"]}, "calendario": {"stagione": {"id": "rinvio_cispp", "etichetta": "Calendario CISPP", "inizio": null, "fine": null, "rinvio_esterno": "https://www.cispp.org/", "testo": "Calendario stabilito dal Regolamento di applicazione CISPP (in vigore dal 1° gennaio 2025)", "fonte": {"livello": "testuale", "riferimento": "Premessa cap. 4", "estratto": "Nel Verbano, nel Ceresio e nel fiume Tresa, la pesca è regolamentata in modo differente"}}, "giorni": {"id": "tutti_i_giorni", "etichetta": "Tutti i giorni", "settimana": ["lun", "mar", "mer", "gio", "ven", "sab", "dom"], "festivi_aggiuntivi": [], "testo": "Tutti i giorni della settimana", "fonte": {"livello": "derivata", "riferimento": "", "estratto": ""}}, "fascia_oraria": {"id": "rinvio_cispp", "etichetta": "Orari CISPP", "da": null, "a": null, "rinvio_esterno": "https://www.cispp.org/", "testo": "Pesca notturna solo nei tratti CISPP specifici del Tresa", "fonte": {"livello": "testuale", "riferimento": "Regolamento CISPP (sintesi prontuario)", "estratto": "Pesca notturna solo in tratti CISPP specifici"}}, "periodi_speciali": []}, "attrezzatura": {"attrezzi_ammessi": ["canna"], "canne_max": 1, "esche_max_per_canna": null, "ami_max_per_canna": 5, "ardiglione": "ammesso", "spazio_sponda_max_m": null}, "esche": {"consentite": ["naturale", "artificiale"], "vietate": ["sangue", "uova_di_pesce"], "pasturazione": "vietata"}, "tecniche": {"consentite": ["canna_da_riva", "pesca_notturna"], "vietate": ["imbarcazione", "guado"], "condizionate": []}, "prelievo": {"tipo": "ordinario", "rilascio_obbligatorio": false, "capi_trattenibili": "secondo Regolamento CISPP", "specie_sempre_protette_extra": ["trota_marmorata"], "limiti_ref": null, "misure_minime_cm": {"trota_fario": 25, "trota_marmorata": 40, "temolo": 35, "luccio": 60, "persico_reale": 16, "salmerino_alpino": 25}, "specie_protette": ["cobiti", "lasca", "scazzone", "anguilla", "savetta", "barbo canino", "lampreda padana", "pigo", "trota macrostigma", "trota_marmorata"]}, "permessi": {"pacchetto": {"id": "cispp_tresa", "etichetta": "Fiume Tresa (concessione Bacino 5 + regole CISPP)", "richiede_contributo_extra": null, "richiede_tesserino": true, "note": "Il prontuario non riporta una scheda permessi dedicata al Tresa: verificare con il concessionario.", "documenti": [{"id": "licenza_B", "etichetta": "Licenza di pesca tipo B", "costo_eur": 23.0, "ente": "Regione Lombardia (tassa regionale)", "validita": "12 mesi", "esenzioni": ["Residenti in Italia con meno di 18 anni", "Residenti in Italia con più di 65 anni", "Soggetti L. 104/1992 art. 3 (se pescano solo con canna)"], "fonte": {"livello": "testuale", "riferimento": "PESCARE NEI FIUMI/TORRENTI/CANALI", "estratto": "Licenza di pesca tipo B (€ 23,00)"}}, {"id": "tessera_fipsas", "etichetta": "Tessera FIPSAS", "costo_eur": 30.0, "costi_ridotti": [{"costo_eur": 6.0, "condizione": "nati dopo il 01.01.2011"}], "ente": "FIPSAS", "validita": "anno solare", "esenzioni": [], "fonte": {"livello": "testuale", "riferimento": "PESCARE NEI FIUMI/TORRENTI/CANALI", "estratto": "Tessera FIPSAS (€ 30,00; € 6,00 nati dopo il 01.01.2011)"}}, {"id": "tesserino_segnapesci", "etichetta": "Tesserino segnapesci del concessionario", "costo_eur": null, "ente": "FIPSAS Varese", "non_richiesto_se": ["permesso_giornaliero"], "punti_distribuzione": ["GERMIGNAGA PESCA — Piazza 20 Settembre, 29, Germignaga (VA)"], "fonte": {"livello": "testuale", "riferimento": "PESCARE NEI FIUMI/TORRENTI/CANALI", "estratto": "Tesserino segna pesci del Concessionario […] non è obbligatorio per chi utilizza il permesso giornaliero di pesca"}}], "costo_totale_eur": null, "costo_noto_eur": 53.0, "alternativa_non_tesserati": null}, "varianti": []}, "vincoli_speciali": [{"id": "solo_bottatrice", "testo": "La pesca notturna in questo tratto è consentita esclusivamente per la bottatrice.", "livello": "testuale"}], "interpretazioni": [{"campo": "tecniche.vietate.guado", "nota": "«solo da riva» è stato tradotto come divieto di guado."}, {"campo": "bank", "nota": "La sponda svizzera è esclusa. Si regola solo la sponda italiana. bank both non autorizza la sponda svizzera: il clip non ha isolato una pezza interamente svizzera su quel tratto."}, {"campo": "foce_verbano", "nota": "Il divieto di foce del Tresa immissario sta nel Verbano. Rinviato alla fase Lago Maggiore: non è un caposaldo di questa mappa del Ceresio."}], "fonti": [{"livello": "testuale", "riferimento": "Regolamento CISPP (sintesi prontuario)", "estratto": "pesca «solo da riva» con «una sola canna per pescatore, armata con un massimo di 5 ami»; vietati sangue e uova di pesce come esca; vietata ogni pasturazione. «Nel fiume Tresa è sempre vietata anche la cattura e la detenzione della trota marmorata.»"}, {"livello": "testuale", "riferimento": "par. 4.10", "estratto": "Acque di tipo C […] fiume Tresa"}, {"livello": "testuale", "riferimento": "cap. 5 — Fiume Tresa", "estratto": "Solo da riva, una canna, massimo 5 ami, su tutto il corso compreso il bacino di Creva. Vietati sangue, uova di pesce e pasturazione. Marmorata sempre protetta."}, {"livello": "testuale", "riferimento": "cap. 5 — Pesca notturna Tresa", "estratto": "La pesca notturna è consentita, esclusivamente per bottatrice, a monte dello sbarramento della diga di Creva fino al ponte di ferro in località Biviglione e nel bacino artificiale stesso."}], "note_corpo": "Italo-svizzera, tipo C. Si tiene l'asse solo dove la sponda è italiana: bank left/right/both è calcolato verso valle, non fissato a priori. La foce nel Verbano è un divieto sullo specchio del Maggiore, non un taglio del Ceresio.", "matrice": {"regime_amministrativo": "italo_svizzera", "regime_amministrativo_etichetta": "Italo-Svizzera", "classificazione_biologica": "C", "classificazione_etichetta": "Cat. C", "modalita": "sponda", "tipo_geometria_normativa": "linea", "eredita": [{"livello": 1, "asse": "regime_amministrativo", "id": "italo_svizzera", "blocco": "cispp_fiume", "sostituisce_biologia": true}, {"livello": 1, "asse": "classificazione_biologica", "id": "C", "ruolo": "attributo parallelo, non operativo"}, {"livello": 2, "asse": "modalita_pesca", "id": "sponda"}, {"livello": 4, "asse": "segmento", "id": "tresa_notturna_bottatrice", "effetto": "taglio"}]}}, "fonte_geometria": "reticolo_regionale_lombardia", "nome_regionale": "Tresa (Fiume)", "bacino_regionale": "TICINO", "sottobacino": "Lago Maggiore (Verbano)", "cod_ptua16": "IT03N0080980351IN", "natura": "naturale", "lunghezza_m": 1933, "capisaldi_estremi": ["ponte_biviglione", "diga_creva"], "id": "tresa_032"}}, {"type": "Feature", "geometry": {"type": "LineString", "coordinates": [[8.766741716464276, 45.99143357243717], [8.76641, 45.99128], [8.76625, 45.99114], [8.76593, 45.99077], [8.76577, 45.99054], [8.76564, 45.98982], [8.7656, 45.98941], [8.76546, 45.98915], [8.76522, 45.98897], [8.76486, 45.98885], [8.76466, 45.98876], [8.76445, 45.9886], [8.76413, 45.98841], [8.76377, 45.98837], [8.7631, 45.98847], [8.76256, 45.98853], [8.76184, 45.98866], [8.7607, 45.98895], [8.75979, 45.98933], [8.75937, 45.98965], [8.7589, 45.98999], [8.75851, 45.9903], [8.75825, 45.99072], [8.75783, 45.99112], [8.75753, 45.99134], [8.75728, 45.99149], [8.75691, 45.99166], [8.75603, 45.992], [8.75577, 45.99208], [8.75519, 45.99222], [8.75475, 45.99234], [8.75446, 45.99245], [8.75403, 45.99258], [8.75331, 45.99292], [8.75273, 45.99305], [8.75234, 45.99319], [8.7518, 45.99335], [8.7515, 45.99341], [8.7512, 45.99344], [8.7506, 45.99346], [8.7497, 45.99346], [8.74761, 45.99351], [8.74697, 45.99363], [8.74632, 45.99382], [8.74496, 45.99433], [8.74464, 45.99441], [8.74414, 45.99449], [8.74397, 45.99448], [8.74342, 45.99451], [8.74231, 45.99453], [8.74143, 45.99453], [8.74059, 45.99456], [8.74027, 45.9946], [8.73924, 45.99463], [8.73845, 45.99458], [8.73718, 45.99446], [8.73661, 45.99431], [8.73561, 45.99393], [8.7354, 45.99384], [8.73481, 45.9934], [8.73425, 45.9931], [8.73401, 45.99303], [8.73346, 45.99291], [8.73316, 45.99289], [8.7329, 45.99293], [8.73254, 45.99305], [8.73218, 45.9932], [8.73168, 45.99343], [8.73058, 45.9939], [8.73025, 45.99407], [8.72928, 45.99465], [8.72867, 45.99511], [8.72835, 45.99536], [8.72751, 45.99601], [8.72685, 45.99666]]}, "properties": {"nome_tratto": "Fiume Tresa", "corpo_idrico": "tresa", "corpo_nome": "Fiume Tresa", "layer": "base", "segmento_id": null, "bank": "both", "zona_id": "tresa_residuo", "regime": "cispp", "regime_etichetta": "Regime CISPP (Commissione italo-svizzera)", "tipo_acqua": "C", "pesca_consentita": true, "geometria": "LineString", "matrice": {"regime_amministrativo": "italo_svizzera", "regime_amministrativo_etichetta": "Italo-Svizzera", "classificazione_biologica": "C", "classificazione_etichetta": "Cat. C", "modalita": "sponda", "tipo_geometria_normativa": "linea", "eredita": [{"livello": 1, "asse": "regime_amministrativo", "id": "italo_svizzera", "blocco": "cispp_fiume", "sostituisce_biologia": true}, {"livello": 1, "asse": "classificazione_biologica", "id": "C", "ruolo": "attributo parallelo, non operativo"}, {"livello": 2, "asse": "modalita_pesca", "id": "sponda"}]}, "regole": {"zona_id": "tresa_residuo", "zona_nome": "Fiume Tresa — Regime CISPP (Commissione italo-svizzera)", "corpo_idrico": "tresa", "corpo_nome": "Fiume Tresa", "regime": "cispp", "regime_etichetta": "Regime CISPP (Commissione italo-svizzera)", "regime_descrizione": "Acque regolate dalla Convenzione italo-svizzera: regole diverse dal cap. 4 del prontuario.", "tipo_acqua": "C", "tipo_acqua_etichetta": "Tipo C (ciprinicole)", "pesca_consentita": true, "priorita": 10, "estensione": {"tipo": "residuale", "descrizione": "Fuori dai tagli restrittivi (No-Kill, divieto, riserva)."}, "calendario": {"stagione": {"id": "rinvio_cispp", "etichetta": "Calendario CISPP", "inizio": null, "fine": null, "rinvio_esterno": "https://www.cispp.org/", "testo": "Calendario stabilito dal Regolamento di applicazione CISPP (in vigore dal 1° gennaio 2025)", "fonte": {"livello": "testuale", "riferimento": "Premessa cap. 4", "estratto": "Nel Verbano, nel Ceresio e nel fiume Tresa, la pesca è regolamentata in modo differente"}}, "giorni": {"id": "tutti_i_giorni", "etichetta": "Tutti i giorni", "settimana": ["lun", "mar", "mer", "gio", "ven", "sab", "dom"], "festivi_aggiuntivi": [], "testo": "Tutti i giorni della settimana", "fonte": {"livello": "derivata", "riferimento": "", "estratto": ""}}, "fascia_oraria": {"id": "rinvio_cispp", "etichetta": "Orari CISPP", "da": null, "a": null, "rinvio_esterno": "https://www.cispp.org/", "testo": "Pesca notturna solo nei tratti CISPP specifici del Tresa", "fonte": {"livello": "testuale", "riferimento": "Regolamento CISPP (sintesi prontuario)", "estratto": "Pesca notturna solo in tratti CISPP specifici"}}, "periodi_speciali": []}, "attrezzatura": {"attrezzi_ammessi": ["canna"], "canne_max": 1, "esche_max_per_canna": null, "ami_max_per_canna": 5, "ardiglione": "ammesso", "spazio_sponda_max_m": null}, "esche": {"consentite": ["naturale", "artificiale"], "vietate": ["sangue", "uova_di_pesce"], "pasturazione": "vietata"}, "tecniche": {"consentite": ["canna_da_riva"], "vietate": ["imbarcazione", "guado"], "condizionate": []}, "prelievo": {"tipo": "ordinario", "rilascio_obbligatorio": false, "capi_trattenibili": "secondo Regolamento CISPP", "specie_sempre_protette_extra": ["trota_marmorata"], "limiti_ref": null, "misure_minime_cm": {"trota_fario": 25, "trota_marmorata": 40, "temolo": 35, "luccio": 60, "persico_reale": 16, "salmerino_alpino": 25}, "specie_protette": ["cobiti", "lasca", "scazzone", "anguilla", "savetta", "barbo canino", "lampreda padana", "pigo", "trota macrostigma", "trota_marmorata"]}, "permessi": {"pacchetto": {"id": "cispp_tresa", "etichetta": "Fiume Tresa (concessione Bacino 5 + regole CISPP)", "richiede_contributo_extra": null, "richiede_tesserino": true, "note": "Il prontuario non riporta una scheda permessi dedicata al Tresa: verificare con il concessionario.", "documenti": [{"id": "licenza_B", "etichetta": "Licenza di pesca tipo B", "costo_eur": 23.0, "ente": "Regione Lombardia (tassa regionale)", "validita": "12 mesi", "esenzioni": ["Residenti in Italia con meno di 18 anni", "Residenti in Italia con più di 65 anni", "Soggetti L. 104/1992 art. 3 (se pescano solo con canna)"], "fonte": {"livello": "testuale", "riferimento": "PESCARE NEI FIUMI/TORRENTI/CANALI", "estratto": "Licenza di pesca tipo B (€ 23,00)"}}, {"id": "tessera_fipsas", "etichetta": "Tessera FIPSAS", "costo_eur": 30.0, "costi_ridotti": [{"costo_eur": 6.0, "condizione": "nati dopo il 01.01.2011"}], "ente": "FIPSAS", "validita": "anno solare", "esenzioni": [], "fonte": {"livello": "testuale", "riferimento": "PESCARE NEI FIUMI/TORRENTI/CANALI", "estratto": "Tessera FIPSAS (€ 30,00; € 6,00 nati dopo il 01.01.2011)"}}, {"id": "tesserino_segnapesci", "etichetta": "Tesserino segnapesci del concessionario", "costo_eur": null, "ente": "FIPSAS Varese", "non_richiesto_se": ["permesso_giornaliero"], "punti_distribuzione": ["GERMIGNAGA PESCA — Piazza 20 Settembre, 29, Germignaga (VA)"], "fonte": {"livello": "testuale", "riferimento": "PESCARE NEI FIUMI/TORRENTI/CANALI", "estratto": "Tesserino segna pesci del Concessionario […] non è obbligatorio per chi utilizza il permesso giornaliero di pesca"}}], "costo_totale_eur": null, "costo_noto_eur": 53.0, "alternativa_non_tesserati": null}, "varianti": []}, "vincoli_speciali": [], "interpretazioni": [{"campo": "tecniche.vietate.guado", "nota": "«solo da riva» è stato tradotto come divieto di guado."}, {"campo": "bank", "nota": "La sponda svizzera è esclusa. Si regola solo la sponda italiana. bank both non autorizza la sponda svizzera: il clip non ha isolato una pezza interamente svizzera su quel tratto."}, {"campo": "foce_verbano", "nota": "Il divieto di foce del Tresa immissario sta nel Verbano. Rinviato alla fase Lago Maggiore: non è un caposaldo di questa mappa del Ceresio."}], "fonti": [{"livello": "testuale", "riferimento": "Regolamento CISPP (sintesi prontuario)", "estratto": "pesca «solo da riva» con «una sola canna per pescatore, armata con un massimo di 5 ami»; vietati sangue e uova di pesce come esca; vietata ogni pasturazione. «Nel fiume Tresa è sempre vietata anche la cattura e la detenzione della trota marmorata.»"}, {"livello": "testuale", "riferimento": "par. 4.10", "estratto": "Acque di tipo C […] fiume Tresa"}, {"livello": "testuale", "riferimento": "cap. 5 — Fiume Tresa", "estratto": "Solo da riva, una canna, massimo 5 ami, su tutto il corso compreso il bacino di Creva. Vietati sangue, uova di pesce e pasturazione. Marmorata sempre protetta."}], "note_corpo": "Italo-svizzera, tipo C. Si tiene l'asse solo dove la sponda è italiana: bank left/right/both è calcolato verso valle, non fissato a priori. La foce nel Verbano è un divieto sullo specchio del Maggiore, non un taglio del Ceresio.", "matrice": {"regime_amministrativo": "italo_svizzera", "regime_amministrativo_etichetta": "Italo-Svizzera", "classificazione_biologica": "C", "classificazione_etichetta": "Cat. C", "modalita": "sponda", "tipo_geometria_normativa": "linea", "eredita": [{"livello": 1, "asse": "regime_amministrativo", "id": "italo_svizzera", "blocco": "cispp_fiume", "sostituisce_biologia": true}, {"livello": 1, "asse": "classificazione_biologica", "id": "C", "ruolo": "attributo parallelo, non operativo"}, {"livello": 2, "asse": "modalita_pesca", "id": "sponda"}]}}, "fonte_geometria": "reticolo_regionale_lombardia", "nome_regionale": "Tresa (Fiume)", "bacino_regionale": "TICINO", "sottobacino": "Lago Maggiore (Verbano)", "cod_ptua16": "IT03N0080980351IN", "natura": "naturale", "lunghezza_m": 3731, "capisaldi_estremi": ["diga_creva"], "id": "tresa_033"}}, {"type": "Feature", "geometry": {"type": "LineString", "coordinates": [[8.85904, 45.96694], [8.85881, 45.96715], [8.85802, 45.96784], [8.85781, 45.96799], [8.85743, 45.96819], [8.85709, 45.9683], [8.85642, 45.9686], [8.8561, 45.9688], [8.85565, 45.96914], [8.855203187603813, 45.96948553491972]]}, "properties": {"nome_tratto": "Tresa — pesca notturna Ponte della Dogana / chiusa", "corpo_idrico": "tresa", "corpo_nome": "Fiume Tresa", "layer": "base", "segmento_id": "tresa_notturna_dogana_chiusa", "bank": "left", "zona_id": "tresa_notturna_dogana_chiusa", "regime": "cispp", "regime_etichetta": "Regime CISPP (Commissione italo-svizzera)", "tipo_acqua": "C", "pesca_consentita": true, "geometria": "LineString", "matrice": {"regime_amministrativo": "italo_svizzera", "regime_amministrativo_etichetta": "Italo-Svizzera", "classificazione_biologica": "C", "classificazione_etichetta": "Cat. C", "modalita": "sponda", "tipo_geometria_normativa": "linea", "eredita": [{"livello": 1, "asse": "regime_amministrativo", "id": "italo_svizzera", "blocco": "cispp_fiume", "sostituisce_biologia": true}, {"livello": 1, "asse": "classificazione_biologica", "id": "C", "ruolo": "attributo parallelo, non operativo"}, {"livello": 2, "asse": "modalita_pesca", "id": "sponda"}, {"livello": 4, "asse": "segmento", "id": "tresa_notturna_dogana_chiusa", "effetto": "taglio"}]}, "regole": {"zona_id": "tresa_notturna_dogana_chiusa", "zona_nome": "Tresa — pesca notturna Ponte della Dogana / chiusa", "corpo_idrico": "tresa", "corpo_nome": "Fiume Tresa", "regime": "cispp", "regime_etichetta": "Regime CISPP (Commissione italo-svizzera)", "regime_descrizione": "Acque regolate dalla Convenzione italo-svizzera: regole diverse dal cap. 4 del prontuario.", "tipo_acqua": "C", "tipo_acqua_etichetta": "Tipo C (ciprinicole)", "pesca_consentita": true, "priorita": 40, "estensione": {"tipo": "tratto", "descrizione": "Tra il Ponte della Dogana e la chiusa di regolazione delle acque: notturna con una canna e 5 ami; ammessi anche quadrato, nassetta e bottiglia.", "comuni": ["Lavena Ponte Tresa"]}, "calendario": {"stagione": {"id": "rinvio_cispp", "etichetta": "Calendario CISPP", "inizio": null, "fine": null, "rinvio_esterno": "https://www.cispp.org/", "testo": "Calendario stabilito dal Regolamento di applicazione CISPP (in vigore dal 1° gennaio 2025)", "fonte": {"livello": "testuale", "riferimento": "Premessa cap. 4", "estratto": "Nel Verbano, nel Ceresio e nel fiume Tresa, la pesca è regolamentata in modo differente"}}, "giorni": {"id": "tutti_i_giorni", "etichetta": "Tutti i giorni", "settimana": ["lun", "mar", "mer", "gio", "ven", "sab", "dom"], "festivi_aggiuntivi": [], "testo": "Tutti i giorni della settimana", "fonte": {"livello": "derivata", "riferimento": "", "estratto": ""}}, "fascia_oraria": {"id": "rinvio_cispp", "etichetta": "Orari CISPP", "da": null, "a": null, "rinvio_esterno": "https://www.cispp.org/", "testo": "Pesca notturna solo nei tratti CISPP specifici del Tresa", "fonte": {"livello": "testuale", "riferimento": "Regolamento CISPP (sintesi prontuario)", "estratto": "Pesca notturna solo in tratti CISPP specifici"}}, "periodi_speciali": []}, "attrezzatura": {"attrezzi_ammessi": ["canna"], "canne_max": 1, "esche_max_per_canna": null, "ami_max_per_canna": 5, "ardiglione": "ammesso", "spazio_sponda_max_m": null}, "esche": {"consentite": ["naturale", "artificiale"], "vietate": ["sangue", "uova_di_pesce"], "pasturazione": "vietata"}, "tecniche": {"consentite": ["canna_da_riva", "pesca_notturna", "quadrato", "nassetta", "bottiglia"], "vietate": ["imbarcazione", "guado"], "condizionate": []}, "prelievo": {"tipo": "ordinario", "rilascio_obbligatorio": false, "capi_trattenibili": "secondo Regolamento CISPP", "specie_sempre_protette_extra": ["trota_marmorata"], "limiti_ref": null, "misure_minime_cm": {"trota_fario": 25, "trota_marmorata": 40, "temolo": 35, "luccio": 60, "persico_reale": 16, "salmerino_alpino": 25}, "specie_protette": ["cobiti", "lasca", "scazzone", "anguilla", "savetta", "barbo canino", "lampreda padana", "pigo", "trota macrostigma", "trota_marmorata"]}, "permessi": {"pacchetto": {"id": "cispp_tresa", "etichetta": "Fiume Tresa (concessione Bacino 5 + regole CISPP)", "richiede_contributo_extra": null, "richiede_tesserino": true, "note": "Il prontuario non riporta una scheda permessi dedicata al Tresa: verificare con il concessionario.", "documenti": [{"id": "licenza_B", "etichetta": "Licenza di pesca tipo B", "costo_eur": 23.0, "ente": "Regione Lombardia (tassa regionale)", "validita": "12 mesi", "esenzioni": ["Residenti in Italia con meno di 18 anni", "Residenti in Italia con più di 65 anni", "Soggetti L. 104/1992 art. 3 (se pescano solo con canna)"], "fonte": {"livello": "testuale", "riferimento": "PESCARE NEI FIUMI/TORRENTI/CANALI", "estratto": "Licenza di pesca tipo B (€ 23,00)"}}, {"id": "tessera_fipsas", "etichetta": "Tessera FIPSAS", "costo_eur": 30.0, "costi_ridotti": [{"costo_eur": 6.0, "condizione": "nati dopo il 01.01.2011"}], "ente": "FIPSAS", "validita": "anno solare", "esenzioni": [], "fonte": {"livello": "testuale", "riferimento": "PESCARE NEI FIUMI/TORRENTI/CANALI", "estratto": "Tessera FIPSAS (€ 30,00; € 6,00 nati dopo il 01.01.2011)"}}, {"id": "tesserino_segnapesci", "etichetta": "Tesserino segnapesci del concessionario", "costo_eur": null, "ente": "FIPSAS Varese", "non_richiesto_se": ["permesso_giornaliero"], "punti_distribuzione": ["GERMIGNAGA PESCA — Piazza 20 Settembre, 29, Germignaga (VA)"], "fonte": {"livello": "testuale", "riferimento": "PESCARE NEI FIUMI/TORRENTI/CANALI", "estratto": "Tesserino segna pesci del Concessionario […] non è obbligatorio per chi utilizza il permesso giornaliero di pesca"}}], "costo_totale_eur": null, "costo_noto_eur": 53.0, "alternativa_non_tesserati": null}, "varianti": []}, "vincoli_speciali": [{"id": "quadrato", "testo": "Quadrato o bilancino: maglia 6–8 mm, lato massimo 1,5 m. Vietato radente il fondo, a traino, e da un'ora dopo il tramonto a un'ora prima dell'alba.", "livello": "testuale"}, {"id": "nassetta", "testo": "Nassetta: maglia 6–8 mm, altezza massima 50 cm, diametro massimo 25 cm.", "livello": "testuale"}], "interpretazioni": [{"campo": "tecniche.vietate.guado", "nota": "«solo da riva» è stato tradotto come divieto di guado."}, {"campo": "bank", "nota": "La sponda svizzera è esclusa. Si regola solo la sponda italiana. bank both non autorizza la sponda svizzera: il clip non ha isolato una pezza interamente svizzera su quel tratto."}, {"campo": "foce_verbano", "nota": "Il divieto di foce del Tresa immissario sta nel Verbano. Rinviato alla fase Lago Maggiore: non è un caposaldo di questa mappa del Ceresio."}], "fonti": [{"livello": "testuale", "riferimento": "Regolamento CISPP (sintesi prontuario)", "estratto": "pesca «solo da riva» con «una sola canna per pescatore, armata con un massimo di 5 ami»; vietati sangue e uova di pesce come esca; vietata ogni pasturazione. «Nel fiume Tresa è sempre vietata anche la cattura e la detenzione della trota marmorata.»"}, {"livello": "testuale", "riferimento": "par. 4.10", "estratto": "Acque di tipo C […] fiume Tresa"}, {"livello": "testuale", "riferimento": "cap. 5 — Fiume Tresa", "estratto": "Solo da riva, una canna, massimo 5 ami, su tutto il corso compreso il bacino di Creva. Vietati sangue, uova di pesce e pasturazione. Marmorata sempre protetta."}, {"livello": "testuale", "riferimento": "cap. 5 — Pesca notturna Tresa", "estratto": "Tra il Ponte della Dogana e la Chiusa di regolazione delle acque è permessa la pesca notturna con una sola canna e un massimo di 5 ami, più quadrato, nassetta e bottiglia."}], "note_corpo": "Italo-svizzera, tipo C. Si tiene l'asse solo dove la sponda è italiana: bank left/right/both è calcolato verso valle, non fissato a priori. La foce nel Verbano è un divieto sullo specchio del Maggiore, non un taglio del Ceresio.", "matrice": {"regime_amministrativo": "italo_svizzera", "regime_amministrativo_etichetta": "Italo-Svizzera", "classificazione_biologica": "C", "classificazione_etichetta": "Cat. C", "modalita": "sponda", "tipo_geometria_normativa": "linea", "eredita": [{"livello": 1, "asse": "regime_amministrativo", "id": "italo_svizzera", "blocco": "cispp_fiume", "sostituisce_biologia": true}, {"livello": 1, "asse": "classificazione_biologica", "id": "C", "ruolo": "attributo parallelo, non operativo"}, {"livello": 2, "asse": "modalita_pesca", "id": "sponda"}, {"livello": 4, "asse": "segmento", "id": "tresa_notturna_dogana_chiusa", "effetto": "taglio"}]}}, "fonte_geometria": "reticolo_regionale_lombardia", "nome_regionale": "Tresa (Fiume)", "bacino_regionale": "TICINO", "sottobacino": "Lago Maggiore (Verbano)", "cod_ptua16": "IT03N0080980351IN", "natura": "naturale", "lunghezza_m": 414, "capisaldi_estremi": ["ponte_dogana", "chiusa_regolazione"], "id": "tresa_034"}}, {"type": "Feature", "geometry": {"type": "LineString", "coordinates": [[8.855203187603813, 45.96948553491972], [8.8549, 45.96972], [8.85441, 45.97012], [8.85371, 45.97063], [8.85336, 45.97092], [8.85277, 45.97145], [8.85237, 45.97172], [8.85187, 45.97197], [8.85159, 45.97209], [8.85111, 45.97223], [8.85065, 45.97239], [8.85013, 45.9726], [8.84987, 45.97273], [8.84935, 45.97305], [8.84885, 45.97347], [8.84835, 45.97407], [8.84812, 45.97447], [8.84788, 45.97502], [8.84773, 45.97529], [8.84732, 45.9757], [8.84709, 45.97588], [8.84635, 45.9764], [8.84583, 45.97672], [8.84555, 45.97682], [8.84517, 45.97689], [8.84441, 45.97699], [8.84404, 45.97711], [8.84375, 45.97727], [8.84362, 45.97741], [8.84339, 45.97785], [8.84333, 45.97807], [8.84329, 45.97857], [8.84331, 45.97885], [8.84325, 45.97909], [8.84321, 45.97937], [8.84319, 45.97984], [8.84308, 45.98044], [8.8428, 45.98058], [8.84177, 45.98068], [8.84092, 45.98093], [8.84071, 45.98103], [8.84043, 45.98123], [8.84014, 45.98147], [8.83986, 45.98187], [8.83962, 45.98242], [8.83953, 45.98271], [8.83939, 45.98339], [8.83924, 45.98395], [8.83919, 45.98405], [8.83897, 45.98422], [8.83873, 45.98434], [8.83761, 45.98458], [8.837, 45.98469], [8.83663, 45.9847], [8.83585, 45.98463], [8.83534, 45.98472], [8.83506, 45.98482], [8.83462, 45.98503], [8.83416, 45.98526], [8.83382, 45.98553], [8.83362, 45.98588], [8.83324, 45.9863], [8.83299, 45.9866], [8.83281, 45.98694], [8.83266, 45.98714], [8.83218, 45.9876], [8.8321, 45.98784], [8.83169, 45.98822]]}, "properties": {"nome_tratto": "Fiume Tresa", "corpo_idrico": "tresa", "corpo_nome": "Fiume Tresa", "layer": "base", "segmento_id": null, "bank": "both", "zona_id": "tresa_residuo", "regime": "cispp", "regime_etichetta": "Regime CISPP (Commissione italo-svizzera)", "tipo_acqua": "C", "pesca_consentita": true, "geometria": "LineString", "matrice": {"regime_amministrativo": "italo_svizzera", "regime_amministrativo_etichetta": "Italo-Svizzera", "classificazione_biologica": "C", "classificazione_etichetta": "Cat. C", "modalita": "sponda", "tipo_geometria_normativa": "linea", "eredita": [{"livello": 1, "asse": "regime_amministrativo", "id": "italo_svizzera", "blocco": "cispp_fiume", "sostituisce_biologia": true}, {"livello": 1, "asse": "classificazione_biologica", "id": "C", "ruolo": "attributo parallelo, non operativo"}, {"livello": 2, "asse": "modalita_pesca", "id": "sponda"}]}, "regole": {"zona_id": "tresa_residuo", "zona_nome": "Fiume Tresa — Regime CISPP (Commissione italo-svizzera)", "corpo_idrico": "tresa", "corpo_nome": "Fiume Tresa", "regime": "cispp", "regime_etichetta": "Regime CISPP (Commissione italo-svizzera)", "regime_descrizione": "Acque regolate dalla Convenzione italo-svizzera: regole diverse dal cap. 4 del prontuario.", "tipo_acqua": "C", "tipo_acqua_etichetta": "Tipo C (ciprinicole)", "pesca_consentita": true, "priorita": 10, "estensione": {"tipo": "residuale", "descrizione": "Fuori dai tagli restrittivi (No-Kill, divieto, riserva)."}, "calendario": {"stagione": {"id": "rinvio_cispp", "etichetta": "Calendario CISPP", "inizio": null, "fine": null, "rinvio_esterno": "https://www.cispp.org/", "testo": "Calendario stabilito dal Regolamento di applicazione CISPP (in vigore dal 1° gennaio 2025)", "fonte": {"livello": "testuale", "riferimento": "Premessa cap. 4", "estratto": "Nel Verbano, nel Ceresio e nel fiume Tresa, la pesca è regolamentata in modo differente"}}, "giorni": {"id": "tutti_i_giorni", "etichetta": "Tutti i giorni", "settimana": ["lun", "mar", "mer", "gio", "ven", "sab", "dom"], "festivi_aggiuntivi": [], "testo": "Tutti i giorni della settimana", "fonte": {"livello": "derivata", "riferimento": "", "estratto": ""}}, "fascia_oraria": {"id": "rinvio_cispp", "etichetta": "Orari CISPP", "da": null, "a": null, "rinvio_esterno": "https://www.cispp.org/", "testo": "Pesca notturna solo nei tratti CISPP specifici del Tresa", "fonte": {"livello": "testuale", "riferimento": "Regolamento CISPP (sintesi prontuario)", "estratto": "Pesca notturna solo in tratti CISPP specifici"}}, "periodi_speciali": []}, "attrezzatura": {"attrezzi_ammessi": ["canna"], "canne_max": 1, "esche_max_per_canna": null, "ami_max_per_canna": 5, "ardiglione": "ammesso", "spazio_sponda_max_m": null}, "esche": {"consentite": ["naturale", "artificiale"], "vietate": ["sangue", "uova_di_pesce"], "pasturazione": "vietata"}, "tecniche": {"consentite": ["canna_da_riva"], "vietate": ["imbarcazione", "guado"], "condizionate": []}, "prelievo": {"tipo": "ordinario", "rilascio_obbligatorio": false, "capi_trattenibili": "secondo Regolamento CISPP", "specie_sempre_protette_extra": ["trota_marmorata"], "limiti_ref": null, "misure_minime_cm": {"trota_fario": 25, "trota_marmorata": 40, "temolo": 35, "luccio": 60, "persico_reale": 16, "salmerino_alpino": 25}, "specie_protette": ["cobiti", "lasca", "scazzone", "anguilla", "savetta", "barbo canino", "lampreda padana", "pigo", "trota macrostigma", "trota_marmorata"]}, "permessi": {"pacchetto": {"id": "cispp_tresa", "etichetta": "Fiume Tresa (concessione Bacino 5 + regole CISPP)", "richiede_contributo_extra": null, "richiede_tesserino": true, "note": "Il prontuario non riporta una scheda permessi dedicata al Tresa: verificare con il concessionario.", "documenti": [{"id": "licenza_B", "etichetta": "Licenza di pesca tipo B", "costo_eur": 23.0, "ente": "Regione Lombardia (tassa regionale)", "validita": "12 mesi", "esenzioni": ["Residenti in Italia con meno di 18 anni", "Residenti in Italia con più di 65 anni", "Soggetti L. 104/1992 art. 3 (se pescano solo con canna)"], "fonte": {"livello": "testuale", "riferimento": "PESCARE NEI FIUMI/TORRENTI/CANALI", "estratto": "Licenza di pesca tipo B (€ 23,00)"}}, {"id": "tessera_fipsas", "etichetta": "Tessera FIPSAS", "costo_eur": 30.0, "costi_ridotti": [{"costo_eur": 6.0, "condizione": "nati dopo il 01.01.2011"}], "ente": "FIPSAS", "validita": "anno solare", "esenzioni": [], "fonte": {"livello": "testuale", "riferimento": "PESCARE NEI FIUMI/TORRENTI/CANALI", "estratto": "Tessera FIPSAS (€ 30,00; € 6,00 nati dopo il 01.01.2011)"}}, {"id": "tesserino_segnapesci", "etichetta": "Tesserino segnapesci del concessionario", "costo_eur": null, "ente": "FIPSAS Varese", "non_richiesto_se": ["permesso_giornaliero"], "punti_distribuzione": ["GERMIGNAGA PESCA — Piazza 20 Settembre, 29, Germignaga (VA)"], "fonte": {"livello": "testuale", "riferimento": "PESCARE NEI FIUMI/TORRENTI/CANALI", "estratto": "Tesserino segna pesci del Concessionario […] non è obbligatorio per chi utilizza il permesso giornaliero di pesca"}}], "costo_totale_eur": null, "costo_noto_eur": 53.0, "alternativa_non_tesserati": null}, "varianti": []}, "vincoli_speciali": [], "interpretazioni": [{"campo": "tecniche.vietate.guado", "nota": "«solo da riva» è stato tradotto come divieto di guado."}, {"campo": "bank", "nota": "La sponda svizzera è esclusa. Si regola solo la sponda italiana. bank both non autorizza la sponda svizzera: il clip non ha isolato una pezza interamente svizzera su quel tratto."}, {"campo": "foce_verbano", "nota": "Il divieto di foce del Tresa immissario sta nel Verbano. Rinviato alla fase Lago Maggiore: non è un caposaldo di questa mappa del Ceresio."}], "fonti": [{"livello": "testuale", "riferimento": "Regolamento CISPP (sintesi prontuario)", "estratto": "pesca «solo da riva» con «una sola canna per pescatore, armata con un massimo di 5 ami»; vietati sangue e uova di pesce come esca; vietata ogni pasturazione. «Nel fiume Tresa è sempre vietata anche la cattura e la detenzione della trota marmorata.»"}, {"livello": "testuale", "riferimento": "par. 4.10", "estratto": "Acque di tipo C […] fiume Tresa"}, {"livello": "testuale", "riferimento": "cap. 5 — Fiume Tresa", "estratto": "Solo da riva, una canna, massimo 5 ami, su tutto il corso compreso il bacino di Creva. Vietati sangue, uova di pesce e pasturazione. Marmorata sempre protetta."}], "note_corpo": "Italo-svizzera, tipo C. Si tiene l'asse solo dove la sponda è italiana: bank left/right/both è calcolato verso valle, non fissato a priori. La foce nel Verbano è un divieto sullo specchio del Maggiore, non un taglio del Ceresio.", "matrice": {"regime_amministrativo": "italo_svizzera", "regime_amministrativo_etichetta": "Italo-Svizzera", "classificazione_biologica": "C", "classificazione_etichetta": "Cat. C", "modalita": "sponda", "tipo_geometria_normativa": "linea", "eredita": [{"livello": 1, "asse": "regime_amministrativo", "id": "italo_svizzera", "blocco": "cispp_fiume", "sostituisce_biologia": true}, {"livello": 1, "asse": "classificazione_biologica", "id": "C", "ruolo": "attributo parallelo, non operativo"}, {"livello": 2, "asse": "modalita_pesca", "id": "sponda"}]}}, "fonte_geometria": "reticolo_regionale_lombardia", "nome_regionale": "Tresa (Fiume)", "bacino_regionale": "TICINO", "sottobacino": "Lago Maggiore (Verbano)", "cod_ptua16": "IT03N0080980351IN", "natura": "naturale", "lunghezza_m": 3016, "capisaldi_estremi": ["chiusa_regolazione"], "id": "tresa_035"}}, {"type": "Feature", "geometry": {"type": "Polygon", "coordinates": [[[8.68609, 45.7666], [8.68552, 45.76627], [8.68524, 45.76592], [8.68481, 45.76565], [8.68451, 45.7654], [8.68417, 45.76519], [8.68372, 45.76464], [8.68359, 45.76422], [8.68334, 45.76388], [8.68323, 45.76349], [8.68302, 45.76339], [8.68295, 45.76316], [8.6828, 45.76303], [8.68267, 45.76265], [8.68248, 45.7625], [8.68213, 45.76237], [8.68186, 45.76239], [8.68162, 45.76223], [8.68133, 45.76232], [8.68121, 45.76197], [8.68088, 45.76178], [8.68042, 45.76136], [8.68019, 45.76084], [8.67999, 45.76096], [8.68002, 45.76051], [8.67996, 45.75995], [8.6799, 45.75977], [8.68011, 45.75915], [8.68008, 45.75879], [8.68013, 45.75843], [8.68033, 45.75788], [8.68036, 45.75726], [8.68044, 45.75708], [8.68048, 45.75659], [8.68058, 45.7562], [8.68074, 45.75592], [8.68074, 45.75569], [8.68059, 45.75554], [8.68043, 45.75506], [8.67999, 45.75461], [8.67991, 45.7544], [8.67946, 45.75392], [8.67918, 45.75349], [8.67902, 45.75311], [8.67902, 45.75241], [8.67891, 45.75141], [8.67906, 45.75061], [8.67947, 45.75035], [8.67971, 45.75009], [8.67986, 45.7498], [8.68053, 45.74963], [8.68076, 45.74939], [8.68128, 45.74941], [8.6817, 45.74917], [8.682, 45.74907], [8.68229, 45.74905], [8.68234, 45.74894], [8.68283, 45.74884], [8.68308, 45.74897], [8.68334, 45.74887], [8.6837, 45.74898], [8.6838, 45.74885], [8.68414, 45.74905], [8.68418, 45.74921], [8.685, 45.7496], [8.68519, 45.74963], [8.68595, 45.75034], [8.68611, 45.75059], [8.68634, 45.75059], [8.68654, 45.75085], [8.68675, 45.751], [8.68695, 45.75131], [8.68742, 45.75147], [8.68784, 45.75148], [8.68822, 45.75182], [8.68925, 45.75232], [8.68955, 45.75231], [8.6903, 45.75254], [8.69045, 45.75271], [8.69123, 45.75307], [8.69163, 45.75334], [8.69163, 45.7536], [8.69206, 45.75399], [8.69237, 45.75414], [8.69259, 45.75411], [8.69266, 45.75433], [8.69288, 45.7545], [8.69329, 45.75442], [8.69346, 45.75458], [8.69344, 45.75494], [8.69353, 45.75513], [8.69371, 45.75525], [8.69415, 45.75516], [8.69411, 45.75538], [8.69439, 45.75534], [8.69444, 45.75518], [8.69465, 45.7552], [8.69537, 45.7555], [8.69565, 45.75569], [8.69571, 45.75587], [8.69597, 45.75591], [8.69608, 45.75606], [8.69636, 45.75617], [8.69649, 45.75635], [8.69667, 45.7563], [8.69742, 45.75684], [8.69784, 45.7574], [8.69797, 45.75777], [8.6983, 45.75812], [8.69819, 45.75833], [8.6982, 45.75861], [8.69845, 45.75876], [8.69857, 45.75919], [8.69846, 45.75951], [8.69878, 45.7597], [8.69879, 45.7601], [8.69868, 45.76049], [8.69878, 45.76069], [8.69904, 45.76088], [8.6991, 45.76116], [8.69935, 45.76154], [8.69956, 45.76195], [8.70013, 45.76233], [8.70055, 45.76273], [8.70064, 45.76289], [8.70065, 45.76336], [8.7008, 45.76364], [8.70096, 45.76377], [8.70131, 45.76384], [8.7014, 45.76393], [8.70146, 45.76432], [8.70158, 45.7645], [8.70207, 45.76559], [8.70203, 45.76575], [8.70224, 45.76612], [8.70215, 45.76622], [8.70229, 45.76674], [8.70261, 45.76703], [8.70232, 45.76712], [8.70173, 45.76712], [8.70152, 45.7674], [8.70144, 45.76788], [8.70129, 45.76811], [8.70128, 45.76872], [8.7011, 45.76897], [8.7008, 45.76911], [8.70062, 45.76954], [8.70046, 45.77014], [8.70042, 45.7706], [8.7002, 45.77151], [8.70017, 45.77204], [8.70001, 45.77218], [8.70006, 45.77258], [8.69969, 45.77281], [8.69965, 45.77293], [8.69936, 45.77305], [8.69929, 45.77335], [8.6995, 45.7735], [8.69934, 45.77383], [8.69938, 45.77414], [8.69922, 45.7748], [8.69909, 45.77488], [8.69908, 45.77533], [8.69896, 45.77548], [8.69895, 45.77576], [8.69862, 45.77629], [8.69861, 45.77661], [8.69849, 45.77696], [8.69833, 45.7772], [8.69831, 45.77749], [8.69815, 45.77781], [8.69796, 45.77796], [8.69767, 45.77835], [8.69752, 45.77843], [8.6974, 45.77865], [8.69674, 45.77883], [8.69656, 45.77875], [8.69637, 45.77891], [8.69634, 45.77908], [8.6959, 45.77911], [8.6956, 45.77934], [8.69539, 45.77937], [8.69515, 45.77976], [8.69461, 45.77989], [8.69423, 45.77988], [8.69363, 45.77977], [8.69335, 45.77958], [8.69326, 45.77945], [8.69279, 45.77935], [8.6918, 45.77903], [8.69135, 45.77875], [8.69078, 45.77871], [8.69064, 45.77883], [8.69034, 45.77883], [8.69014, 45.7787], [8.68989, 45.77872], [8.68953, 45.77857], [8.68866, 45.77832], [8.68805, 45.77787], [8.68778, 45.77777], [8.68736, 45.77738], [8.6868, 45.77707], [8.68669, 45.77684], [8.68638, 45.77653], [8.68647, 45.77599], [8.68661, 45.77563], [8.68666, 45.77516], [8.68678, 45.77487], [8.68731, 45.77429], [8.68772, 45.77389], [8.68795, 45.77354], [8.68814, 45.77305], [8.68825, 45.77237], [8.68844, 45.77218], [8.68911, 45.77219], [8.68944, 45.77209], [8.68998, 45.77184], [8.68995, 45.77166], [8.69014, 45.77141], [8.69037, 45.77124], [8.69039, 45.77105], [8.6903, 45.77082], [8.6899, 45.77055], [8.68966, 45.77053], [8.68967, 45.77037], [8.68952, 45.77022], [8.68944, 45.76998], [8.68943, 45.76932], [8.68932, 45.76905], [8.68899, 45.76873], [8.68886, 45.76817], [8.68876, 45.76794], [8.68835, 45.76774], [8.68769, 45.76738], [8.68693, 45.76707], [8.68643, 45.76691], [8.68609, 45.7666]]]}, "properties": {"nome_tratto": "Lago di Comabbio", "corpo_idrico": "lago_comabbio", "corpo_nome": "Lago di Comabbio", "layer": "base", "segmento_id": null, "zona_id": "lago_comabbio_residuo", "regime": "ordinario_C_lago", "regime_etichetta": "Regime Ordinario C — Lago (FIPSAS)", "tipo_acqua": "A", "pesca_consentita": true, "geometria": "Polygon", "matrice": {"regime_amministrativo": "diritti_esclusivi", "regime_amministrativo_etichetta": "Diritti esclusivi", "classificazione_biologica": "A", "classificazione_etichetta": "Cat. A", "modalita": "sponda", "tipo_geometria_normativa": "poligono", "eredita": [{"livello": 1, "asse": "classificazione_biologica", "id": "A", "blocco": "ordinario_C_lago"}, {"livello": 1, "asse": "regime_amministrativo", "id": "diritti_esclusivi", "sostituisce_biologia": false}, {"livello": 2, "asse": "modalita_pesca", "id": "sponda"}, {"livello": 3, "asse": "eccezione_locale", "id": "lago_comabbio", "chiavi": ["prelievo", "vincoli_speciali"]}]}, "regole": {"zona_id": "lago_comabbio_residuo", "zona_nome": "Lago di Comabbio — Regime Ordinario C — Lago (FIPSAS)", "corpo_idrico": "lago_comabbio", "corpo_nome": "Lago di Comabbio", "regime": "ordinario_C_lago", "regime_etichetta": "Regime Ordinario C — Lago (FIPSAS)", "regime_descrizione": "Lago minore ciprinicolo in concessione FIPSAS, con regole specifiche per riva e belly boat.", "tipo_acqua": "A", "tipo_acqua_etichetta": "Tipo A", "pesca_consentita": true, "priorita": 10, "estensione": {"tipo": "residuale", "descrizione": "Fuori dai tagli restrittivi (No-Kill, divieto, riserva)."}, "calendario": {"stagione": {"id": "tutto_anno", "etichetta": "Tutto l'anno", "inizio": null, "fine": null, "testo": "Tutto l'anno (salvo periodi di divieto per specie, par. 4.4)", "fonte": {"livello": "derivata", "riferimento": "par. 4.4", "estratto": ""}}, "giorni": {"id": "tutti_i_giorni", "etichetta": "Tutti i giorni", "settimana": ["lun", "mar", "mer", "gio", "ven", "sab", "dom"], "festivi_aggiuntivi": [], "testo": "Tutti i giorni della settimana", "fonte": {"livello": "derivata", "riferimento": "", "estratto": ""}}, "fascia_oraria": {"id": "h24_notturna_da_riva", "etichetta": "H24 (notturna solo da riva)", "da": null, "a": null, "notturna": {"consentita": true, "condizioni": ["solo da riva", "canna armata con max 5 ami"]}, "testo": "Pesca anche notturna, ma solo da riva e con canna armata con al massimo 5 ami", "fonte": {"livello": "testuale", "riferimento": "par. 4.8", "estratto": "Pesca notturna ammessa in tipo A e C, da riva, canna con max cinque ami"}}, "periodi_speciali": []}, "attrezzatura": {"attrezzi_ammessi": ["canna"], "canne_max": 3, "esche_max_per_canna": 5, "ami_max_per_canna": null, "ardiglione": "ammesso", "spazio_sponda_max_m": 10}, "esche": {"consentite": ["naturale", "artificiale"], "vietate": [], "pasturazione": "limitata_par_4_11"}, "tecniche": {"consentite": ["canna_da_riva", "pesca_notturna"], "vietate": ["imbarcazione"], "condizionate": []}, "prelievo": {"tipo": "ordinario", "rilascio_obbligatorio": false, "capi_trattenibili": "secondo limiti di cattura", "specie_sempre_protette_extra": [], "limiti_ref": "limiti_cattura", "misure_minime_cm": {"trota_fario": 25, "trota_marmorata": 40, "temolo": 35, "luccio": 60, "persico_reale": 18, "salmerino_alpino": 25}, "specie_protette": ["cobiti", "lasca", "scazzone", "anguilla", "savetta", "barbo canino", "lampreda padana", "pigo", "trota macrostigma"], "limiti": {"per_specie": {"luccio": 1, "trota_marmorata": 1, "temolo": 2}, "salmonidi_complessivi": 6, "kg_giornalieri_max": 5, "stop_al_limite": ["luccio", "salmonidi"], "obbligo_recisione_pinna_caudale": ["trote", "luccio", "coregone", "persico reale", "salmerino", "temolo", "siluro"], "fonte": {"livello": "testuale", "riferimento": "par. 4.5–4.6", "estratto": "luccio 1; trota marmorata 1; temolo 2; «6 capi complessivi di trote, salmerini e temoli»; massimo 5 kg/giorno di fauna ittica"}}}, "permessi": {"pacchetto": {"id": null, "etichetta": "Permesso del titolare del diritto esclusivo", "documenti": [], "note": "Scheda non ingerita.", "richiede_contributo_extra": null, "richiede_tesserino": null, "costo_totale_eur": null, "costo_noto_eur": 0, "alternativa_non_tesserati": null}, "varianti": []}, "vincoli_speciali": [{"id": "solo_residenti", "testo": "Pesca da riva riservata ai residenti nei comuni rivieraschi. Il permesso si chiede al comune.", "livello": "testuale"}], "interpretazioni": [{"campo": "calendario", "nota": "Il prontuario non fissa una stagione di apertura per le acque di tipo C né i giorni ristretti del tipo B: restano validi i periodi di divieto per specie (par. 4.4)."}, {"campo": "attrezzatura.ardiglione", "nota": "L'obbligo di amo senza ardiglione è previsto testualmente solo per il tipo B."}, {"campo": "classificazione", "nota": "Laghi maggiori del cap. 4. Il blocco operativo completo non è ancora ingerito: si riusa lo scheletro A/C e le eccezioni del corpo (Lago di Piano, tipo A al par. 4.10)."}, {"campo": "natante", "nota": "Il par. 4.9 elenca il Comabbio tra le acque in cui il natante è ammesso. La scheda dei permessi lo vieta: in mappa vale la scheda."}], "fonti": [{"livello": "testuale", "riferimento": "Regole acque tipo A e C", "estratto": "Canna da pesca. Si può pescare con un massimo di tre canne, […] armate ciascuna con un massimo di cinque esche naturali o artificiali occupando uno spazio, comunque, non superiore a dieci metri di tratto di sponda."}, {"livello": "testuale", "riferimento": "Scheda laghi di Comabbio e Monate", "estratto": "La pesca da barca è sempre vietata. Da riva, pesca riservata ai soli residenti nei comuni rivieraschi."}, {"livello": "testuale", "riferimento": "par. 4.2", "estratto": "Persico reale cm 18 nei laghi di Varese Comabbio Monate"}], "note_corpo": "Tipo A. Pesca da riva solo per i residenti nei comuni rivieraschi, permesso comunale. Natante sempre vietato. In impalcatura.", "matrice": {"regime_amministrativo": "diritti_esclusivi", "regime_amministrativo_etichetta": "Diritti esclusivi", "classificazione_biologica": "A", "classificazione_etichetta": "Cat. A", "modalita": "sponda", "tipo_geometria_normativa": "poligono", "eredita": [{"livello": 1, "asse": "classificazione_biologica", "id": "A", "blocco": "ordinario_C_lago"}, {"livello": 1, "asse": "regime_amministrativo", "id": "diritti_esclusivi", "sostituisce_biologia": false}, {"livello": 2, "asse": "modalita_pesca", "id": "sponda"}, {"livello": 3, "asse": "eccezione_locale", "id": "lago_comabbio", "chiavi": ["prelievo", "vincoli_speciali"]}]}}, "fonte_geometria": "reticolo_regionale_lombardia", "nome_regionale": "Comabbio (lago)", "bacino_regionale": "TICINO", "sottobacino": "Lago Maggiore (Verbano)", "cod_ptua16": "IT03POTICOLN1LO", "natura": "naturale", "regole_natante": {"zona_id": "lago_comabbio_residuo", "zona_nome": "Lago di Comabbio — Regime Ordinario C — Lago (FIPSAS)", "corpo_idrico": "lago_comabbio", "corpo_nome": "Lago di Comabbio", "regime": "ordinario_C_lago", "regime_etichetta": "Regime Ordinario C — Lago (FIPSAS)", "regime_descrizione": "Lago minore ciprinicolo in concessione FIPSAS, con regole specifiche per riva e belly boat.", "tipo_acqua": "A", "tipo_acqua_etichetta": "Tipo A", "pesca_consentita": false, "priorita": 10, "estensione": {"tipo": "residuale", "descrizione": "Fuori dai tagli restrittivi (No-Kill, divieto, riserva)."}, "calendario": {"stagione": {"id": "tutto_anno", "etichetta": "Tutto l'anno", "inizio": null, "fine": null, "testo": "Tutto l'anno (salvo periodi di divieto per specie, par. 4.4)", "fonte": {"livello": "derivata", "riferimento": "par. 4.4", "estratto": ""}}, "giorni": {"id": "tutti_i_giorni", "etichetta": "Tutti i giorni", "settimana": ["lun", "mar", "mer", "gio", "ven", "sab", "dom"], "festivi_aggiuntivi": [], "testo": "Tutti i giorni della settimana", "fonte": {"livello": "derivata", "riferimento": "", "estratto": ""}}, "fascia_oraria": {"id": "h24_notturna_da_riva", "etichetta": "H24 (notturna solo da riva)", "da": null, "a": null, "notturna": {"consentita": true, "condizioni": ["solo da riva", "canna armata con max 5 ami"]}, "testo": "Pesca anche notturna, ma solo da riva e con canna armata con al massimo 5 ami", "fonte": {"livello": "testuale", "riferimento": "par. 4.8", "estratto": "Pesca notturna ammessa in tipo A e C, da riva, canna con max cinque ami"}}, "periodi_speciali": []}, "attrezzatura": {"attrezzi_ammessi": ["canna"], "canne_max": 3, "esche_max_per_canna": 5, "ami_max_per_canna": null, "ardiglione": "ammesso", "spazio_sponda_max_m": 10}, "esche": {"consentite": ["naturale", "artificiale"], "vietate": [], "pasturazione": "limitata_par_4_11"}, "tecniche": {"consentite": ["canna_da_riva", "pesca_notturna"], "vietate": ["imbarcazione"], "condizionate": []}, "prelievo": {"tipo": "ordinario", "rilascio_obbligatorio": false, "capi_trattenibili": "secondo limiti di cattura", "specie_sempre_protette_extra": [], "limiti_ref": "limiti_cattura", "misure_minime_cm": {"trota_fario": 25, "trota_marmorata": 40, "temolo": 35, "luccio": 60, "persico_reale": 18, "salmerino_alpino": 25}, "specie_protette": ["cobiti", "lasca", "scazzone", "anguilla", "savetta", "barbo canino", "lampreda padana", "pigo", "trota macrostigma"], "limiti": {"per_specie": {"luccio": 1, "trota_marmorata": 1, "temolo": 2}, "salmonidi_complessivi": 6, "kg_giornalieri_max": 5, "stop_al_limite": ["luccio", "salmonidi"], "obbligo_recisione_pinna_caudale": ["trote", "luccio", "coregone", "persico reale", "salmerino", "temolo", "siluro"], "fonte": {"livello": "testuale", "riferimento": "par. 4.5–4.6", "estratto": "luccio 1; trota marmorata 1; temolo 2; «6 capi complessivi di trote, salmerini e temoli»; massimo 5 kg/giorno di fauna ittica"}}}, "permessi": {"pacchetto": {"id": null, "etichetta": "Permesso del titolare del diritto esclusivo", "documenti": [], "note": "Scheda non ingerita.", "richiede_contributo_extra": null, "richiede_tesserino": null, "costo_totale_eur": null, "costo_noto_eur": 0, "alternativa_non_tesserati": null}, "varianti": []}, "vincoli_speciali": [{"id": "solo_residenti", "testo": "Pesca da riva riservata ai residenti nei comuni rivieraschi. Il permesso si chiede al comune.", "livello": "testuale"}, {"id": "barca_vietata", "testo": "La pesca da barca nel lago di Comabbio è sempre vietata.", "livello": "testuale"}], "interpretazioni": [{"campo": "calendario", "nota": "Il prontuario non fissa una stagione di apertura per le acque di tipo C né i giorni ristretti del tipo B: restano validi i periodi di divieto per specie (par. 4.4)."}, {"campo": "attrezzatura.ardiglione", "nota": "L'obbligo di amo senza ardiglione è previsto testualmente solo per il tipo B."}, {"campo": "classificazione", "nota": "Laghi maggiori del cap. 4. Il blocco operativo completo non è ancora ingerito: si riusa lo scheletro A/C e le eccezioni del corpo (Lago di Piano, tipo A al par. 4.10)."}, {"campo": "natante", "nota": "Il par. 4.9 elenca il Comabbio tra le acque in cui il natante è ammesso. La scheda dei permessi lo vieta: in mappa vale la scheda."}], "fonti": [{"livello": "testuale", "riferimento": "Regole acque tipo A e C", "estratto": "Canna da pesca. Si può pescare con un massimo di tre canne, […] armate ciascuna con un massimo di cinque esche naturali o artificiali occupando uno spazio, comunque, non superiore a dieci metri di tratto di sponda."}, {"livello": "testuale", "riferimento": "Scheda laghi di Comabbio e Monate", "estratto": "La pesca da barca è sempre vietata. Da riva, pesca riservata ai soli residenti nei comuni rivieraschi."}, {"livello": "testuale", "riferimento": "par. 4.2", "estratto": "Persico reale cm 18 nei laghi di Varese Comabbio Monate"}], "note_corpo": "Tipo A. Pesca da riva solo per i residenti nei comuni rivieraschi, permesso comunale. Natante sempre vietato. In impalcatura.", "matrice": {"regime_amministrativo": "diritti_esclusivi", "regime_amministrativo_etichetta": "Diritti esclusivi", "classificazione_biologica": "A", "classificazione_etichetta": "Cat. A", "modalita": "natante", "tipo_geometria_normativa": "poligono", "eredita": [{"livello": 1, "asse": "classificazione_biologica", "id": "A", "blocco": "ordinario_C_lago"}, {"livello": 1, "asse": "regime_amministrativo", "id": "diritti_esclusivi", "sostituisce_biologia": false}, {"livello": 2, "asse": "modalita_pesca", "id": "natante"}, {"livello": 3, "asse": "eccezione_locale", "id": "lago_comabbio", "chiavi": ["prelievo", "vincoli_speciali", "natante.pesca_consentita", "natante.vincoli_speciali"]}]}}, "id": "lago_comabbio_036"}}, {"type": "Feature", "geometry": {"type": "Polygon", "coordinates": [[[8.82492, 45.89583], [8.82509, 45.89585], [8.82534, 45.89603], [8.82571, 45.89609], [8.82616, 45.89625], [8.8268, 45.89639], [8.82733, 45.89665], [8.82772, 45.89677], [8.82756, 45.89709], [8.82759, 45.8976], [8.82753, 45.89777], [8.82722, 45.89809], [8.8271, 45.89835], [8.82663, 45.89885], [8.8262, 45.89938], [8.82599, 45.89948], [8.8256, 45.89955], [8.82481, 45.89949], [8.82535, 45.89934], [8.82536, 45.89917], [8.82488, 45.89874], [8.82492, 45.8983], [8.82478, 45.89811], [8.82481, 45.89763], [8.8249, 45.8973], [8.82478, 45.897], [8.82485, 45.89689], [8.82526, 45.89677], [8.8253, 45.89662], [8.82519, 45.89631], [8.82494, 45.89603], [8.82492, 45.89583]]]}, "properties": {"nome_tratto": "Lago di Ganna — divieto su tutto il bacino", "corpo_idrico": "lago_ganna", "corpo_nome": "Lago di Ganna", "layer": "base", "segmento_id": "lago_ganna_divieto", "zona_id": "lago_ganna_divieto", "regime": "divieto", "regime_etichetta": "Divieto — protezione e ripopolamento", "tipo_acqua": "C", "pesca_consentita": false, "geometria": "Polygon", "matrice": {"regime_amministrativo": "fipsas", "regime_amministrativo_etichetta": "FIPSAS", "classificazione_biologica": "C", "classificazione_etichetta": "Cat. C", "modalita": "sponda", "tipo_geometria_normativa": "poligono", "eredita": [{"livello": 1, "asse": "classificazione_biologica", "id": "C", "blocco": "ordinario_C_lago"}, {"livello": 1, "asse": "regime_amministrativo", "id": "fipsas", "sostituisce_biologia": false}, {"livello": 2, "asse": "modalita_pesca", "id": "sponda"}, {"livello": 4, "asse": "segmento", "id": "lago_ganna_divieto", "effetto": "taglio"}]}, "regole": {"zona_id": "lago_ganna_divieto", "zona_nome": "Lago di Ganna — divieto su tutto il bacino", "corpo_idrico": "lago_ganna", "corpo_nome": "Lago di Ganna", "regime": "divieto", "regime_etichetta": "Divieto — protezione e ripopolamento", "regime_descrizione": "Zona di protezione e ripopolamento: pesca vietata a chiunque.", "tipo_acqua": "C", "tipo_acqua_etichetta": "Tipo C (ciprinicole)", "pesca_consentita": false, "priorita": 100, "estensione": {"tipo": "intero_corpo", "descrizione": "Tutto il bacino lacustre"}, "calendario": null, "attrezzatura": null, "esche": null, "tecniche": null, "prelievo": {"tipo": "nessuno", "rilascio_obbligatorio": null, "capi_trattenibili": 0}, "permessi": {"pacchetto": {"id": "nessuno", "etichetta": "Nessun permesso abilita la pesca", "richiede_contributo_extra": false, "richiede_tesserino": false, "note": "Zona di divieto.", "documenti": [], "costo_totale_eur": null, "costo_noto_eur": 0, "alternativa_non_tesserati": null}, "varianti": []}, "vincoli_speciali": [], "interpretazioni": [], "fonti": [{"livello": "testuale", "riferimento": "Appendice II — Zone di protezione e ripopolamento", "estratto": "Zone di protezione e ripopolamento, con divieto di pesca"}, {"livello": "testuale", "riferimento": "Provincia di Varese — Zone di protezione e ripopolamento, laghi", "estratto": "Lago di Ganna: la pesca è vietata in tutto il bacino lacustre."}], "note_corpo": null, "matrice": {"regime_amministrativo": "fipsas", "regime_amministrativo_etichetta": "FIPSAS", "classificazione_biologica": "C", "classificazione_etichetta": "Cat. C", "modalita": "sponda", "tipo_geometria_normativa": "poligono", "eredita": [{"livello": 1, "asse": "classificazione_biologica", "id": "C", "blocco": "ordinario_C_lago"}, {"livello": 1, "asse": "regime_amministrativo", "id": "fipsas", "sostituisce_biologia": false}, {"livello": 2, "asse": "modalita_pesca", "id": "sponda"}, {"livello": 4, "asse": "segmento", "id": "lago_ganna_divieto", "effetto": "taglio"}]}}, "fonte_geometria": "reticolo_regionale_lombardia", "nome_regionale": "Ganna (lago)", "bacino_regionale": "TICINO", "sottobacino": "Lago Maggiore (Verbano)", "cod_ptua16": "IT03POLSGALN1LO", "natura": "naturale", "regole_natante": {"zona_id": "lago_ganna_divieto", "zona_nome": "Lago di Ganna — divieto su tutto il bacino", "corpo_idrico": "lago_ganna", "corpo_nome": "Lago di Ganna", "regime": "divieto", "regime_etichetta": "Divieto — protezione e ripopolamento", "regime_descrizione": "Zona di protezione e ripopolamento: pesca vietata a chiunque.", "tipo_acqua": "C", "tipo_acqua_etichetta": "Tipo C (ciprinicole)", "pesca_consentita": false, "priorita": 100, "estensione": {"tipo": "intero_corpo", "descrizione": "Tutto il bacino lacustre"}, "calendario": null, "attrezzatura": null, "esche": null, "tecniche": null, "prelievo": {"tipo": "nessuno", "rilascio_obbligatorio": null, "capi_trattenibili": 0}, "permessi": {"pacchetto": {"id": "nessuno", "etichetta": "Nessun permesso abilita la pesca", "richiede_contributo_extra": false, "richiede_tesserino": false, "note": "Zona di divieto.", "documenti": [], "costo_totale_eur": null, "costo_noto_eur": 0, "alternativa_non_tesserati": null}, "varianti": []}, "vincoli_speciali": [], "interpretazioni": [], "fonti": [{"livello": "testuale", "riferimento": "Appendice II — Zone di protezione e ripopolamento", "estratto": "Zone di protezione e ripopolamento, con divieto di pesca"}, {"livello": "testuale", "riferimento": "Provincia di Varese — Zone di protezione e ripopolamento, laghi", "estratto": "Lago di Ganna: la pesca è vietata in tutto il bacino lacustre."}], "note_corpo": null, "matrice": {"regime_amministrativo": "fipsas", "regime_amministrativo_etichetta": "FIPSAS", "classificazione_biologica": "C", "classificazione_etichetta": "Cat. C", "modalita": "natante", "tipo_geometria_normativa": "poligono", "eredita": [{"livello": 1, "asse": "classificazione_biologica", "id": "C", "blocco": "ordinario_C_lago"}, {"livello": 1, "asse": "regime_amministrativo", "id": "fipsas", "sostituisce_biologia": false}, {"livello": 2, "asse": "modalita_pesca", "id": "natante"}, {"livello": 4, "asse": "segmento", "id": "lago_ganna_divieto", "effetto": "taglio"}]}}, "id": "lago_ganna_037"}}, {"type": "Feature", "geometry": {"type": "Polygon", "coordinates": [[[8.82005, 45.91561], [8.82063, 45.91485], [8.82151, 45.91447], [8.82187, 45.91422], [8.82199, 45.91397], [8.82193, 45.9133], [8.82221, 45.91275], [8.82274, 45.91241], [8.82319, 45.91197], [8.82346, 45.91184], [8.82366, 45.91183], [8.82471, 45.91194], [8.82508, 45.91193], [8.82532, 45.9118], [8.82541, 45.91163], [8.82542, 45.91111], [8.82519, 45.91078], [8.82493, 45.91056], [8.82482, 45.91023], [8.82501, 45.91026], [8.82504, 45.91043], [8.82522, 45.91064], [8.82548, 45.91078], [8.82547, 45.91101], [8.82562, 45.91155], [8.82541, 45.91202], [8.82547, 45.91262], [8.82571, 45.91327], [8.82574, 45.91362], [8.82544, 45.91389], [8.8251, 45.91394], [8.82455, 45.91392], [8.82421, 45.91407], [8.82398, 45.91435], [8.82379, 45.91473], [8.82378, 45.9149], [8.82396, 45.91534], [8.82429, 45.9157], [8.82441, 45.91592], [8.8248, 45.91644], [8.82482, 45.91657], [8.8247, 45.91715], [8.82446, 45.91747], [8.82441, 45.91806], [8.82419, 45.91838], [8.82386, 45.91854], [8.82332, 45.91864], [8.82253, 45.91933], [8.82234, 45.91975], [8.82237, 45.92025], [8.82233, 45.92048], [8.82218, 45.92073], [8.82188, 45.9209], [8.82097, 45.92116], [8.82058, 45.92132], [8.82033, 45.92149], [8.81983, 45.92198], [8.81943, 45.92261], [8.81915, 45.92261], [8.81902, 45.92243], [8.8186, 45.92155], [8.8185, 45.92119], [8.81861, 45.92079], [8.81963, 45.92028], [8.82055, 45.91968], [8.82073, 45.91951], [8.82089, 45.919], [8.82085, 45.91859], [8.82101, 45.91818], [8.82108, 45.91775], [8.821, 45.91749], [8.82097, 45.91704], [8.82071, 45.91652], [8.82043, 45.9163], [8.82038, 45.91606], [8.82005, 45.91588], [8.82005, 45.91561]]]}, "properties": {"nome_tratto": "Lago di Ghirla", "corpo_idrico": "lago_ghirla", "corpo_nome": "Lago di Ghirla", "layer": "base", "segmento_id": null, "zona_id": "lago_ghirla_residuo", "regime": "ordinario_C_lago", "regime_etichetta": "Regime Ordinario C — Lago (FIPSAS)", "tipo_acqua": "C", "pesca_consentita": true, "geometria": "Polygon", "matrice": {"regime_amministrativo": "fipsas", "regime_amministrativo_etichetta": "FIPSAS", "classificazione_biologica": "C", "classificazione_etichetta": "Cat. C", "modalita": "sponda", "tipo_geometria_normativa": "poligono", "eredita": [{"livello": 1, "asse": "classificazione_biologica", "id": "C", "blocco": "ordinario_C_lago"}, {"livello": 1, "asse": "regime_amministrativo", "id": "fipsas", "sostituisce_biologia": false}, {"livello": 2, "asse": "modalita_pesca", "id": "sponda"}, {"livello": 3, "asse": "eccezione_locale", "id": "lago_ghirla", "chiavi": ["prelievo", "sponda.permessi"]}]}, "regole": {"zona_id": "lago_ghirla_residuo", "zona_nome": "Lago di Ghirla — Regime Ordinario C — Lago (FIPSAS)", "corpo_idrico": "lago_ghirla", "corpo_nome": "Lago di Ghirla", "regime": "ordinario_C_lago", "regime_etichetta": "Regime Ordinario C — Lago (FIPSAS)", "regime_descrizione": "Lago minore ciprinicolo in concessione FIPSAS, con regole specifiche per riva e belly boat.", "tipo_acqua": "C", "tipo_acqua_etichetta": "Tipo C (ciprinicole)", "pesca_consentita": true, "priorita": 10, "estensione": {"tipo": "residuale", "descrizione": "Fuori dai tagli restrittivi (No-Kill, divieto, riserva)."}, "calendario": {"stagione": {"id": "tutto_anno", "etichetta": "Tutto l'anno", "inizio": null, "fine": null, "testo": "Tutto l'anno (salvo periodi di divieto per specie, par. 4.4)", "fonte": {"livello": "derivata", "riferimento": "par. 4.4", "estratto": ""}}, "giorni": {"id": "tutti_i_giorni", "etichetta": "Tutti i giorni", "settimana": ["lun", "mar", "mer", "gio", "ven", "sab", "dom"], "festivi_aggiuntivi": [], "testo": "Tutti i giorni della settimana", "fonte": {"livello": "derivata", "riferimento": "", "estratto": ""}}, "fascia_oraria": {"id": "h24_notturna_da_riva", "etichetta": "H24 (notturna solo da riva)", "da": null, "a": null, "notturna": {"consentita": true, "condizioni": ["solo da riva", "canna armata con max 5 ami"]}, "testo": "Pesca anche notturna, ma solo da riva e con canna armata con al massimo 5 ami", "fonte": {"livello": "testuale", "riferimento": "par. 4.8", "estratto": "Pesca notturna ammessa in tipo A e C, da riva, canna con max cinque ami"}}, "periodi_speciali": []}, "attrezzatura": {"attrezzi_ammessi": ["canna"], "canne_max": 3, "esche_max_per_canna": 5, "ami_max_per_canna": null, "ardiglione": "ammesso", "spazio_sponda_max_m": 10}, "esche": {"consentite": ["naturale", "artificiale"], "vietate": [], "pasturazione": "limitata_par_4_11"}, "tecniche": {"consentite": ["canna_da_riva", "pesca_notturna"], "vietate": ["imbarcazione"], "condizionate": []}, "prelievo": {"tipo": "ordinario", "rilascio_obbligatorio": false, "capi_trattenibili": "secondo limiti di cattura", "specie_sempre_protette_extra": [], "limiti_ref": "limiti_cattura", "misure_minime_cm": {"trota_fario": 25, "trota_marmorata": 40, "temolo": 35, "luccio": 60, "persico_reale": 18, "salmerino_alpino": 30}, "specie_protette": ["cobiti", "lasca", "scazzone", "anguilla", "savetta", "barbo canino", "lampreda padana", "pigo", "trota macrostigma"], "limiti": {"per_specie": {"luccio": 1, "trota_marmorata": 1, "temolo": 2}, "salmonidi_complessivi": 6, "kg_giornalieri_max": 5, "stop_al_limite": ["luccio", "salmonidi"], "obbligo_recisione_pinna_caudale": ["trote", "luccio", "coregone", "persico reale", "salmerino", "temolo", "siluro"], "fonte": {"livello": "testuale", "riferimento": "par. 4.5–4.6", "estratto": "luccio 1; trota marmorata 1; temolo 2; «6 capi complessivi di trote, salmerini e temoli»; massimo 5 kg/giorno di fauna ittica"}}}, "permessi": {"pacchetto": {"id": "fipsas_lago_riva", "etichetta": "Lago di Ghirla da riva", "richiede_contributo_extra": true, "richiede_tesserino": true, "note": "Chi ha già versato il contributo annuale (€ 30) non deve il ridotto.", "documenti": [{"id": "licenza_B", "etichetta": "Licenza di pesca tipo B", "costo_eur": 23.0, "ente": "Regione Lombardia (tassa regionale)", "validita": "12 mesi", "esenzioni": ["Residenti in Italia con meno di 18 anni", "Residenti in Italia con più di 65 anni", "Soggetti L. 104/1992 art. 3 (se pescano solo con canna)"], "fonte": {"livello": "testuale", "riferimento": "PESCARE NEI FIUMI/TORRENTI/CANALI", "estratto": "Licenza di pesca tipo B (€ 23,00)"}}, {"id": "tessera_fipsas", "etichetta": "Tessera FIPSAS", "costo_eur": 30.0, "costi_ridotti": [{"costo_eur": 6.0, "condizione": "nati dopo il 01.01.2011"}], "ente": "FIPSAS", "validita": "anno solare", "esenzioni": [], "fonte": {"livello": "testuale", "riferimento": "PESCARE NEI FIUMI/TORRENTI/CANALI", "estratto": "Tessera FIPSAS (€ 30,00; € 6,00 nati dopo il 01.01.2011)"}}, {"id": "contributo_gestione_ridotto", "etichetta": "Contributo di gestione RIDOTTO FIPSAS Varese", "costo_eur": 15.0, "ente": "FIPSAS Varese (concessionario)", "validita": "anno solare", "ambito": ["pesca da riva nei laghi con rive in verde (es. Lago di Ghirla)"], "assorbito_da": "contributo_gestione_annuale", "esenzioni": ["Nati dopo il 01.01.2008", "Disabili L. 104/1992 art. 3 c. 3"], "fonte": {"livello": "testuale", "riferimento": "Scheda Lago di Ghirla", "estratto": "Contributo di Gestione RIDOTTO FIPSAS Varese € 15 […] Chi ha già il contributo annuale € 30 non deve il ridotto da riva."}}, {"id": "tesserino_segnapesci", "etichetta": "Tesserino segnapesci del concessionario", "costo_eur": null, "ente": "FIPSAS Varese", "non_richiesto_se": ["permesso_giornaliero"], "punti_distribuzione": ["GERMIGNAGA PESCA — Piazza 20 Settembre, 29, Germignaga (VA)"], "fonte": {"livello": "testuale", "riferimento": "PESCARE NEI FIUMI/TORRENTI/CANALI", "estratto": "Tesserino segna pesci del Concessionario […] non è obbligatorio per chi utilizza il permesso giornaliero di pesca"}}], "costo_totale_eur": null, "costo_noto_eur": 68.0, "alternativa_non_tesserati": [{"id": "licenza_B", "etichetta": "Licenza di pesca tipo B"}, {"id": "permesso_giornaliero", "etichetta": "Permesso giornaliero (non tesserati FIPSAS)"}]}, "varianti": []}, "vincoli_speciali": [], "interpretazioni": [{"campo": "calendario", "nota": "Il prontuario non fissa una stagione di apertura per le acque di tipo C né i giorni ristretti del tipo B: restano validi i periodi di divieto per specie (par. 4.4)."}, {"campo": "attrezzatura.ardiglione", "nota": "L'obbligo di amo senza ardiglione è previsto testualmente solo per il tipo B."}], "fonti": [{"livello": "testuale", "riferimento": "Regole acque tipo A e C", "estratto": "Canna da pesca. Si può pescare con un massimo di tre canne, […] armate ciascuna con un massimo di cinque esche naturali o artificiali occupando uno spazio, comunque, non superiore a dieci metri di tratto di sponda."}, {"livello": "testuale", "riferimento": "Scheda Lago di Ghirla", "estratto": "Nel lago di Ghirla è consentito solo il belly boat per la pesca a mosca o a spinning e non è consentito l’uso di imbarcazioni."}, {"livello": "testuale", "riferimento": "par. 4.2 — misure minime", "estratto": "Persico reale cm 18 nei laghi di Varese Comabbio Monate, Ghirla e del Segrino; Salmerino alpino cm 30 nel lago di Ghirla"}], "note_corpo": null, "matrice": {"regime_amministrativo": "fipsas", "regime_amministrativo_etichetta": "FIPSAS", "classificazione_biologica": "C", "classificazione_etichetta": "Cat. C", "modalita": "sponda", "tipo_geometria_normativa": "poligono", "eredita": [{"livello": 1, "asse": "classificazione_biologica", "id": "C", "blocco": "ordinario_C_lago"}, {"livello": 1, "asse": "regime_amministrativo", "id": "fipsas", "sostituisce_biologia": false}, {"livello": 2, "asse": "modalita_pesca", "id": "sponda"}, {"livello": 3, "asse": "eccezione_locale", "id": "lago_ghirla", "chiavi": ["prelievo", "sponda.permessi"]}]}}, "fonte_geometria": "reticolo_regionale_lombardia", "nome_regionale": "Ghirla (lago)", "bacino_regionale": "TICINO", "sottobacino": "Lago Maggiore (Verbano)", "cod_ptua16": "IT03POTIGHLN1LO", "natura": "naturale", "regole_natante": {"zona_id": "lago_ghirla_residuo", "zona_nome": "Lago di Ghirla — Regime Ordinario C — Lago (FIPSAS)", "corpo_idrico": "lago_ghirla", "corpo_nome": "Lago di Ghirla", "regime": "ordinario_C_lago", "regime_etichetta": "Regime Ordinario C — Lago (FIPSAS)", "regime_descrizione": "Lago minore ciprinicolo in concessione FIPSAS, con regole specifiche per riva e belly boat.", "tipo_acqua": "C", "tipo_acqua_etichetta": "Tipo C (ciprinicole)", "pesca_consentita": true, "priorita": 10, "estensione": {"tipo": "residuale", "descrizione": "Fuori dai tagli restrittivi (No-Kill, divieto, riserva)."}, "calendario": {"stagione": {"id": "tutto_anno", "etichetta": "Tutto l'anno", "inizio": null, "fine": null, "testo": "Tutto l'anno (salvo periodi di divieto per specie, par. 4.4)", "fonte": {"livello": "derivata", "riferimento": "par. 4.4", "estratto": ""}}, "giorni": {"id": "tutti_i_giorni", "etichetta": "Tutti i giorni", "settimana": ["lun", "mar", "mer", "gio", "ven", "sab", "dom"], "festivi_aggiuntivi": [], "testo": "Tutti i giorni della settimana", "fonte": {"livello": "derivata", "riferimento": "", "estratto": ""}}, "fascia_oraria": {"id": "h24_notturna_da_riva", "etichetta": "H24 (notturna solo da riva)", "da": null, "a": null, "notturna": {"consentita": true, "condizioni": ["solo da riva", "canna armata con max 5 ami"]}, "testo": "Pesca anche notturna, ma solo da riva e con canna armata con al massimo 5 ami", "fonte": {"livello": "testuale", "riferimento": "par. 4.8", "estratto": "Pesca notturna ammessa in tipo A e C, da riva, canna con max cinque ami"}}, "periodi_speciali": []}, "attrezzatura": {"attrezzi_ammessi": ["canna"], "canne_max": 3, "esche_max_per_canna": 5, "ami_max_per_canna": null, "ardiglione": "ammesso", "spazio_sponda_max_m": 10}, "esche": {"consentite": ["naturale", "artificiale"], "vietate": [], "pasturazione": "limitata_par_4_11"}, "tecniche": {"consentite": ["canna_da_riva", "pesca_notturna"], "vietate": ["imbarcazione"], "condizionate": [{"tecnica": "belly_boat", "consentita": true, "solo_con": ["mosca", "spinning"], "testo": "Belly boat ammesso solo per la pesca a mosca o a spinning (aree azzurre)"}]}, "prelievo": {"tipo": "ordinario", "rilascio_obbligatorio": false, "capi_trattenibili": "secondo limiti di cattura", "specie_sempre_protette_extra": [], "limiti_ref": "limiti_cattura", "misure_minime_cm": {"trota_fario": 25, "trota_marmorata": 40, "temolo": 35, "luccio": 60, "persico_reale": 18, "salmerino_alpino": 30}, "specie_protette": ["cobiti", "lasca", "scazzone", "anguilla", "savetta", "barbo canino", "lampreda padana", "pigo", "trota macrostigma"], "limiti": {"per_specie": {"luccio": 1, "trota_marmorata": 1, "temolo": 2}, "salmonidi_complessivi": 6, "kg_giornalieri_max": 5, "stop_al_limite": ["luccio", "salmonidi"], "obbligo_recisione_pinna_caudale": ["trote", "luccio", "coregone", "persico reale", "salmerino", "temolo", "siluro"], "fonte": {"livello": "testuale", "riferimento": "par. 4.5–4.6", "estratto": "luccio 1; trota marmorata 1; temolo 2; «6 capi complessivi di trote, salmerini e temoli»; massimo 5 kg/giorno di fauna ittica"}}}, "permessi": {"pacchetto": {"id": "fipsas_lago_belly_boat", "etichetta": "Lago di Ghirla da belly boat", "richiede_contributo_extra": true, "richiede_tesserino": true, "note": "Belly boat solo per pesca a mosca o a spinning.", "documenti": [{"id": "licenza_B", "etichetta": "Licenza di pesca tipo B", "costo_eur": 23.0, "ente": "Regione Lombardia (tassa regionale)", "validita": "12 mesi", "esenzioni": ["Residenti in Italia con meno di 18 anni", "Residenti in Italia con più di 65 anni", "Soggetti L. 104/1992 art. 3 (se pescano solo con canna)"], "fonte": {"livello": "testuale", "riferimento": "PESCARE NEI FIUMI/TORRENTI/CANALI", "estratto": "Licenza di pesca tipo B (€ 23,00)"}}, {"id": "tessera_fipsas", "etichetta": "Tessera FIPSAS", "costo_eur": 30.0, "costi_ridotti": [{"costo_eur": 6.0, "condizione": "nati dopo il 01.01.2011"}], "ente": "FIPSAS", "validita": "anno solare", "esenzioni": [], "fonte": {"livello": "testuale", "riferimento": "PESCARE NEI FIUMI/TORRENTI/CANALI", "estratto": "Tessera FIPSAS (€ 30,00; € 6,00 nati dopo il 01.01.2011)"}}, {"id": "contributo_gestione_annuale", "etichetta": "Contributo di gestione annuale FIPSAS Varese", "costo_eur": 30.0, "ente": "FIPSAS Varese (concessionario)", "validita": "anno solare", "ambito": ["acque di tipo B", "pesca da imbarcazione / belly boat", "acque evidenziate in azzurro"], "esenzioni": ["Nati dopo il 01.01.2008", "Disabili L. 104/1992 art. 3 c. 3"], "fonte": {"livello": "testuale", "riferimento": "PESCARE NEI FIUMI/TORRENTI/CANALI", "estratto": "Contributo di gestione annuale a FIPSAS Varese (€ 30,00) — per la pesca da imbarcazione e nelle acque di tipo B"}}, {"id": "tesserino_segnapesci", "etichetta": "Tesserino segnapesci del concessionario", "costo_eur": null, "ente": "FIPSAS Varese", "non_richiesto_se": ["permesso_giornaliero"], "punti_distribuzione": ["GERMIGNAGA PESCA — Piazza 20 Settembre, 29, Germignaga (VA)"], "fonte": {"livello": "testuale", "riferimento": "PESCARE NEI FIUMI/TORRENTI/CANALI", "estratto": "Tesserino segna pesci del Concessionario […] non è obbligatorio per chi utilizza il permesso giornaliero di pesca"}}], "costo_totale_eur": null, "costo_noto_eur": 83.0, "alternativa_non_tesserati": null}, "varianti": []}, "vincoli_speciali": [], "interpretazioni": [{"campo": "calendario", "nota": "Il prontuario non fissa una stagione di apertura per le acque di tipo C né i giorni ristretti del tipo B: restano validi i periodi di divieto per specie (par. 4.4)."}, {"campo": "attrezzatura.ardiglione", "nota": "L'obbligo di amo senza ardiglione è previsto testualmente solo per il tipo B."}], "fonti": [{"livello": "testuale", "riferimento": "Regole acque tipo A e C", "estratto": "Canna da pesca. Si può pescare con un massimo di tre canne, […] armate ciascuna con un massimo di cinque esche naturali o artificiali occupando uno spazio, comunque, non superiore a dieci metri di tratto di sponda."}, {"livello": "testuale", "riferimento": "Scheda Lago di Ghirla", "estratto": "Nel lago di Ghirla è consentito solo il belly boat per la pesca a mosca o a spinning e non è consentito l’uso di imbarcazioni."}, {"livello": "testuale", "riferimento": "par. 4.2 — misure minime", "estratto": "Persico reale cm 18 nei laghi di Varese Comabbio Monate, Ghirla e del Segrino; Salmerino alpino cm 30 nel lago di Ghirla"}], "note_corpo": null, "matrice": {"regime_amministrativo": "fipsas", "regime_amministrativo_etichetta": "FIPSAS", "classificazione_biologica": "C", "classificazione_etichetta": "Cat. C", "modalita": "natante", "tipo_geometria_normativa": "poligono", "eredita": [{"livello": 1, "asse": "classificazione_biologica", "id": "C", "blocco": "ordinario_C_lago"}, {"livello": 1, "asse": "regime_amministrativo", "id": "fipsas", "sostituisce_biologia": false}, {"livello": 2, "asse": "modalita_pesca", "id": "natante"}, {"livello": 3, "asse": "eccezione_locale", "id": "lago_ghirla", "chiavi": ["prelievo", "natante.tecniche", "natante.permessi"]}]}}, "id": "lago_ghirla_038"}}, {"type": "Feature", "geometry": {"type": "Polygon", "coordinates": [[[8.96601, 45.95479], [8.96702, 45.95749], [8.96727, 45.95944], [8.96792, 45.95996], [8.96804, 45.96026], [8.96783, 45.96102], [8.96806, 45.96288], [8.96886, 45.9637], [8.96877, 45.96376], [8.96945, 45.96453], [8.96925, 45.96467], [8.96951, 45.96503], [8.96966, 45.96508], [8.96983, 45.96547], [8.96994, 45.96613], [8.97009, 45.96638], [8.96998, 45.96648], [8.96996, 45.96672], [8.97005, 45.96705], [8.96991, 45.96714], [8.97, 45.96766], [8.97024, 45.96821], [8.97045, 45.9685], [8.97046, 45.96883], [8.97055, 45.96906], [8.97049, 45.96949], [8.9703, 45.9695], [8.97026, 45.96975], [8.97023, 45.9706], [8.97033, 45.97064], [8.97047, 45.9713], [8.97075, 45.97149], [8.97098, 45.97178], [8.97168, 45.97257], [8.97202, 45.97274], [8.97267, 45.97301], [8.97312, 45.9731], [8.97331, 45.97291], [8.97362, 45.97314], [8.9734, 45.97329], [8.97353, 45.97342], [8.97321, 45.97385], [8.97338, 45.97398], [8.97366, 45.9739], [8.974, 45.97404], [8.97406, 45.9742], [8.97402, 45.9745], [8.97414, 45.97471], [8.97429, 45.97476], [8.97436, 45.97497], [8.97438, 45.9754], [8.97414, 45.97565], [8.97401, 45.97598], [8.97351, 45.97617], [8.97335, 45.97629], [8.97322, 45.97681], [8.97314, 45.97691], [8.97374, 45.97717], [8.97383, 45.97779], [8.97373, 45.97827], [8.97375, 45.97858], [8.97353, 45.97884], [8.97373, 45.97906], [8.97461, 45.97943], [8.97485, 45.97963], [8.97525, 45.98013], [8.97554, 45.98037], [8.97596, 45.98087], [8.97596, 45.98111], [8.97618, 45.98137], [8.97635, 45.98134], [8.97666, 45.98179], [8.97677, 45.98208], [8.97698, 45.98243], [8.977, 45.98282], [8.9771, 45.98298], [8.97942, 45.98438], [8.97964, 45.98475], [8.98019, 45.98512], [8.98073, 45.98519], [8.98105, 45.98542], [8.9815, 45.98616], [8.98215, 45.98661], [8.98421, 45.98712], [8.98551, 45.98793], [8.98616, 45.988], [8.98854, 45.98881], [8.98942, 45.98948], [8.99049, 45.98947], [8.99169, 45.99006], [8.99341, 45.99012], [8.99557, 45.99055], [8.9972, 45.99121], [8.99763, 45.99121], [8.99839, 45.99143], [8.99882, 45.99165], [8.99948, 45.99225], [9.00111, 45.99291], [9.00218, 45.99282], [9.00402, 45.99326], [9.00543, 45.99385], [9.00782, 45.99511], [9.00924, 45.99607], [9.01034, 45.99704], [9.01056, 45.99771], [9.01154, 45.99823], [9.01219, 45.99838], [9.01391, 45.99836], [9.01446, 45.99858], [9.01639, 45.99856], [9.01856, 45.999], [9.02028, 45.99913], [9.02202, 45.99972], [9.02266, 45.99963], [9.02448, 46.00079], [9.02509, 46.00103], [9.02593, 46.00105], [9.0263, 46.00117], [9.02635, 46.00161], [9.02672, 46.00188], [9.02711, 46.00201], [9.02765, 46.00225], [9.02791, 46.00262], [9.02871, 46.00298], [9.02932, 46.00347], [9.03023, 46.00411], [9.03099, 46.00463], [9.03132, 46.00476], [9.03275, 46.00538], [9.03292, 46.00564], [9.03321, 46.00575], [9.03351, 46.00606], [9.0339, 46.00623], [9.03446, 46.00637], [9.03468, 46.00663], [9.03596, 46.00747], [9.03648, 46.00838], [9.03668, 46.0086], [9.03712, 46.00892], [9.03732, 46.00921], [9.03768, 46.00952], [9.03845, 46.01012], [9.03939, 46.01062], [9.03985, 46.01092], [9.04013, 46.01104], [9.04065, 46.01114], [9.04113, 46.01139], [9.04193, 46.01164], [9.04247, 46.01163], [9.04327, 46.01188], [9.04382, 46.012], [9.04452, 46.01196], [9.04475, 46.01188], [9.04518, 46.0116], [9.04578, 46.01146], [9.04683, 46.01137], [9.04742, 46.01138], [9.04805, 46.01122], [9.04815, 46.01098], [9.04898, 46.01069], [9.04911, 46.01067], [9.04946, 46.01083], [9.05056, 46.01164], [9.05069, 46.01197], [9.05107, 46.01213], [9.05144, 46.012], [9.05129, 46.01171], [9.05132, 46.01157], [9.05161, 46.01157], [9.05186, 46.01137], [9.05214, 46.01141], [9.05292, 46.01166], [9.0537, 46.01132], [9.05391, 46.01149], [9.05468, 46.01136], [9.05499, 46.01138], [9.05546, 46.01129], [9.05681, 46.01122], [9.05735, 46.01109], [9.0576, 46.01119], [9.05842, 46.01103], [9.05885, 46.011], [9.05916, 46.01093], [9.05927, 46.0107], [9.05977, 46.01041], [9.06012, 46.01029], [9.06035, 46.01054], [9.06063, 46.01062], [9.06063, 46.01031], [9.06072, 46.0102], [9.06161, 46.00994], [9.06198, 46.01002], [9.06243, 46.01026], [9.06314, 46.01056], [9.06383, 46.01053], [9.06409, 46.01057], [9.06486, 46.01053], [9.06589, 46.01038], [9.06648, 46.01024], [9.06663, 46.01015], [9.0671, 46.01008], [9.06743, 46.0101], [9.0684, 46.01002], [9.0693, 46.00987], [9.06975, 46.00942], [9.07023, 46.00934], [9.07088, 46.00956], [9.07124, 46.0095], [9.07192, 46.00945], [9.0722, 46.00931], [9.07277, 46.00918], [9.07349, 46.00913], [9.07414, 46.00915], [9.07506, 46.00921], [9.07563, 46.00917], [9.07608, 46.00907], [9.07676, 46.00886], [9.07766, 46.00843], [9.07849, 46.00829], [9.07891, 46.00811], [9.07977, 46.00782], [9.07994, 46.00773], [9.08071, 46.00749], [9.08078, 46.00756], [9.08209, 46.00726], [9.08245, 46.00733], [9.08284, 46.00763], [9.08338, 46.0081], [9.08361, 46.00821], [9.08384, 46.00841], [9.08419, 46.00861], [9.08469, 46.009], [9.08489, 46.00909], [9.08527, 46.00911], [9.0856, 46.00898], [9.08588, 46.00879], [9.08693, 46.00821], [9.08714, 46.00789], [9.08745, 46.00762], [9.08809, 46.00737], [9.08843, 46.00734], [9.08935, 46.0076], [9.09006, 46.00763], [9.09052, 46.0077], [9.09099, 46.00764], [9.09151, 46.00764], [9.0923, 46.00755], [9.09288, 46.00764], [9.09379, 46.00816], [9.09429, 46.00834], [9.09463, 46.00853], [9.09534, 46.00887], [9.09624, 46.00921], [9.09668, 46.00953], [9.09738, 46.00985], [9.09819, 46.01011], [9.09871, 46.01049], [9.09946, 46.01075], [9.1, 46.01106], [9.10121, 46.01151], [9.10151, 46.01175], [9.10216, 46.01217], [9.10286, 46.01252], [9.103, 46.01265], [9.10398, 46.0131], [9.10431, 46.01329], [9.10438, 46.01342], [9.10476, 46.01372], [9.1049, 46.01392], [9.10468, 46.01444], [9.10464, 46.01482], [9.10474, 46.01498], [9.10531, 46.01547], [9.10586, 46.01563], [9.10652, 46.01571], [9.10709, 46.01572], [9.10769, 46.01565], [9.10802, 46.01586], [9.10829, 46.0161], [9.10877, 46.01643], [9.10909, 46.01656], [9.10931, 46.01675], [9.10984, 46.01738], [9.10998, 46.01748], [9.11074, 46.0178], [9.111, 46.01794], [9.11149, 46.01836], [9.11245, 46.01865], [9.11353, 46.01878], [9.11394, 46.01886], [9.11447, 46.0191], [9.1149, 46.0194], [9.11545, 46.01969], [9.1156, 46.01989], [9.1162, 46.02038], [9.11655, 46.02073], [9.11683, 46.02109], [9.11712, 46.02133], [9.11764, 46.02162], [9.11813, 46.022], [9.11833, 46.02221], [9.11904, 46.02268], [9.11995, 46.02306], [9.12064, 46.02317], [9.12106, 46.02331], [9.12145, 46.02357], [9.12153, 46.02375], [9.12153, 46.02423], [9.12163, 46.0245], [9.12217, 46.02491], [9.12227, 46.02515], [9.12263, 46.02535], [9.12304, 46.02545], [9.12382, 46.02547], [9.12423, 46.02531], [9.12447, 46.02529], [9.12491, 46.02546], [9.12493, 46.02618], [9.125, 46.02649], [9.12529, 46.02683], [9.12519, 46.02731], [9.12477, 46.02757], [9.1247, 46.02771], [9.12508, 46.02782], [9.12496, 46.0282], [9.1246, 46.02831], [9.12427, 46.02862], [9.12389, 46.02878], [9.12358, 46.02898], [9.12295, 46.0292], [9.12276, 46.02934], [9.12264, 46.02966], [9.12268, 46.02996], [9.12283, 46.03029], [9.12313, 46.03043], [9.12351, 46.03075], [9.12356, 46.03092], [9.12315, 46.03165], [9.12304, 46.03194], [9.12275, 46.03213], [9.1224, 46.03253], [9.12205, 46.03285], [9.12168, 46.03302], [9.12109, 46.03284], [9.12075, 46.03287], [9.12066, 46.03296], [9.11998, 46.03319], [9.11971, 46.03331], [9.11937, 46.03377], [9.11906, 46.03394], [9.11878, 46.0339], [9.11864, 46.03422], [9.11816, 46.03488], [9.11798, 46.03506], [9.1177, 46.03523], [9.11773, 46.03531], [9.11676, 46.03607], [9.11627, 46.0363], [9.11579, 46.03629], [9.11523, 46.03619], [9.11489, 46.0361], [9.11417, 46.0358], [9.11373, 46.0355], [9.11343, 46.03549], [9.11316, 46.03541], [9.11272, 46.03468], [9.11254, 46.03456], [9.11204, 46.03464], [9.11175, 46.03457], [9.11143, 46.03458], [9.11082, 46.03443], [9.11039, 46.03404], [9.10999, 46.03413], [9.10973, 46.03397], [9.10917, 46.03399], [9.10895, 46.03391], [9.10817, 46.03334], [9.10777, 46.03329], [9.1075, 46.03305], [9.10686, 46.03284], [9.10656, 46.0326], [9.10643, 46.0324], [9.10624, 46.03233], [9.10508, 46.03212], [9.10491, 46.03169], [9.10476, 46.03143], [9.10444, 46.03123], [9.10426, 46.03103], [9.10395, 46.03086], [9.10316, 46.03073], [9.1026, 46.03036], [9.10233, 46.03011], [9.10189, 46.02994], [9.10125, 46.02949], [9.10072, 46.02904], [9.10047, 46.02876], [9.10047, 46.02857], [9.1, 46.02815], [9.09957, 46.02784], [9.09951, 46.02773], [9.09911, 46.02754], [9.0988, 46.02727], [9.0988, 46.02701], [9.09803, 46.02655], [9.09788, 46.02649], [9.09729, 46.02644], [9.09685, 46.02628], [9.09636, 46.02618], [9.09617, 46.02595], [9.09501, 46.02559], [9.09447, 46.0255], [9.09416, 46.02529], [9.09387, 46.02521], [9.0935, 46.02493], [9.0932, 46.02488], [9.09256, 46.02447], [9.09183, 46.02452], [9.09086, 46.02443], [9.09004, 46.02409], [9.08912, 46.02392], [9.08858, 46.02384], [9.08828, 46.02384], [9.08773, 46.02393], [9.08685, 46.02393], [9.08612, 46.02405], [9.08507, 46.02405], [9.08441, 46.02413], [9.08384, 46.02417], [9.08342, 46.02414], [9.08321, 46.02404], [9.08287, 46.02401], [9.08214, 46.02377], [9.08166, 46.02356], [9.08067, 46.02364], [9.08031, 46.02383], [9.07956, 46.02394], [9.07922, 46.02404], [9.07827, 46.02412], [9.07778, 46.02413], [9.07762, 46.02409], [9.07682, 46.02407], [9.0763, 46.02401], [9.07567, 46.02399], [9.07499, 46.02393], [9.07466, 46.02399], [9.07391, 46.02399], [9.07342, 46.02407], [9.07292, 46.02402], [9.07262, 46.02387], [9.07178, 46.02389], [9.07153, 46.02399], [9.07059, 46.02401], [9.06992, 46.0238], [9.06929, 46.02354], [9.06883, 46.02346], [9.06805, 46.02345], [9.0677, 46.02355], [9.06742, 46.02355], [9.06708, 46.0234], [9.06663, 46.02344], [9.06633, 46.02361], [9.06556, 46.02369], [9.06518, 46.02358], [9.06447, 46.02365], [9.06418, 46.02377], [9.06363, 46.02379], [9.06338, 46.02385], [9.06319, 46.024], [9.06289, 46.02403], [9.06248, 46.0243], [9.06224, 46.02435], [9.06195, 46.02426], [9.06161, 46.02405], [9.06066, 46.02401], [9.06037, 46.02397], [9.06014, 46.02375], [9.05982, 46.02373], [9.05968, 46.02363], [9.05935, 46.02363], [9.05903, 46.02378], [9.05861, 46.02388], [9.05794, 46.02396], [9.057, 46.02399], [9.05664, 46.02403], [9.05619, 46.02397], [9.05539, 46.02401], [9.05503, 46.02418], [9.05467, 46.02443], [9.05446, 46.0245], [9.05381, 46.02437], [9.05343, 46.02424], [9.05282, 46.02416], [9.05189, 46.02412], [9.05164, 46.02428], [9.05142, 46.02455], [9.05097, 46.02499], [9.05084, 46.02524], [9.05059, 46.02532], [9.04986, 46.02538], [9.04862, 46.02552], [9.04792, 46.02553], [9.04713, 46.02525], [9.04661, 46.02511], [9.04601, 46.02488], [9.04589, 46.02475], [9.04539, 46.02458], [9.04442, 46.02436], [9.04403, 46.02436], [9.0429, 46.02458], [9.04289, 46.0247], [9.04247, 46.02464], [9.04176, 46.02402], [9.04161, 46.02371], [9.04133, 46.02341], [9.04071, 46.02312], [9.03965, 46.02283], [9.03863, 46.02265], [9.03809, 46.02251], [9.03711, 46.02243], [9.03683, 46.02236], [9.03582, 46.02191], [9.03439, 46.02161], [9.03403, 46.02146], [9.03335, 46.02129], [9.03257, 46.02123], [9.03159, 46.02119], [9.0314, 46.02115], [9.03092, 46.02095], [9.03033, 46.02075], [9.0296, 46.02064], [9.02913, 46.02036], [9.02821, 46.02], [9.02805, 46.01998], [9.02749, 46.01967], [9.02676, 46.01941], [9.02596, 46.01897], [9.02458, 46.01841], [9.02467, 46.01822], [9.02442, 46.018], [9.02406, 46.01781], [9.02357, 46.01736], [9.02305, 46.01711], [9.02261, 46.01679], [9.02253, 46.01661], [9.02155, 46.01619], [9.02111, 46.01574], [9.01969, 46.01485], [9.01828, 46.01419], [9.01666, 46.01382], [9.01601, 46.01353], [9.01481, 46.01271], [9.01415, 46.01212], [9.0135, 46.01205], [9.01263, 46.01175], [9.01177, 46.01131], [9.0098, 46.01013], [9.00631, 46.00722], [9.00229, 46.00531], [9.00099, 46.00494], [8.99862, 46.00504], [8.99721, 46.00438], [8.99645, 46.00416], [8.99505, 46.00409], [8.99408, 46.00418], [8.99321, 46.00381], [8.99192, 46.00367], [8.99126, 46.0033], [8.99126, 46.00307], [8.99093, 46.00285], [8.99007, 46.00248], [8.9879, 46.00182], [8.98649, 46.00123], [8.98497, 46.00102], [8.98324, 46.00028], [8.98086, 46.00008], [8.97849, 46.00003], [8.97656, 46.00019], [8.9757, 46.00043], [8.97346, 46.00165], [8.97325, 46.00195], [8.97336, 46.00225], [8.97315, 46.00263], [8.97197, 46.00264], [8.97165, 46.00287], [8.97081, 46.00475], [8.96932, 46.00537], [8.96598, 46.0054], [8.96554, 46.00495], [8.96402, 46.00459], [8.96358, 46.00406], [8.96326, 46.00407], [8.9624, 46.00423], [8.96228, 46.0037], [8.96336, 46.00324], [8.96302, 46.00249], [8.96269, 46.00235], [8.96216, 46.00265], [8.96162, 46.00266], [8.96099, 46.00326], [8.96024, 46.00364], [8.9597, 46.00365], [8.95959, 46.00387], [8.95906, 46.00418], [8.95744, 46.00412], [8.95636, 46.00345], [8.95592, 46.00338], [8.9556, 46.00353], [8.95377, 46.00355], [8.95269, 46.00326], [8.95117, 46.00244], [8.95073, 46.00192], [8.95039, 46.00117], [8.95039, 46.00064], [8.95068, 45.99906], [8.95046, 45.99869], [8.94894, 45.99765], [8.94848, 45.99645], [8.94749, 45.99495], [8.94747, 45.99383], [8.94789, 45.99284], [8.94842, 45.99246], [8.94939, 45.99238], [8.94959, 45.99163], [8.9498, 45.9914], [8.95152, 45.99078], [8.95258, 45.9901], [8.95376, 45.98956], [8.95495, 45.98955], [8.95579, 45.98872], [8.95729, 45.98788], [8.95716, 45.9869], [8.95758, 45.98607], [8.95725, 45.98577], [8.95735, 45.98502], [8.95702, 45.9848], [8.95701, 45.98419], [8.95722, 45.98389], [8.95797, 45.98336], [8.95807, 45.98298], [8.9572, 45.98261], [8.95666, 45.98209], [8.95663, 45.98036], [8.95767, 45.97847], [8.95767, 45.97795], [8.95744, 45.97742], [8.95602, 45.97578], [8.95447, 45.97354], [8.95349, 45.97272], [8.95184, 45.97085], [8.95052, 45.96876], [8.94985, 45.96733], [8.95004, 45.96598], [8.94949, 45.96516], [8.94926, 45.96418], [8.94934, 45.9626], [8.9491, 45.96102], [8.94907, 45.95907], [8.94947, 45.95726], [8.95001, 45.95688], [8.95038, 45.95574], [8.96601, 45.95479]]]}, "properties": {"nome_tratto": "Lago di Lugano (Ceresio)", "corpo_idrico": "lago_lugano", "corpo_nome": "Lago di Lugano (Ceresio)", "layer": "base", "segmento_id": null, "zona_id": "lago_lugano_residuo", "regime": "cispp", "regime_etichetta": "Regime CISPP (Commissione italo-svizzera)", "tipo_acqua": "fuori_cap4", "pesca_consentita": true, "geometria": "Polygon", "matrice": {"regime_amministrativo": "italo_svizzera", "regime_amministrativo_etichetta": "Italo-Svizzera", "classificazione_biologica": "fuori_cap4", "classificazione_etichetta": "Fuori dal cap. 4", "modalita": "sponda", "tipo_geometria_normativa": "poligono", "eredita": [{"livello": 1, "asse": "regime_amministrativo", "id": "italo_svizzera", "blocco": "cispp_lago", "sostituisce_biologia": true}, {"livello": 1, "asse": "classificazione_biologica", "id": "fuori_cap4", "ruolo": "attributo parallelo, non operativo"}, {"livello": 2, "asse": "modalita_pesca", "id": "sponda"}, {"livello": 3, "asse": "eccezione_locale", "id": "lago_lugano", "chiavi": ["permessi"]}]}, "regole": {"zona_id": "lago_lugano_residuo", "zona_nome": "Lago di Lugano (Ceresio) — Regime CISPP (Commissione italo-svizzera)", "corpo_idrico": "lago_lugano", "corpo_nome": "Lago di Lugano (Ceresio)", "regime": "cispp", "regime_etichetta": "Regime CISPP (Commissione italo-svizzera)", "regime_descrizione": "Acque regolate dalla Convenzione italo-svizzera: regole diverse dal cap. 4 del prontuario.", "tipo_acqua": "fuori_cap4", "tipo_acqua_etichetta": "Fuori dal cap. 4 (CISPP)", "pesca_consentita": true, "priorita": 10, "estensione": {"tipo": "residuale", "descrizione": "Fuori dai tagli restrittivi (No-Kill, divieto, riserva)."}, "calendario": {"stagione": {"id": "rinvio_cispp", "etichetta": "Calendario CISPP", "inizio": null, "fine": null, "rinvio_esterno": "https://www.cispp.org/", "testo": "Calendario stabilito dal Regolamento di applicazione CISPP (in vigore dal 1° gennaio 2025)", "fonte": {"livello": "testuale", "riferimento": "Premessa cap. 4", "estratto": "Nel Verbano, nel Ceresio e nel fiume Tresa, la pesca è regolamentata in modo differente"}}, "giorni": {"id": "tutti_i_giorni", "etichetta": "Tutti i giorni", "settimana": ["lun", "mar", "mer", "gio", "ven", "sab", "dom"], "festivi_aggiuntivi": [], "testo": "Tutti i giorni della settimana", "fonte": {"livello": "derivata", "riferimento": "", "estratto": ""}}, "fascia_oraria": {"id": "rinvio_cispp", "etichetta": "Orari CISPP", "da": null, "a": null, "rinvio_esterno": "https://www.cispp.org/", "testo": "Pesca notturna solo nei tratti CISPP specifici del Tresa", "fonte": {"livello": "testuale", "riferimento": "Regolamento CISPP (sintesi prontuario)", "estratto": "Pesca notturna solo in tratti CISPP specifici"}}, "periodi_speciali": []}, "attrezzatura": {"attrezzi_ammessi": ["canna"], "canne_max": 2, "esche_max_per_canna": null, "esche_max_per_pescatore": 10, "ami_max_per_canna": null, "ardiglione": "ammesso", "spazio_sponda_max_m": null}, "esche": {"consentite": ["naturale", "artificiale"], "vietate": ["pesce_vivo_fuori_comunita"], "pasturazione": "secondo_cispp"}, "tecniche": {"consentite": ["canna_da_riva", "imbarcazione"], "vietate": ["pesca_a_strappo"], "condizionate": []}, "prelievo": {"tipo": "ordinario", "rilascio_obbligatorio": false, "capi_trattenibili": "secondo Regolamento CISPP", "specie_sempre_protette_extra": ["alborella", "temolo", "anguilla", "storioni_autoctoni", "pigo", "savetta"], "limiti_ref": null, "misure_minime_cm": {"trota_fario": 25, "trota_marmorata": 40, "temolo": 35, "luccio": 45, "persico_reale": 18, "salmerino_alpino": 25, "agone": 20, "carpa": 30, "coregone_bondella": 25, "coregone_lavarello": 30, "lucioperca": 40, "persico_trota": 20, "tinca": 30, "trota": 40}, "specie_protette": ["cobiti", "lasca", "scazzone", "anguilla", "savetta", "barbo canino", "lampreda padana", "pigo", "trota macrostigma", "alborella", "temolo", "anguilla", "storioni_autoctoni", "pigo", "savetta"]}, "permessi": {"pacchetto": {"id": null, "etichetta": "Permesso territoriale del Ceresio", "documenti": [], "note": "Quattro pacchetti in variante (riva/barca, Varese oppure Como-Lecco). Nessuno è il default unico del poligono.", "richiede_contributo_extra": null, "richiede_tesserino": null, "costo_totale_eur": null, "costo_noto_eur": 0, "alternativa_non_tesserati": null}, "varianti": [{"condizione": "sponda, provincia di Varese", "pacchetto": {"id": "fipsas_ceresio_riva_va", "etichetta": "Ceresio da riva — provincia di Varese", "richiede_contributo_extra": true, "richiede_tesserino": true, "note": "Contributo ridotto € 15. Chi ha già il contributo annuale € 30 non deve il ridotto.", "documenti": [{"id": "licenza_B", "etichetta": "Licenza di pesca tipo B", "costo_eur": 23.0, "ente": "Regione Lombardia (tassa regionale)", "validita": "12 mesi", "esenzioni": ["Residenti in Italia con meno di 18 anni", "Residenti in Italia con più di 65 anni", "Soggetti L. 104/1992 art. 3 (se pescano solo con canna)"], "fonte": {"livello": "testuale", "riferimento": "PESCARE NEI FIUMI/TORRENTI/CANALI", "estratto": "Licenza di pesca tipo B (€ 23,00)"}}, {"id": "tessera_fipsas", "etichetta": "Tessera FIPSAS", "costo_eur": 30.0, "costi_ridotti": [{"costo_eur": 6.0, "condizione": "nati dopo il 01.01.2011"}], "ente": "FIPSAS", "validita": "anno solare", "esenzioni": [], "fonte": {"livello": "testuale", "riferimento": "PESCARE NEI FIUMI/TORRENTI/CANALI", "estratto": "Tessera FIPSAS (€ 30,00; € 6,00 nati dopo il 01.01.2011)"}}, {"id": "contributo_gestione_ridotto", "etichetta": "Contributo di gestione RIDOTTO FIPSAS Varese", "costo_eur": 15.0, "ente": "FIPSAS Varese (concessionario)", "validita": "anno solare", "ambito": ["pesca da riva nei laghi con rive in verde (es. Lago di Ghirla)"], "assorbito_da": "contributo_gestione_annuale", "esenzioni": ["Nati dopo il 01.01.2008", "Disabili L. 104/1992 art. 3 c. 3"], "fonte": {"livello": "testuale", "riferimento": "Scheda Lago di Ghirla", "estratto": "Contributo di Gestione RIDOTTO FIPSAS Varese € 15 […] Chi ha già il contributo annuale € 30 non deve il ridotto da riva."}}, {"id": "tesserino_segnapesci", "etichetta": "Tesserino segnapesci del concessionario", "costo_eur": null, "ente": "FIPSAS Varese", "non_richiesto_se": ["permesso_giornaliero"], "punti_distribuzione": ["GERMIGNAGA PESCA — Piazza 20 Settembre, 29, Germignaga (VA)"], "fonte": {"livello": "testuale", "riferimento": "PESCARE NEI FIUMI/TORRENTI/CANALI", "estratto": "Tesserino segna pesci del Concessionario […] non è obbligatorio per chi utilizza il permesso giornaliero di pesca"}}], "costo_totale_eur": null, "costo_noto_eur": 68.0, "alternativa_non_tesserati": [{"id": "licenza_B", "etichetta": "Licenza di pesca tipo B"}, {"id": "permesso_giornaliero", "etichetta": "Permesso giornaliero (non tesserati FIPSAS)"}]}}, {"condizione": "natante, provincia di Varese", "pacchetto": {"id": "fipsas_ceresio_barca_va", "etichetta": "Ceresio da barca — provincia di Varese", "richiede_contributo_extra": true, "richiede_tesserino": true, "note": "Contributo annuale FIPSAS Varese € 30.", "documenti": [{"id": "licenza_B", "etichetta": "Licenza di pesca tipo B", "costo_eur": 23.0, "ente": "Regione Lombardia (tassa regionale)", "validita": "12 mesi", "esenzioni": ["Residenti in Italia con meno di 18 anni", "Residenti in Italia con più di 65 anni", "Soggetti L. 104/1992 art. 3 (se pescano solo con canna)"], "fonte": {"livello": "testuale", "riferimento": "PESCARE NEI FIUMI/TORRENTI/CANALI", "estratto": "Licenza di pesca tipo B (€ 23,00)"}}, {"id": "tessera_fipsas", "etichetta": "Tessera FIPSAS", "costo_eur": 30.0, "costi_ridotti": [{"costo_eur": 6.0, "condizione": "nati dopo il 01.01.2011"}], "ente": "FIPSAS", "validita": "anno solare", "esenzioni": [], "fonte": {"livello": "testuale", "riferimento": "PESCARE NEI FIUMI/TORRENTI/CANALI", "estratto": "Tessera FIPSAS (€ 30,00; € 6,00 nati dopo il 01.01.2011)"}}, {"id": "contributo_gestione_annuale", "etichetta": "Contributo di gestione annuale FIPSAS Varese", "costo_eur": 30.0, "ente": "FIPSAS Varese (concessionario)", "validita": "anno solare", "ambito": ["acque di tipo B", "pesca da imbarcazione / belly boat", "acque evidenziate in azzurro"], "esenzioni": ["Nati dopo il 01.01.2008", "Disabili L. 104/1992 art. 3 c. 3"], "fonte": {"livello": "testuale", "riferimento": "PESCARE NEI FIUMI/TORRENTI/CANALI", "estratto": "Contributo di gestione annuale a FIPSAS Varese (€ 30,00) — per la pesca da imbarcazione e nelle acque di tipo B"}}, {"id": "tesserino_segnapesci", "etichetta": "Tesserino segnapesci del concessionario", "costo_eur": null, "ente": "FIPSAS Varese", "non_richiesto_se": ["permesso_giornaliero"], "punti_distribuzione": ["GERMIGNAGA PESCA — Piazza 20 Settembre, 29, Germignaga (VA)"], "fonte": {"livello": "testuale", "riferimento": "PESCARE NEI FIUMI/TORRENTI/CANALI", "estratto": "Tesserino segna pesci del Concessionario […] non è obbligatorio per chi utilizza il permesso giornaliero di pesca"}}], "costo_totale_eur": null, "costo_noto_eur": 83.0, "alternativa_non_tesserati": null}}, {"condizione": "sponda, province di Como e Lecco, incluso Campione d'Italia", "pacchetto": {"id": "fipsas_ceresio_riva_co", "etichetta": "Ceresio da riva — Como, Lecco, Campione d'Italia", "richiede_contributo_extra": false, "richiede_tesserino": true, "note": "La scheda CO/LC da riva non chiede il contributo di gestione.", "documenti": [{"id": "licenza_B", "etichetta": "Licenza di pesca tipo B", "costo_eur": 23.0, "ente": "Regione Lombardia (tassa regionale)", "validita": "12 mesi", "esenzioni": ["Residenti in Italia con meno di 18 anni", "Residenti in Italia con più di 65 anni", "Soggetti L. 104/1992 art. 3 (se pescano solo con canna)"], "fonte": {"livello": "testuale", "riferimento": "PESCARE NEI FIUMI/TORRENTI/CANALI", "estratto": "Licenza di pesca tipo B (€ 23,00)"}}, {"id": "tessera_fipsas", "etichetta": "Tessera FIPSAS", "costo_eur": 30.0, "costi_ridotti": [{"costo_eur": 6.0, "condizione": "nati dopo il 01.01.2011"}], "ente": "FIPSAS", "validita": "anno solare", "esenzioni": [], "fonte": {"livello": "testuale", "riferimento": "PESCARE NEI FIUMI/TORRENTI/CANALI", "estratto": "Tessera FIPSAS (€ 30,00; € 6,00 nati dopo il 01.01.2011)"}}, {"id": "tesserino_segnapesci", "etichetta": "Tesserino segnapesci del concessionario", "costo_eur": null, "ente": "FIPSAS Varese", "non_richiesto_se": ["permesso_giornaliero"], "punti_distribuzione": ["GERMIGNAGA PESCA — Piazza 20 Settembre, 29, Germignaga (VA)"], "fonte": {"livello": "testuale", "riferimento": "PESCARE NEI FIUMI/TORRENTI/CANALI", "estratto": "Tesserino segna pesci del Concessionario […] non è obbligatorio per chi utilizza il permesso giornaliero di pesca"}}], "costo_totale_eur": null, "costo_noto_eur": 53.0, "alternativa_non_tesserati": [{"id": "licenza_B", "etichetta": "Licenza di pesca tipo B"}, {"id": "permesso_giornaliero", "etichetta": "Permesso giornaliero (non tesserati FIPSAS)"}]}}, {"condizione": "natante, province di Como e Lecco, incluso Campione d'Italia", "pacchetto": {"id": "fipsas_ceresio_barca_co", "etichetta": "Ceresio da barca — Como, Lecco, Campione d'Italia", "richiede_contributo_extra": true, "richiede_tesserino": true, "note": "Contributo annuale FIPSAS € 30, distinto da quello di FIPSAS Varese.", "documenti": [{"id": "licenza_B", "etichetta": "Licenza di pesca tipo B", "costo_eur": 23.0, "ente": "Regione Lombardia (tassa regionale)", "validita": "12 mesi", "esenzioni": ["Residenti in Italia con meno di 18 anni", "Residenti in Italia con più di 65 anni", "Soggetti L. 104/1992 art. 3 (se pescano solo con canna)"], "fonte": {"livello": "testuale", "riferimento": "PESCARE NEI FIUMI/TORRENTI/CANALI", "estratto": "Licenza di pesca tipo B (€ 23,00)"}}, {"id": "tessera_fipsas", "etichetta": "Tessera FIPSAS", "costo_eur": 30.0, "costi_ridotti": [{"costo_eur": 6.0, "condizione": "nati dopo il 01.01.2011"}], "ente": "FIPSAS", "validita": "anno solare", "esenzioni": [], "fonte": {"livello": "testuale", "riferimento": "PESCARE NEI FIUMI/TORRENTI/CANALI", "estratto": "Tessera FIPSAS (€ 30,00; € 6,00 nati dopo il 01.01.2011)"}}, {"id": "contributo_gestione_co", "etichetta": "Contributo di gestione annuale FIPSAS (Como / Lecco)", "costo_eur": 30.0, "ente": "FIPSAS (province di Como e Lecco)", "validita": "anno solare", "ambito": ["pesca da barca nel Ceresio in sponda CO/LC, incluso Campione d'Italia"], "esenzioni": [], "fonte": {"livello": "testuale", "riferimento": "Scheda laghi Como, Lecco e Ceresio", "estratto": "Da barca: Contributo di Gestione annuale a FIPSAS (30 €). Da riva il contributo non è richiesto."}}, {"id": "tesserino_segnapesci", "etichetta": "Tesserino segnapesci del concessionario", "costo_eur": null, "ente": "FIPSAS Varese", "non_richiesto_se": ["permesso_giornaliero"], "punti_distribuzione": ["GERMIGNAGA PESCA — Piazza 20 Settembre, 29, Germignaga (VA)"], "fonte": {"livello": "testuale", "riferimento": "PESCARE NEI FIUMI/TORRENTI/CANALI", "estratto": "Tesserino segna pesci del Concessionario […] non è obbligatorio per chi utilizza il permesso giornaliero di pesca"}}], "costo_totale_eur": null, "costo_noto_eur": 83.0, "alternativa_non_tesserati": null}}]}, "vincoli_speciali": [{"id": "esca_viva_comunita", "testo": "Il pesce vivo da esca deve appartenere alla comunità ittica dei laghi Maggiore e di Lugano.", "livello": "testuale"}, {"id": "live_sonar", "testo": "Dalla barca è vietato l'ecoscandaglio che mostra in tempo reale la posizione dei pesci (live sonar).", "livello": "testuale"}], "interpretazioni": [{"campo": "classificazione", "nota": "Il Ceresio non compare negli elenchi tipo A, B o C del par. 4.10: il cap. 4 non lo regola. La classe è un attributo non operativo."}, {"campo": "permessi", "nota": "Le quattro schede convivono sullo stesso poligono italiano. Il confine provinciale VA/CO non è un taglio di questa fase."}, {"campo": "foce_cuccio", "nota": "Divieto permanente alla foce del Cuccio: raggio = metà larghezza del torrente + 50 m. Il raggio non si ricava dalla centerline, quindi il cerchio non è disegnato."}, {"campo": "foci_svizzere", "nota": "Vedeggio, Cassarate, Magliasina, Laveggio e le arcate della diga di Melide sono in Svizzera e non si mappano."}], "fonti": [{"livello": "testuale", "riferimento": "cap. 5 — Verbano e Ceresio", "estratto": "Fino a due canne e 10 esche. Protette alborella, temolo, anguilla, storioni autoctoni, pigo, savetta. Misure: persico reale 18, trota 40, luccio 45, lucioperca 40."}, {"livello": "testuale", "riferimento": "Scheda Lago Ceresio — Varese", "estratto": "Da riva: licenza 23, tessera 30, contributo ridotto FIPSAS Varese 15, tesserino. Da barca: contributo annuale 30."}, {"livello": "testuale", "riferimento": "Scheda Ceresio — Como e Lecco", "estratto": "Ceresio (incluso Campione d'Italia). Da riva senza contributo di gestione; da barca contributo FIPSAS 30."}, {"livello": "testuale", "riferimento": "cap. 5", "estratto": "Pesca da imbarcazione vietata da un'ora dopo il tramonto a un'ora prima del sorgere del sole."}], "note_corpo": "Si disegna solo la parte in territorio italiano, Campione d'Italia compreso. Melide e il bacino svizzero restano fuori. I permessi di riva e di barca cambiano tra Varese e Como/Lecco: il poligono non si spezza sul confine provinciale.", "matrice": {"regime_amministrativo": "italo_svizzera", "regime_amministrativo_etichetta": "Italo-Svizzera", "classificazione_biologica": "fuori_cap4", "classificazione_etichetta": "Fuori dal cap. 4", "modalita": "sponda", "tipo_geometria_normativa": "poligono", "eredita": [{"livello": 1, "asse": "regime_amministrativo", "id": "italo_svizzera", "blocco": "cispp_lago", "sostituisce_biologia": true}, {"livello": 1, "asse": "classificazione_biologica", "id": "fuori_cap4", "ruolo": "attributo parallelo, non operativo"}, {"livello": 2, "asse": "modalita_pesca", "id": "sponda"}, {"livello": 3, "asse": "eccezione_locale", "id": "lago_lugano", "chiavi": ["permessi"]}]}}, "fonte_geometria": "reticolo_regionale_lombardia", "nome_regionale": "Lugano (lago) - bacino nord", "bacino_regionale": "TICINO", "sottobacino": "Lago di Lugano (Ceresio)", "cod_ptua16": "IT03POTILULN3IN", "natura": "naturale", "regole_natante": {"zona_id": "lago_lugano_residuo", "zona_nome": "Lago di Lugano (Ceresio) — Regime CISPP (Commissione italo-svizzera)", "corpo_idrico": "lago_lugano", "corpo_nome": "Lago di Lugano (Ceresio)", "regime": "cispp", "regime_etichetta": "Regime CISPP (Commissione italo-svizzera)", "regime_descrizione": "Acque regolate dalla Convenzione italo-svizzera: regole diverse dal cap. 4 del prontuario.", "tipo_acqua": "fuori_cap4", "tipo_acqua_etichetta": "Fuori dal cap. 4 (CISPP)", "pesca_consentita": true, "priorita": 10, "estensione": {"tipo": "residuale", "descrizione": "Fuori dai tagli restrittivi (No-Kill, divieto, riserva)."}, "calendario": {"stagione": {"id": "rinvio_cispp", "etichetta": "Calendario CISPP", "inizio": null, "fine": null, "rinvio_esterno": "https://www.cispp.org/", "testo": "Calendario stabilito dal Regolamento di applicazione CISPP (in vigore dal 1° gennaio 2025)", "fonte": {"livello": "testuale", "riferimento": "Premessa cap. 4", "estratto": "Nel Verbano, nel Ceresio e nel fiume Tresa, la pesca è regolamentata in modo differente"}}, "giorni": {"id": "tutti_i_giorni", "etichetta": "Tutti i giorni", "settimana": ["lun", "mar", "mer", "gio", "ven", "sab", "dom"], "festivi_aggiuntivi": [], "testo": "Tutti i giorni della settimana", "fonte": {"livello": "derivata", "riferimento": "", "estratto": ""}}, "fascia_oraria": {"id": "rinvio_cispp", "etichetta": "Orari CISPP", "da": null, "a": null, "rinvio_esterno": "https://www.cispp.org/", "testo": "Pesca notturna solo nei tratti CISPP specifici del Tresa", "fonte": {"livello": "testuale", "riferimento": "Regolamento CISPP (sintesi prontuario)", "estratto": "Pesca notturna solo in tratti CISPP specifici"}}, "periodi_speciali": []}, "attrezzatura": {"attrezzi_ammessi": ["canna"], "canne_max": 2, "esche_max_per_canna": null, "esche_max_per_pescatore": 10, "ami_max_per_canna": null, "ardiglione": "ammesso", "spazio_sponda_max_m": null}, "esche": {"consentite": ["naturale", "artificiale"], "vietate": ["pesce_vivo_fuori_comunita"], "pasturazione": "secondo_cispp"}, "tecniche": {"consentite": ["canna_da_riva", "imbarcazione"], "vietate": ["pesca_a_strappo"], "condizionate": []}, "prelievo": {"tipo": "ordinario", "rilascio_obbligatorio": false, "capi_trattenibili": "secondo Regolamento CISPP", "specie_sempre_protette_extra": ["alborella", "temolo", "anguilla", "storioni_autoctoni", "pigo", "savetta"], "limiti_ref": null, "misure_minime_cm": {"trota_fario": 25, "trota_marmorata": 40, "temolo": 35, "luccio": 45, "persico_reale": 18, "salmerino_alpino": 25, "agone": 20, "carpa": 30, "coregone_bondella": 25, "coregone_lavarello": 30, "lucioperca": 40, "persico_trota": 20, "tinca": 30, "trota": 40}, "specie_protette": ["cobiti", "lasca", "scazzone", "anguilla", "savetta", "barbo canino", "lampreda padana", "pigo", "trota macrostigma", "alborella", "temolo", "anguilla", "storioni_autoctoni", "pigo", "savetta"]}, "permessi": {"pacchetto": {"id": null, "etichetta": "Permesso territoriale del Ceresio", "documenti": [], "note": "Quattro pacchetti in variante (riva/barca, Varese oppure Como-Lecco). Nessuno è il default unico del poligono.", "richiede_contributo_extra": null, "richiede_tesserino": null, "costo_totale_eur": null, "costo_noto_eur": 0, "alternativa_non_tesserati": null}, "varianti": [{"condizione": "sponda, provincia di Varese", "pacchetto": {"id": "fipsas_ceresio_riva_va", "etichetta": "Ceresio da riva — provincia di Varese", "richiede_contributo_extra": true, "richiede_tesserino": true, "note": "Contributo ridotto € 15. Chi ha già il contributo annuale € 30 non deve il ridotto.", "documenti": [{"id": "licenza_B", "etichetta": "Licenza di pesca tipo B", "costo_eur": 23.0, "ente": "Regione Lombardia (tassa regionale)", "validita": "12 mesi", "esenzioni": ["Residenti in Italia con meno di 18 anni", "Residenti in Italia con più di 65 anni", "Soggetti L. 104/1992 art. 3 (se pescano solo con canna)"], "fonte": {"livello": "testuale", "riferimento": "PESCARE NEI FIUMI/TORRENTI/CANALI", "estratto": "Licenza di pesca tipo B (€ 23,00)"}}, {"id": "tessera_fipsas", "etichetta": "Tessera FIPSAS", "costo_eur": 30.0, "costi_ridotti": [{"costo_eur": 6.0, "condizione": "nati dopo il 01.01.2011"}], "ente": "FIPSAS", "validita": "anno solare", "esenzioni": [], "fonte": {"livello": "testuale", "riferimento": "PESCARE NEI FIUMI/TORRENTI/CANALI", "estratto": "Tessera FIPSAS (€ 30,00; € 6,00 nati dopo il 01.01.2011)"}}, {"id": "contributo_gestione_ridotto", "etichetta": "Contributo di gestione RIDOTTO FIPSAS Varese", "costo_eur": 15.0, "ente": "FIPSAS Varese (concessionario)", "validita": "anno solare", "ambito": ["pesca da riva nei laghi con rive in verde (es. Lago di Ghirla)"], "assorbito_da": "contributo_gestione_annuale", "esenzioni": ["Nati dopo il 01.01.2008", "Disabili L. 104/1992 art. 3 c. 3"], "fonte": {"livello": "testuale", "riferimento": "Scheda Lago di Ghirla", "estratto": "Contributo di Gestione RIDOTTO FIPSAS Varese € 15 […] Chi ha già il contributo annuale € 30 non deve il ridotto da riva."}}, {"id": "tesserino_segnapesci", "etichetta": "Tesserino segnapesci del concessionario", "costo_eur": null, "ente": "FIPSAS Varese", "non_richiesto_se": ["permesso_giornaliero"], "punti_distribuzione": ["GERMIGNAGA PESCA — Piazza 20 Settembre, 29, Germignaga (VA)"], "fonte": {"livello": "testuale", "riferimento": "PESCARE NEI FIUMI/TORRENTI/CANALI", "estratto": "Tesserino segna pesci del Concessionario […] non è obbligatorio per chi utilizza il permesso giornaliero di pesca"}}], "costo_totale_eur": null, "costo_noto_eur": 68.0, "alternativa_non_tesserati": [{"id": "licenza_B", "etichetta": "Licenza di pesca tipo B"}, {"id": "permesso_giornaliero", "etichetta": "Permesso giornaliero (non tesserati FIPSAS)"}]}}, {"condizione": "natante, provincia di Varese", "pacchetto": {"id": "fipsas_ceresio_barca_va", "etichetta": "Ceresio da barca — provincia di Varese", "richiede_contributo_extra": true, "richiede_tesserino": true, "note": "Contributo annuale FIPSAS Varese € 30.", "documenti": [{"id": "licenza_B", "etichetta": "Licenza di pesca tipo B", "costo_eur": 23.0, "ente": "Regione Lombardia (tassa regionale)", "validita": "12 mesi", "esenzioni": ["Residenti in Italia con meno di 18 anni", "Residenti in Italia con più di 65 anni", "Soggetti L. 104/1992 art. 3 (se pescano solo con canna)"], "fonte": {"livello": "testuale", "riferimento": "PESCARE NEI FIUMI/TORRENTI/CANALI", "estratto": "Licenza di pesca tipo B (€ 23,00)"}}, {"id": "tessera_fipsas", "etichetta": "Tessera FIPSAS", "costo_eur": 30.0, "costi_ridotti": [{"costo_eur": 6.0, "condizione": "nati dopo il 01.01.2011"}], "ente": "FIPSAS", "validita": "anno solare", "esenzioni": [], "fonte": {"livello": "testuale", "riferimento": "PESCARE NEI FIUMI/TORRENTI/CANALI", "estratto": "Tessera FIPSAS (€ 30,00; € 6,00 nati dopo il 01.01.2011)"}}, {"id": "contributo_gestione_annuale", "etichetta": "Contributo di gestione annuale FIPSAS Varese", "costo_eur": 30.0, "ente": "FIPSAS Varese (concessionario)", "validita": "anno solare", "ambito": ["acque di tipo B", "pesca da imbarcazione / belly boat", "acque evidenziate in azzurro"], "esenzioni": ["Nati dopo il 01.01.2008", "Disabili L. 104/1992 art. 3 c. 3"], "fonte": {"livello": "testuale", "riferimento": "PESCARE NEI FIUMI/TORRENTI/CANALI", "estratto": "Contributo di gestione annuale a FIPSAS Varese (€ 30,00) — per la pesca da imbarcazione e nelle acque di tipo B"}}, {"id": "tesserino_segnapesci", "etichetta": "Tesserino segnapesci del concessionario", "costo_eur": null, "ente": "FIPSAS Varese", "non_richiesto_se": ["permesso_giornaliero"], "punti_distribuzione": ["GERMIGNAGA PESCA — Piazza 20 Settembre, 29, Germignaga (VA)"], "fonte": {"livello": "testuale", "riferimento": "PESCARE NEI FIUMI/TORRENTI/CANALI", "estratto": "Tesserino segna pesci del Concessionario […] non è obbligatorio per chi utilizza il permesso giornaliero di pesca"}}], "costo_totale_eur": null, "costo_noto_eur": 83.0, "alternativa_non_tesserati": null}}, {"condizione": "sponda, province di Como e Lecco, incluso Campione d'Italia", "pacchetto": {"id": "fipsas_ceresio_riva_co", "etichetta": "Ceresio da riva — Como, Lecco, Campione d'Italia", "richiede_contributo_extra": false, "richiede_tesserino": true, "note": "La scheda CO/LC da riva non chiede il contributo di gestione.", "documenti": [{"id": "licenza_B", "etichetta": "Licenza di pesca tipo B", "costo_eur": 23.0, "ente": "Regione Lombardia (tassa regionale)", "validita": "12 mesi", "esenzioni": ["Residenti in Italia con meno di 18 anni", "Residenti in Italia con più di 65 anni", "Soggetti L. 104/1992 art. 3 (se pescano solo con canna)"], "fonte": {"livello": "testuale", "riferimento": "PESCARE NEI FIUMI/TORRENTI/CANALI", "estratto": "Licenza di pesca tipo B (€ 23,00)"}}, {"id": "tessera_fipsas", "etichetta": "Tessera FIPSAS", "costo_eur": 30.0, "costi_ridotti": [{"costo_eur": 6.0, "condizione": "nati dopo il 01.01.2011"}], "ente": "FIPSAS", "validita": "anno solare", "esenzioni": [], "fonte": {"livello": "testuale", "riferimento": "PESCARE NEI FIUMI/TORRENTI/CANALI", "estratto": "Tessera FIPSAS (€ 30,00; € 6,00 nati dopo il 01.01.2011)"}}, {"id": "tesserino_segnapesci", "etichetta": "Tesserino segnapesci del concessionario", "costo_eur": null, "ente": "FIPSAS Varese", "non_richiesto_se": ["permesso_giornaliero"], "punti_distribuzione": ["GERMIGNAGA PESCA — Piazza 20 Settembre, 29, Germignaga (VA)"], "fonte": {"livello": "testuale", "riferimento": "PESCARE NEI FIUMI/TORRENTI/CANALI", "estratto": "Tesserino segna pesci del Concessionario […] non è obbligatorio per chi utilizza il permesso giornaliero di pesca"}}], "costo_totale_eur": null, "costo_noto_eur": 53.0, "alternativa_non_tesserati": [{"id": "licenza_B", "etichetta": "Licenza di pesca tipo B"}, {"id": "permesso_giornaliero", "etichetta": "Permesso giornaliero (non tesserati FIPSAS)"}]}}, {"condizione": "natante, province di Como e Lecco, incluso Campione d'Italia", "pacchetto": {"id": "fipsas_ceresio_barca_co", "etichetta": "Ceresio da barca — Como, Lecco, Campione d'Italia", "richiede_contributo_extra": true, "richiede_tesserino": true, "note": "Contributo annuale FIPSAS € 30, distinto da quello di FIPSAS Varese.", "documenti": [{"id": "licenza_B", "etichetta": "Licenza di pesca tipo B", "costo_eur": 23.0, "ente": "Regione Lombardia (tassa regionale)", "validita": "12 mesi", "esenzioni": ["Residenti in Italia con meno di 18 anni", "Residenti in Italia con più di 65 anni", "Soggetti L. 104/1992 art. 3 (se pescano solo con canna)"], "fonte": {"livello": "testuale", "riferimento": "PESCARE NEI FIUMI/TORRENTI/CANALI", "estratto": "Licenza di pesca tipo B (€ 23,00)"}}, {"id": "tessera_fipsas", "etichetta": "Tessera FIPSAS", "costo_eur": 30.0, "costi_ridotti": [{"costo_eur": 6.0, "condizione": "nati dopo il 01.01.2011"}], "ente": "FIPSAS", "validita": "anno solare", "esenzioni": [], "fonte": {"livello": "testuale", "riferimento": "PESCARE NEI FIUMI/TORRENTI/CANALI", "estratto": "Tessera FIPSAS (€ 30,00; € 6,00 nati dopo il 01.01.2011)"}}, {"id": "contributo_gestione_co", "etichetta": "Contributo di gestione annuale FIPSAS (Como / Lecco)", "costo_eur": 30.0, "ente": "FIPSAS (province di Como e Lecco)", "validita": "anno solare", "ambito": ["pesca da barca nel Ceresio in sponda CO/LC, incluso Campione d'Italia"], "esenzioni": [], "fonte": {"livello": "testuale", "riferimento": "Scheda laghi Como, Lecco e Ceresio", "estratto": "Da barca: Contributo di Gestione annuale a FIPSAS (30 €). Da riva il contributo non è richiesto."}}, {"id": "tesserino_segnapesci", "etichetta": "Tesserino segnapesci del concessionario", "costo_eur": null, "ente": "FIPSAS Varese", "non_richiesto_se": ["permesso_giornaliero"], "punti_distribuzione": ["GERMIGNAGA PESCA — Piazza 20 Settembre, 29, Germignaga (VA)"], "fonte": {"livello": "testuale", "riferimento": "PESCARE NEI FIUMI/TORRENTI/CANALI", "estratto": "Tesserino segna pesci del Concessionario […] non è obbligatorio per chi utilizza il permesso giornaliero di pesca"}}], "costo_totale_eur": null, "costo_noto_eur": 83.0, "alternativa_non_tesserati": null}}]}, "vincoli_speciali": [{"id": "esca_viva_comunita", "testo": "Il pesce vivo da esca deve appartenere alla comunità ittica dei laghi Maggiore e di Lugano.", "livello": "testuale"}, {"id": "live_sonar", "testo": "Dalla barca è vietato l'ecoscandaglio che mostra in tempo reale la posizione dei pesci (live sonar).", "livello": "testuale"}, {"id": "barca_notturna", "testo": "La pesca da imbarcazione è vietata da un'ora dopo il tramonto a un'ora prima dell'alba.", "livello": "testuale"}], "interpretazioni": [{"campo": "classificazione", "nota": "Il Ceresio non compare negli elenchi tipo A, B o C del par. 4.10: il cap. 4 non lo regola. La classe è un attributo non operativo."}, {"campo": "permessi", "nota": "Le quattro schede convivono sullo stesso poligono italiano. Il confine provinciale VA/CO non è un taglio di questa fase."}, {"campo": "foce_cuccio", "nota": "Divieto permanente alla foce del Cuccio: raggio = metà larghezza del torrente + 50 m. Il raggio non si ricava dalla centerline, quindi il cerchio non è disegnato."}, {"campo": "foci_svizzere", "nota": "Vedeggio, Cassarate, Magliasina, Laveggio e le arcate della diga di Melide sono in Svizzera e non si mappano."}], "fonti": [{"livello": "testuale", "riferimento": "cap. 5 — Verbano e Ceresio", "estratto": "Fino a due canne e 10 esche. Protette alborella, temolo, anguilla, storioni autoctoni, pigo, savetta. Misure: persico reale 18, trota 40, luccio 45, lucioperca 40."}, {"livello": "testuale", "riferimento": "Scheda Lago Ceresio — Varese", "estratto": "Da riva: licenza 23, tessera 30, contributo ridotto FIPSAS Varese 15, tesserino. Da barca: contributo annuale 30."}, {"livello": "testuale", "riferimento": "Scheda Ceresio — Como e Lecco", "estratto": "Ceresio (incluso Campione d'Italia). Da riva senza contributo di gestione; da barca contributo FIPSAS 30."}, {"livello": "testuale", "riferimento": "cap. 5", "estratto": "Pesca da imbarcazione vietata da un'ora dopo il tramonto a un'ora prima del sorgere del sole."}], "note_corpo": "Si disegna solo la parte in territorio italiano, Campione d'Italia compreso. Melide e il bacino svizzero restano fuori. I permessi di riva e di barca cambiano tra Varese e Como/Lecco: il poligono non si spezza sul confine provinciale.", "matrice": {"regime_amministrativo": "italo_svizzera", "regime_amministrativo_etichetta": "Italo-Svizzera", "classificazione_biologica": "fuori_cap4", "classificazione_etichetta": "Fuori dal cap. 4", "modalita": "natante", "tipo_geometria_normativa": "poligono", "eredita": [{"livello": 1, "asse": "regime_amministrativo", "id": "italo_svizzera", "blocco": "cispp_lago", "sostituisce_biologia": true}, {"livello": 1, "asse": "classificazione_biologica", "id": "fuori_cap4", "ruolo": "attributo parallelo, non operativo"}, {"livello": 2, "asse": "modalita_pesca", "id": "natante"}, {"livello": 3, "asse": "eccezione_locale", "id": "lago_lugano", "chiavi": ["permessi", "natante.vincoli_speciali"]}]}}, "id": "lago_lugano_039"}}, {"type": "Feature", "geometry": {"type": "Polygon", "coordinates": [[[8.87111, 45.96299], [8.87108, 45.96338], [8.87142, 45.96444], [8.87457, 45.96659], [8.87458, 45.96704], [8.87385, 45.96848], [8.87289, 45.96901], [8.87246, 45.96962], [8.86991, 45.97144], [8.86926, 45.97152], [8.8659, 45.97004], [8.86515, 45.96998], [8.86396, 45.96968], [8.86352, 45.96946], [8.86255, 45.96932], [8.86168, 45.96872], [8.86166, 45.96745], [8.86035, 45.96696], [8.85885, 45.96703], [8.85856, 45.96685], [8.85882, 45.96666], [8.85885, 45.96628], [8.85866, 45.96577], [8.85895, 45.96487], [8.85941, 45.96402], [8.85963, 45.96372], [8.86008, 45.9633], [8.86013, 45.96299], [8.86033, 45.96266], [8.86049, 45.96249], [8.86107, 45.96215], [8.86156, 45.96203], [8.86195, 45.96184], [8.86231, 45.96185], [8.86263, 45.96157], [8.86324, 45.96139], [8.86408, 45.96092], [8.8644, 45.96066], [8.86475, 45.96057], [8.86535, 45.96065], [8.86553, 45.96061], [8.86579, 45.96031], [8.86633, 45.96008], [8.8666, 45.95969], [8.8668, 45.95957], [8.86706, 45.95952], [8.86796, 45.95957], [8.87, 45.95995], [8.87046, 45.95996], [8.87106, 45.95986], [8.87111, 45.96299]]]}, "properties": {"nome_tratto": "Lago di Lugano (Ceresio)", "corpo_idrico": "lago_lugano", "corpo_nome": "Lago di Lugano (Ceresio)", "layer": "base", "segmento_id": null, "zona_id": "lago_lugano_residuo", "regime": "cispp", "regime_etichetta": "Regime CISPP (Commissione italo-svizzera)", "tipo_acqua": "fuori_cap4", "pesca_consentita": true, "geometria": "Polygon", "matrice": {"regime_amministrativo": "italo_svizzera", "regime_amministrativo_etichetta": "Italo-Svizzera", "classificazione_biologica": "fuori_cap4", "classificazione_etichetta": "Fuori dal cap. 4", "modalita": "sponda", "tipo_geometria_normativa": "poligono", "eredita": [{"livello": 1, "asse": "regime_amministrativo", "id": "italo_svizzera", "blocco": "cispp_lago", "sostituisce_biologia": true}, {"livello": 1, "asse": "classificazione_biologica", "id": "fuori_cap4", "ruolo": "attributo parallelo, non operativo"}, {"livello": 2, "asse": "modalita_pesca", "id": "sponda"}, {"livello": 3, "asse": "eccezione_locale", "id": "lago_lugano", "chiavi": ["permessi"]}]}, "regole": {"zona_id": "lago_lugano_residuo", "zona_nome": "Lago di Lugano (Ceresio) — Regime CISPP (Commissione italo-svizzera)", "corpo_idrico": "lago_lugano", "corpo_nome": "Lago di Lugano (Ceresio)", "regime": "cispp", "regime_etichetta": "Regime CISPP (Commissione italo-svizzera)", "regime_descrizione": "Acque regolate dalla Convenzione italo-svizzera: regole diverse dal cap. 4 del prontuario.", "tipo_acqua": "fuori_cap4", "tipo_acqua_etichetta": "Fuori dal cap. 4 (CISPP)", "pesca_consentita": true, "priorita": 10, "estensione": {"tipo": "residuale", "descrizione": "Fuori dai tagli restrittivi (No-Kill, divieto, riserva)."}, "calendario": {"stagione": {"id": "rinvio_cispp", "etichetta": "Calendario CISPP", "inizio": null, "fine": null, "rinvio_esterno": "https://www.cispp.org/", "testo": "Calendario stabilito dal Regolamento di applicazione CISPP (in vigore dal 1° gennaio 2025)", "fonte": {"livello": "testuale", "riferimento": "Premessa cap. 4", "estratto": "Nel Verbano, nel Ceresio e nel fiume Tresa, la pesca è regolamentata in modo differente"}}, "giorni": {"id": "tutti_i_giorni", "etichetta": "Tutti i giorni", "settimana": ["lun", "mar", "mer", "gio", "ven", "sab", "dom"], "festivi_aggiuntivi": [], "testo": "Tutti i giorni della settimana", "fonte": {"livello": "derivata", "riferimento": "", "estratto": ""}}, "fascia_oraria": {"id": "rinvio_cispp", "etichetta": "Orari CISPP", "da": null, "a": null, "rinvio_esterno": "https://www.cispp.org/", "testo": "Pesca notturna solo nei tratti CISPP specifici del Tresa", "fonte": {"livello": "testuale", "riferimento": "Regolamento CISPP (sintesi prontuario)", "estratto": "Pesca notturna solo in tratti CISPP specifici"}}, "periodi_speciali": []}, "attrezzatura": {"attrezzi_ammessi": ["canna"], "canne_max": 2, "esche_max_per_canna": null, "esche_max_per_pescatore": 10, "ami_max_per_canna": null, "ardiglione": "ammesso", "spazio_sponda_max_m": null}, "esche": {"consentite": ["naturale", "artificiale"], "vietate": ["pesce_vivo_fuori_comunita"], "pasturazione": "secondo_cispp"}, "tecniche": {"consentite": ["canna_da_riva", "imbarcazione"], "vietate": ["pesca_a_strappo"], "condizionate": []}, "prelievo": {"tipo": "ordinario", "rilascio_obbligatorio": false, "capi_trattenibili": "secondo Regolamento CISPP", "specie_sempre_protette_extra": ["alborella", "temolo", "anguilla", "storioni_autoctoni", "pigo", "savetta"], "limiti_ref": null, "misure_minime_cm": {"trota_fario": 25, "trota_marmorata": 40, "temolo": 35, "luccio": 45, "persico_reale": 18, "salmerino_alpino": 25, "agone": 20, "carpa": 30, "coregone_bondella": 25, "coregone_lavarello": 30, "lucioperca": 40, "persico_trota": 20, "tinca": 30, "trota": 40}, "specie_protette": ["cobiti", "lasca", "scazzone", "anguilla", "savetta", "barbo canino", "lampreda padana", "pigo", "trota macrostigma", "alborella", "temolo", "anguilla", "storioni_autoctoni", "pigo", "savetta"]}, "permessi": {"pacchetto": {"id": null, "etichetta": "Permesso territoriale del Ceresio", "documenti": [], "note": "Quattro pacchetti in variante (riva/barca, Varese oppure Como-Lecco). Nessuno è il default unico del poligono.", "richiede_contributo_extra": null, "richiede_tesserino": null, "costo_totale_eur": null, "costo_noto_eur": 0, "alternativa_non_tesserati": null}, "varianti": [{"condizione": "sponda, provincia di Varese", "pacchetto": {"id": "fipsas_ceresio_riva_va", "etichetta": "Ceresio da riva — provincia di Varese", "richiede_contributo_extra": true, "richiede_tesserino": true, "note": "Contributo ridotto € 15. Chi ha già il contributo annuale € 30 non deve il ridotto.", "documenti": [{"id": "licenza_B", "etichetta": "Licenza di pesca tipo B", "costo_eur": 23.0, "ente": "Regione Lombardia (tassa regionale)", "validita": "12 mesi", "esenzioni": ["Residenti in Italia con meno di 18 anni", "Residenti in Italia con più di 65 anni", "Soggetti L. 104/1992 art. 3 (se pescano solo con canna)"], "fonte": {"livello": "testuale", "riferimento": "PESCARE NEI FIUMI/TORRENTI/CANALI", "estratto": "Licenza di pesca tipo B (€ 23,00)"}}, {"id": "tessera_fipsas", "etichetta": "Tessera FIPSAS", "costo_eur": 30.0, "costi_ridotti": [{"costo_eur": 6.0, "condizione": "nati dopo il 01.01.2011"}], "ente": "FIPSAS", "validita": "anno solare", "esenzioni": [], "fonte": {"livello": "testuale", "riferimento": "PESCARE NEI FIUMI/TORRENTI/CANALI", "estratto": "Tessera FIPSAS (€ 30,00; € 6,00 nati dopo il 01.01.2011)"}}, {"id": "contributo_gestione_ridotto", "etichetta": "Contributo di gestione RIDOTTO FIPSAS Varese", "costo_eur": 15.0, "ente": "FIPSAS Varese (concessionario)", "validita": "anno solare", "ambito": ["pesca da riva nei laghi con rive in verde (es. Lago di Ghirla)"], "assorbito_da": "contributo_gestione_annuale", "esenzioni": ["Nati dopo il 01.01.2008", "Disabili L. 104/1992 art. 3 c. 3"], "fonte": {"livello": "testuale", "riferimento": "Scheda Lago di Ghirla", "estratto": "Contributo di Gestione RIDOTTO FIPSAS Varese € 15 […] Chi ha già il contributo annuale € 30 non deve il ridotto da riva."}}, {"id": "tesserino_segnapesci", "etichetta": "Tesserino segnapesci del concessionario", "costo_eur": null, "ente": "FIPSAS Varese", "non_richiesto_se": ["permesso_giornaliero"], "punti_distribuzione": ["GERMIGNAGA PESCA — Piazza 20 Settembre, 29, Germignaga (VA)"], "fonte": {"livello": "testuale", "riferimento": "PESCARE NEI FIUMI/TORRENTI/CANALI", "estratto": "Tesserino segna pesci del Concessionario […] non è obbligatorio per chi utilizza il permesso giornaliero di pesca"}}], "costo_totale_eur": null, "costo_noto_eur": 68.0, "alternativa_non_tesserati": [{"id": "licenza_B", "etichetta": "Licenza di pesca tipo B"}, {"id": "permesso_giornaliero", "etichetta": "Permesso giornaliero (non tesserati FIPSAS)"}]}}, {"condizione": "natante, provincia di Varese", "pacchetto": {"id": "fipsas_ceresio_barca_va", "etichetta": "Ceresio da barca — provincia di Varese", "richiede_contributo_extra": true, "richiede_tesserino": true, "note": "Contributo annuale FIPSAS Varese € 30.", "documenti": [{"id": "licenza_B", "etichetta": "Licenza di pesca tipo B", "costo_eur": 23.0, "ente": "Regione Lombardia (tassa regionale)", "validita": "12 mesi", "esenzioni": ["Residenti in Italia con meno di 18 anni", "Residenti in Italia con più di 65 anni", "Soggetti L. 104/1992 art. 3 (se pescano solo con canna)"], "fonte": {"livello": "testuale", "riferimento": "PESCARE NEI FIUMI/TORRENTI/CANALI", "estratto": "Licenza di pesca tipo B (€ 23,00)"}}, {"id": "tessera_fipsas", "etichetta": "Tessera FIPSAS", "costo_eur": 30.0, "costi_ridotti": [{"costo_eur": 6.0, "condizione": "nati dopo il 01.01.2011"}], "ente": "FIPSAS", "validita": "anno solare", "esenzioni": [], "fonte": {"livello": "testuale", "riferimento": "PESCARE NEI FIUMI/TORRENTI/CANALI", "estratto": "Tessera FIPSAS (€ 30,00; € 6,00 nati dopo il 01.01.2011)"}}, {"id": "contributo_gestione_annuale", "etichetta": "Contributo di gestione annuale FIPSAS Varese", "costo_eur": 30.0, "ente": "FIPSAS Varese (concessionario)", "validita": "anno solare", "ambito": ["acque di tipo B", "pesca da imbarcazione / belly boat", "acque evidenziate in azzurro"], "esenzioni": ["Nati dopo il 01.01.2008", "Disabili L. 104/1992 art. 3 c. 3"], "fonte": {"livello": "testuale", "riferimento": "PESCARE NEI FIUMI/TORRENTI/CANALI", "estratto": "Contributo di gestione annuale a FIPSAS Varese (€ 30,00) — per la pesca da imbarcazione e nelle acque di tipo B"}}, {"id": "tesserino_segnapesci", "etichetta": "Tesserino segnapesci del concessionario", "costo_eur": null, "ente": "FIPSAS Varese", "non_richiesto_se": ["permesso_giornaliero"], "punti_distribuzione": ["GERMIGNAGA PESCA — Piazza 20 Settembre, 29, Germignaga (VA)"], "fonte": {"livello": "testuale", "riferimento": "PESCARE NEI FIUMI/TORRENTI/CANALI", "estratto": "Tesserino segna pesci del Concessionario […] non è obbligatorio per chi utilizza il permesso giornaliero di pesca"}}], "costo_totale_eur": null, "costo_noto_eur": 83.0, "alternativa_non_tesserati": null}}, {"condizione": "sponda, province di Como e Lecco, incluso Campione d'Italia", "pacchetto": {"id": "fipsas_ceresio_riva_co", "etichetta": "Ceresio da riva — Como, Lecco, Campione d'Italia", "richiede_contributo_extra": false, "richiede_tesserino": true, "note": "La scheda CO/LC da riva non chiede il contributo di gestione.", "documenti": [{"id": "licenza_B", "etichetta": "Licenza di pesca tipo B", "costo_eur": 23.0, "ente": "Regione Lombardia (tassa regionale)", "validita": "12 mesi", "esenzioni": ["Residenti in Italia con meno di 18 anni", "Residenti in Italia con più di 65 anni", "Soggetti L. 104/1992 art. 3 (se pescano solo con canna)"], "fonte": {"livello": "testuale", "riferimento": "PESCARE NEI FIUMI/TORRENTI/CANALI", "estratto": "Licenza di pesca tipo B (€ 23,00)"}}, {"id": "tessera_fipsas", "etichetta": "Tessera FIPSAS", "costo_eur": 30.0, "costi_ridotti": [{"costo_eur": 6.0, "condizione": "nati dopo il 01.01.2011"}], "ente": "FIPSAS", "validita": "anno solare", "esenzioni": [], "fonte": {"livello": "testuale", "riferimento": "PESCARE NEI FIUMI/TORRENTI/CANALI", "estratto": "Tessera FIPSAS (€ 30,00; € 6,00 nati dopo il 01.01.2011)"}}, {"id": "tesserino_segnapesci", "etichetta": "Tesserino segnapesci del concessionario", "costo_eur": null, "ente": "FIPSAS Varese", "non_richiesto_se": ["permesso_giornaliero"], "punti_distribuzione": ["GERMIGNAGA PESCA — Piazza 20 Settembre, 29, Germignaga (VA)"], "fonte": {"livello": "testuale", "riferimento": "PESCARE NEI FIUMI/TORRENTI/CANALI", "estratto": "Tesserino segna pesci del Concessionario […] non è obbligatorio per chi utilizza il permesso giornaliero di pesca"}}], "costo_totale_eur": null, "costo_noto_eur": 53.0, "alternativa_non_tesserati": [{"id": "licenza_B", "etichetta": "Licenza di pesca tipo B"}, {"id": "permesso_giornaliero", "etichetta": "Permesso giornaliero (non tesserati FIPSAS)"}]}}, {"condizione": "natante, province di Como e Lecco, incluso Campione d'Italia", "pacchetto": {"id": "fipsas_ceresio_barca_co", "etichetta": "Ceresio da barca — Como, Lecco, Campione d'Italia", "richiede_contributo_extra": true, "richiede_tesserino": true, "note": "Contributo annuale FIPSAS € 30, distinto da quello di FIPSAS Varese.", "documenti": [{"id": "licenza_B", "etichetta": "Licenza di pesca tipo B", "costo_eur": 23.0, "ente": "Regione Lombardia (tassa regionale)", "validita": "12 mesi", "esenzioni": ["Residenti in Italia con meno di 18 anni", "Residenti in Italia con più di 65 anni", "Soggetti L. 104/1992 art. 3 (se pescano solo con canna)"], "fonte": {"livello": "testuale", "riferimento": "PESCARE NEI FIUMI/TORRENTI/CANALI", "estratto": "Licenza di pesca tipo B (€ 23,00)"}}, {"id": "tessera_fipsas", "etichetta": "Tessera FIPSAS", "costo_eur": 30.0, "costi_ridotti": [{"costo_eur": 6.0, "condizione": "nati dopo il 01.01.2011"}], "ente": "FIPSAS", "validita": "anno solare", "esenzioni": [], "fonte": {"livello": "testuale", "riferimento": "PESCARE NEI FIUMI/TORRENTI/CANALI", "estratto": "Tessera FIPSAS (€ 30,00; € 6,00 nati dopo il 01.01.2011)"}}, {"id": "contributo_gestione_co", "etichetta": "Contributo di gestione annuale FIPSAS (Como / Lecco)", "costo_eur": 30.0, "ente": "FIPSAS (province di Como e Lecco)", "validita": "anno solare", "ambito": ["pesca da barca nel Ceresio in sponda CO/LC, incluso Campione d'Italia"], "esenzioni": [], "fonte": {"livello": "testuale", "riferimento": "Scheda laghi Como, Lecco e Ceresio", "estratto": "Da barca: Contributo di Gestione annuale a FIPSAS (30 €). Da riva il contributo non è richiesto."}}, {"id": "tesserino_segnapesci", "etichetta": "Tesserino segnapesci del concessionario", "costo_eur": null, "ente": "FIPSAS Varese", "non_richiesto_se": ["permesso_giornaliero"], "punti_distribuzione": ["GERMIGNAGA PESCA — Piazza 20 Settembre, 29, Germignaga (VA)"], "fonte": {"livello": "testuale", "riferimento": "PESCARE NEI FIUMI/TORRENTI/CANALI", "estratto": "Tesserino segna pesci del Concessionario […] non è obbligatorio per chi utilizza il permesso giornaliero di pesca"}}], "costo_totale_eur": null, "costo_noto_eur": 83.0, "alternativa_non_tesserati": null}}]}, "vincoli_speciali": [{"id": "esca_viva_comunita", "testo": "Il pesce vivo da esca deve appartenere alla comunità ittica dei laghi Maggiore e di Lugano.", "livello": "testuale"}, {"id": "live_sonar", "testo": "Dalla barca è vietato l'ecoscandaglio che mostra in tempo reale la posizione dei pesci (live sonar).", "livello": "testuale"}], "interpretazioni": [{"campo": "classificazione", "nota": "Il Ceresio non compare negli elenchi tipo A, B o C del par. 4.10: il cap. 4 non lo regola. La classe è un attributo non operativo."}, {"campo": "permessi", "nota": "Le quattro schede convivono sullo stesso poligono italiano. Il confine provinciale VA/CO non è un taglio di questa fase."}, {"campo": "foce_cuccio", "nota": "Divieto permanente alla foce del Cuccio: raggio = metà larghezza del torrente + 50 m. Il raggio non si ricava dalla centerline, quindi il cerchio non è disegnato."}, {"campo": "foci_svizzere", "nota": "Vedeggio, Cassarate, Magliasina, Laveggio e le arcate della diga di Melide sono in Svizzera e non si mappano."}], "fonti": [{"livello": "testuale", "riferimento": "cap. 5 — Verbano e Ceresio", "estratto": "Fino a due canne e 10 esche. Protette alborella, temolo, anguilla, storioni autoctoni, pigo, savetta. Misure: persico reale 18, trota 40, luccio 45, lucioperca 40."}, {"livello": "testuale", "riferimento": "Scheda Lago Ceresio — Varese", "estratto": "Da riva: licenza 23, tessera 30, contributo ridotto FIPSAS Varese 15, tesserino. Da barca: contributo annuale 30."}, {"livello": "testuale", "riferimento": "Scheda Ceresio — Como e Lecco", "estratto": "Ceresio (incluso Campione d'Italia). Da riva senza contributo di gestione; da barca contributo FIPSAS 30."}, {"livello": "testuale", "riferimento": "cap. 5", "estratto": "Pesca da imbarcazione vietata da un'ora dopo il tramonto a un'ora prima del sorgere del sole."}], "note_corpo": "Si disegna solo la parte in territorio italiano, Campione d'Italia compreso. Melide e il bacino svizzero restano fuori. I permessi di riva e di barca cambiano tra Varese e Como/Lecco: il poligono non si spezza sul confine provinciale.", "matrice": {"regime_amministrativo": "italo_svizzera", "regime_amministrativo_etichetta": "Italo-Svizzera", "classificazione_biologica": "fuori_cap4", "classificazione_etichetta": "Fuori dal cap. 4", "modalita": "sponda", "tipo_geometria_normativa": "poligono", "eredita": [{"livello": 1, "asse": "regime_amministrativo", "id": "italo_svizzera", "blocco": "cispp_lago", "sostituisce_biologia": true}, {"livello": 1, "asse": "classificazione_biologica", "id": "fuori_cap4", "ruolo": "attributo parallelo, non operativo"}, {"livello": 2, "asse": "modalita_pesca", "id": "sponda"}, {"livello": 3, "asse": "eccezione_locale", "id": "lago_lugano", "chiavi": ["permessi"]}]}}, "fonte_geometria": "reticolo_regionale_lombardia", "nome_regionale": "Lugano (lago) - bacino di Ponte Tresa", "bacino_regionale": "TICINO", "sottobacino": "Lago di Lugano (Ceresio)", "cod_ptua16": "IT03POTILULN1IN", "natura": "naturale", "regole_natante": {"zona_id": "lago_lugano_residuo", "zona_nome": "Lago di Lugano (Ceresio) — Regime CISPP (Commissione italo-svizzera)", "corpo_idrico": "lago_lugano", "corpo_nome": "Lago di Lugano (Ceresio)", "regime": "cispp", "regime_etichetta": "Regime CISPP (Commissione italo-svizzera)", "regime_descrizione": "Acque regolate dalla Convenzione italo-svizzera: regole diverse dal cap. 4 del prontuario.", "tipo_acqua": "fuori_cap4", "tipo_acqua_etichetta": "Fuori dal cap. 4 (CISPP)", "pesca_consentita": true, "priorita": 10, "estensione": {"tipo": "residuale", "descrizione": "Fuori dai tagli restrittivi (No-Kill, divieto, riserva)."}, "calendario": {"stagione": {"id": "rinvio_cispp", "etichetta": "Calendario CISPP", "inizio": null, "fine": null, "rinvio_esterno": "https://www.cispp.org/", "testo": "Calendario stabilito dal Regolamento di applicazione CISPP (in vigore dal 1° gennaio 2025)", "fonte": {"livello": "testuale", "riferimento": "Premessa cap. 4", "estratto": "Nel Verbano, nel Ceresio e nel fiume Tresa, la pesca è regolamentata in modo differente"}}, "giorni": {"id": "tutti_i_giorni", "etichetta": "Tutti i giorni", "settimana": ["lun", "mar", "mer", "gio", "ven", "sab", "dom"], "festivi_aggiuntivi": [], "testo": "Tutti i giorni della settimana", "fonte": {"livello": "derivata", "riferimento": "", "estratto": ""}}, "fascia_oraria": {"id": "rinvio_cispp", "etichetta": "Orari CISPP", "da": null, "a": null, "rinvio_esterno": "https://www.cispp.org/", "testo": "Pesca notturna solo nei tratti CISPP specifici del Tresa", "fonte": {"livello": "testuale", "riferimento": "Regolamento CISPP (sintesi prontuario)", "estratto": "Pesca notturna solo in tratti CISPP specifici"}}, "periodi_speciali": []}, "attrezzatura": {"attrezzi_ammessi": ["canna"], "canne_max": 2, "esche_max_per_canna": null, "esche_max_per_pescatore": 10, "ami_max_per_canna": null, "ardiglione": "ammesso", "spazio_sponda_max_m": null}, "esche": {"consentite": ["naturale", "artificiale"], "vietate": ["pesce_vivo_fuori_comunita"], "pasturazione": "secondo_cispp"}, "tecniche": {"consentite": ["canna_da_riva", "imbarcazione"], "vietate": ["pesca_a_strappo"], "condizionate": []}, "prelievo": {"tipo": "ordinario", "rilascio_obbligatorio": false, "capi_trattenibili": "secondo Regolamento CISPP", "specie_sempre_protette_extra": ["alborella", "temolo", "anguilla", "storioni_autoctoni", "pigo", "savetta"], "limiti_ref": null, "misure_minime_cm": {"trota_fario": 25, "trota_marmorata": 40, "temolo": 35, "luccio": 45, "persico_reale": 18, "salmerino_alpino": 25, "agone": 20, "carpa": 30, "coregone_bondella": 25, "coregone_lavarello": 30, "lucioperca": 40, "persico_trota": 20, "tinca": 30, "trota": 40}, "specie_protette": ["cobiti", "lasca", "scazzone", "anguilla", "savetta", "barbo canino", "lampreda padana", "pigo", "trota macrostigma", "alborella", "temolo", "anguilla", "storioni_autoctoni", "pigo", "savetta"]}, "permessi": {"pacchetto": {"id": null, "etichetta": "Permesso territoriale del Ceresio", "documenti": [], "note": "Quattro pacchetti in variante (riva/barca, Varese oppure Como-Lecco). Nessuno è il default unico del poligono.", "richiede_contributo_extra": null, "richiede_tesserino": null, "costo_totale_eur": null, "costo_noto_eur": 0, "alternativa_non_tesserati": null}, "varianti": [{"condizione": "sponda, provincia di Varese", "pacchetto": {"id": "fipsas_ceresio_riva_va", "etichetta": "Ceresio da riva — provincia di Varese", "richiede_contributo_extra": true, "richiede_tesserino": true, "note": "Contributo ridotto € 15. Chi ha già il contributo annuale € 30 non deve il ridotto.", "documenti": [{"id": "licenza_B", "etichetta": "Licenza di pesca tipo B", "costo_eur": 23.0, "ente": "Regione Lombardia (tassa regionale)", "validita": "12 mesi", "esenzioni": ["Residenti in Italia con meno di 18 anni", "Residenti in Italia con più di 65 anni", "Soggetti L. 104/1992 art. 3 (se pescano solo con canna)"], "fonte": {"livello": "testuale", "riferimento": "PESCARE NEI FIUMI/TORRENTI/CANALI", "estratto": "Licenza di pesca tipo B (€ 23,00)"}}, {"id": "tessera_fipsas", "etichetta": "Tessera FIPSAS", "costo_eur": 30.0, "costi_ridotti": [{"costo_eur": 6.0, "condizione": "nati dopo il 01.01.2011"}], "ente": "FIPSAS", "validita": "anno solare", "esenzioni": [], "fonte": {"livello": "testuale", "riferimento": "PESCARE NEI FIUMI/TORRENTI/CANALI", "estratto": "Tessera FIPSAS (€ 30,00; € 6,00 nati dopo il 01.01.2011)"}}, {"id": "contributo_gestione_ridotto", "etichetta": "Contributo di gestione RIDOTTO FIPSAS Varese", "costo_eur": 15.0, "ente": "FIPSAS Varese (concessionario)", "validita": "anno solare", "ambito": ["pesca da riva nei laghi con rive in verde (es. Lago di Ghirla)"], "assorbito_da": "contributo_gestione_annuale", "esenzioni": ["Nati dopo il 01.01.2008", "Disabili L. 104/1992 art. 3 c. 3"], "fonte": {"livello": "testuale", "riferimento": "Scheda Lago di Ghirla", "estratto": "Contributo di Gestione RIDOTTO FIPSAS Varese € 15 […] Chi ha già il contributo annuale € 30 non deve il ridotto da riva."}}, {"id": "tesserino_segnapesci", "etichetta": "Tesserino segnapesci del concessionario", "costo_eur": null, "ente": "FIPSAS Varese", "non_richiesto_se": ["permesso_giornaliero"], "punti_distribuzione": ["GERMIGNAGA PESCA — Piazza 20 Settembre, 29, Germignaga (VA)"], "fonte": {"livello": "testuale", "riferimento": "PESCARE NEI FIUMI/TORRENTI/CANALI", "estratto": "Tesserino segna pesci del Concessionario […] non è obbligatorio per chi utilizza il permesso giornaliero di pesca"}}], "costo_totale_eur": null, "costo_noto_eur": 68.0, "alternativa_non_tesserati": [{"id": "licenza_B", "etichetta": "Licenza di pesca tipo B"}, {"id": "permesso_giornaliero", "etichetta": "Permesso giornaliero (non tesserati FIPSAS)"}]}}, {"condizione": "natante, provincia di Varese", "pacchetto": {"id": "fipsas_ceresio_barca_va", "etichetta": "Ceresio da barca — provincia di Varese", "richiede_contributo_extra": true, "richiede_tesserino": true, "note": "Contributo annuale FIPSAS Varese € 30.", "documenti": [{"id": "licenza_B", "etichetta": "Licenza di pesca tipo B", "costo_eur": 23.0, "ente": "Regione Lombardia (tassa regionale)", "validita": "12 mesi", "esenzioni": ["Residenti in Italia con meno di 18 anni", "Residenti in Italia con più di 65 anni", "Soggetti L. 104/1992 art. 3 (se pescano solo con canna)"], "fonte": {"livello": "testuale", "riferimento": "PESCARE NEI FIUMI/TORRENTI/CANALI", "estratto": "Licenza di pesca tipo B (€ 23,00)"}}, {"id": "tessera_fipsas", "etichetta": "Tessera FIPSAS", "costo_eur": 30.0, "costi_ridotti": [{"costo_eur": 6.0, "condizione": "nati dopo il 01.01.2011"}], "ente": "FIPSAS", "validita": "anno solare", "esenzioni": [], "fonte": {"livello": "testuale", "riferimento": "PESCARE NEI FIUMI/TORRENTI/CANALI", "estratto": "Tessera FIPSAS (€ 30,00; € 6,00 nati dopo il 01.01.2011)"}}, {"id": "contributo_gestione_annuale", "etichetta": "Contributo di gestione annuale FIPSAS Varese", "costo_eur": 30.0, "ente": "FIPSAS Varese (concessionario)", "validita": "anno solare", "ambito": ["acque di tipo B", "pesca da imbarcazione / belly boat", "acque evidenziate in azzurro"], "esenzioni": ["Nati dopo il 01.01.2008", "Disabili L. 104/1992 art. 3 c. 3"], "fonte": {"livello": "testuale", "riferimento": "PESCARE NEI FIUMI/TORRENTI/CANALI", "estratto": "Contributo di gestione annuale a FIPSAS Varese (€ 30,00) — per la pesca da imbarcazione e nelle acque di tipo B"}}, {"id": "tesserino_segnapesci", "etichetta": "Tesserino segnapesci del concessionario", "costo_eur": null, "ente": "FIPSAS Varese", "non_richiesto_se": ["permesso_giornaliero"], "punti_distribuzione": ["GERMIGNAGA PESCA — Piazza 20 Settembre, 29, Germignaga (VA)"], "fonte": {"livello": "testuale", "riferimento": "PESCARE NEI FIUMI/TORRENTI/CANALI", "estratto": "Tesserino segna pesci del Concessionario […] non è obbligatorio per chi utilizza il permesso giornaliero di pesca"}}], "costo_totale_eur": null, "costo_noto_eur": 83.0, "alternativa_non_tesserati": null}}, {"condizione": "sponda, province di Como e Lecco, incluso Campione d'Italia", "pacchetto": {"id": "fipsas_ceresio_riva_co", "etichetta": "Ceresio da riva — Como, Lecco, Campione d'Italia", "richiede_contributo_extra": false, "richiede_tesserino": true, "note": "La scheda CO/LC da riva non chiede il contributo di gestione.", "documenti": [{"id": "licenza_B", "etichetta": "Licenza di pesca tipo B", "costo_eur": 23.0, "ente": "Regione Lombardia (tassa regionale)", "validita": "12 mesi", "esenzioni": ["Residenti in Italia con meno di 18 anni", "Residenti in Italia con più di 65 anni", "Soggetti L. 104/1992 art. 3 (se pescano solo con canna)"], "fonte": {"livello": "testuale", "riferimento": "PESCARE NEI FIUMI/TORRENTI/CANALI", "estratto": "Licenza di pesca tipo B (€ 23,00)"}}, {"id": "tessera_fipsas", "etichetta": "Tessera FIPSAS", "costo_eur": 30.0, "costi_ridotti": [{"costo_eur": 6.0, "condizione": "nati dopo il 01.01.2011"}], "ente": "FIPSAS", "validita": "anno solare", "esenzioni": [], "fonte": {"livello": "testuale", "riferimento": "PESCARE NEI FIUMI/TORRENTI/CANALI", "estratto": "Tessera FIPSAS (€ 30,00; € 6,00 nati dopo il 01.01.2011)"}}, {"id": "tesserino_segnapesci", "etichetta": "Tesserino segnapesci del concessionario", "costo_eur": null, "ente": "FIPSAS Varese", "non_richiesto_se": ["permesso_giornaliero"], "punti_distribuzione": ["GERMIGNAGA PESCA — Piazza 20 Settembre, 29, Germignaga (VA)"], "fonte": {"livello": "testuale", "riferimento": "PESCARE NEI FIUMI/TORRENTI/CANALI", "estratto": "Tesserino segna pesci del Concessionario […] non è obbligatorio per chi utilizza il permesso giornaliero di pesca"}}], "costo_totale_eur": null, "costo_noto_eur": 53.0, "alternativa_non_tesserati": [{"id": "licenza_B", "etichetta": "Licenza di pesca tipo B"}, {"id": "permesso_giornaliero", "etichetta": "Permesso giornaliero (non tesserati FIPSAS)"}]}}, {"condizione": "natante, province di Como e Lecco, incluso Campione d'Italia", "pacchetto": {"id": "fipsas_ceresio_barca_co", "etichetta": "Ceresio da barca — Como, Lecco, Campione d'Italia", "richiede_contributo_extra": true, "richiede_tesserino": true, "note": "Contributo annuale FIPSAS € 30, distinto da quello di FIPSAS Varese.", "documenti": [{"id": "licenza_B", "etichetta": "Licenza di pesca tipo B", "costo_eur": 23.0, "ente": "Regione Lombardia (tassa regionale)", "validita": "12 mesi", "esenzioni": ["Residenti in Italia con meno di 18 anni", "Residenti in Italia con più di 65 anni", "Soggetti L. 104/1992 art. 3 (se pescano solo con canna)"], "fonte": {"livello": "testuale", "riferimento": "PESCARE NEI FIUMI/TORRENTI/CANALI", "estratto": "Licenza di pesca tipo B (€ 23,00)"}}, {"id": "tessera_fipsas", "etichetta": "Tessera FIPSAS", "costo_eur": 30.0, "costi_ridotti": [{"costo_eur": 6.0, "condizione": "nati dopo il 01.01.2011"}], "ente": "FIPSAS", "validita": "anno solare", "esenzioni": [], "fonte": {"livello": "testuale", "riferimento": "PESCARE NEI FIUMI/TORRENTI/CANALI", "estratto": "Tessera FIPSAS (€ 30,00; € 6,00 nati dopo il 01.01.2011)"}}, {"id": "contributo_gestione_co", "etichetta": "Contributo di gestione annuale FIPSAS (Como / Lecco)", "costo_eur": 30.0, "ente": "FIPSAS (province di Como e Lecco)", "validita": "anno solare", "ambito": ["pesca da barca nel Ceresio in sponda CO/LC, incluso Campione d'Italia"], "esenzioni": [], "fonte": {"livello": "testuale", "riferimento": "Scheda laghi Como, Lecco e Ceresio", "estratto": "Da barca: Contributo di Gestione annuale a FIPSAS (30 €). Da riva il contributo non è richiesto."}}, {"id": "tesserino_segnapesci", "etichetta": "Tesserino segnapesci del concessionario", "costo_eur": null, "ente": "FIPSAS Varese", "non_richiesto_se": ["permesso_giornaliero"], "punti_distribuzione": ["GERMIGNAGA PESCA — Piazza 20 Settembre, 29, Germignaga (VA)"], "fonte": {"livello": "testuale", "riferimento": "PESCARE NEI FIUMI/TORRENTI/CANALI", "estratto": "Tesserino segna pesci del Concessionario […] non è obbligatorio per chi utilizza il permesso giornaliero di pesca"}}], "costo_totale_eur": null, "costo_noto_eur": 83.0, "alternativa_non_tesserati": null}}]}, "vincoli_speciali": [{"id": "esca_viva_comunita", "testo": "Il pesce vivo da esca deve appartenere alla comunità ittica dei laghi Maggiore e di Lugano.", "livello": "testuale"}, {"id": "live_sonar", "testo": "Dalla barca è vietato l'ecoscandaglio che mostra in tempo reale la posizione dei pesci (live sonar).", "livello": "testuale"}, {"id": "barca_notturna", "testo": "La pesca da imbarcazione è vietata da un'ora dopo il tramonto a un'ora prima dell'alba.", "livello": "testuale"}], "interpretazioni": [{"campo": "classificazione", "nota": "Il Ceresio non compare negli elenchi tipo A, B o C del par. 4.10: il cap. 4 non lo regola. La classe è un attributo non operativo."}, {"campo": "permessi", "nota": "Le quattro schede convivono sullo stesso poligono italiano. Il confine provinciale VA/CO non è un taglio di questa fase."}, {"campo": "foce_cuccio", "nota": "Divieto permanente alla foce del Cuccio: raggio = metà larghezza del torrente + 50 m. Il raggio non si ricava dalla centerline, quindi il cerchio non è disegnato."}, {"campo": "foci_svizzere", "nota": "Vedeggio, Cassarate, Magliasina, Laveggio e le arcate della diga di Melide sono in Svizzera e non si mappano."}], "fonti": [{"livello": "testuale", "riferimento": "cap. 5 — Verbano e Ceresio", "estratto": "Fino a due canne e 10 esche. Protette alborella, temolo, anguilla, storioni autoctoni, pigo, savetta. Misure: persico reale 18, trota 40, luccio 45, lucioperca 40."}, {"livello": "testuale", "riferimento": "Scheda Lago Ceresio — Varese", "estratto": "Da riva: licenza 23, tessera 30, contributo ridotto FIPSAS Varese 15, tesserino. Da barca: contributo annuale 30."}, {"livello": "testuale", "riferimento": "Scheda Ceresio — Como e Lecco", "estratto": "Ceresio (incluso Campione d'Italia). Da riva senza contributo di gestione; da barca contributo FIPSAS 30."}, {"livello": "testuale", "riferimento": "cap. 5", "estratto": "Pesca da imbarcazione vietata da un'ora dopo il tramonto a un'ora prima del sorgere del sole."}], "note_corpo": "Si disegna solo la parte in territorio italiano, Campione d'Italia compreso. Melide e il bacino svizzero restano fuori. I permessi di riva e di barca cambiano tra Varese e Como/Lecco: il poligono non si spezza sul confine provinciale.", "matrice": {"regime_amministrativo": "italo_svizzera", "regime_amministrativo_etichetta": "Italo-Svizzera", "classificazione_biologica": "fuori_cap4", "classificazione_etichetta": "Fuori dal cap. 4", "modalita": "natante", "tipo_geometria_normativa": "poligono", "eredita": [{"livello": 1, "asse": "regime_amministrativo", "id": "italo_svizzera", "blocco": "cispp_lago", "sostituisce_biologia": true}, {"livello": 1, "asse": "classificazione_biologica", "id": "fuori_cap4", "ruolo": "attributo parallelo, non operativo"}, {"livello": 2, "asse": "modalita_pesca", "id": "natante"}, {"livello": 3, "asse": "eccezione_locale", "id": "lago_lugano", "chiavi": ["permessi", "natante.vincoli_speciali"]}]}}, "id": "lago_lugano_040"}}, {"type": "Feature", "geometry": {"type": "Polygon", "coordinates": [[[8.87106, 45.95986], [8.87145, 45.95965], [8.87163, 45.95923], [8.87207, 45.95898], [8.87314, 45.95906], [8.87395, 45.95906], [8.87446, 45.95891], [8.8747, 45.9587], [8.87482, 45.9582], [8.87478, 45.95746], [8.87485, 45.95706], [8.87478, 45.95685], [8.87454, 45.95672], [8.87452, 45.95625], [8.87468, 45.95596], [8.87484, 45.95582], [8.87516, 45.95571], [8.87536, 45.95544], [8.87565, 45.95517], [8.87564, 45.95485], [8.87591, 45.95484], [8.87608, 45.95473], [8.87631, 45.95444], [8.87674, 45.95413], [8.87718, 45.95399], [8.87744, 45.95395], [8.87782, 45.95403], [8.87835, 45.95399], [8.87909, 45.95404], [8.88005, 45.95421], [8.88063, 45.95426], [8.88152, 45.9542], [8.88215, 45.95408], [8.88269, 45.95413], [8.8839, 45.95443], [8.88467, 45.95453], [8.88534, 45.95458], [8.88588, 45.95457], [8.8872, 45.95461], [8.88794, 45.95475], [8.88877, 45.95479], [8.88923, 45.95467], [8.88983, 45.95464], [8.89049, 45.95428], [8.89079, 45.95397], [8.89078, 45.95366], [8.89069, 45.95334], [8.8907, 45.95299], [8.89081, 45.95264], [8.89074, 45.95215], [8.89059, 45.95171], [8.89024, 45.95098], [8.8901, 45.95084], [8.88981, 45.95016], [8.89003, 45.94997], [8.89015, 45.94968], [8.89017, 45.94922], [8.89022, 45.94907], [8.89046, 45.94891], [8.89107, 45.94876], [8.8914, 45.94873], [8.89186, 45.94856], [8.89208, 45.94807], [8.89241, 45.94782], [8.89257, 45.9476], [8.89316, 45.94718], [8.8935, 45.94683], [8.89374, 45.94667], [8.8938, 45.94619], [8.89362, 45.94571], [8.89377, 45.94538], [8.8938, 45.94435], [8.89376, 45.94417], [8.89333, 45.94377], [8.89306, 45.94336], [8.89294, 45.94294], [8.89264, 45.94265], [8.89223, 45.94253], [8.89145, 45.94236], [8.89103, 45.94233], [8.89047, 45.94208], [8.89016, 45.94185], [8.88991, 45.94119], [8.88999, 45.94075], [8.88995, 45.94049], [8.88957, 45.93988], [8.8891, 45.93934], [8.88878, 45.93879], [8.88852, 45.93822], [8.88838, 45.93751], [8.88811, 45.93693], [8.88792, 45.93637], [8.88789, 45.93585], [8.88775, 45.93526], [8.88777, 45.93493], [8.88772, 45.93403], [8.88782, 45.93341], [8.888, 45.93262], [8.88801, 45.93189], [8.88816, 45.93121], [8.8884, 45.93065], [8.88849, 45.93012], [8.88888, 45.92965], [8.88918, 45.92941], [8.88936, 45.92916], [8.88943, 45.92877], [8.8896, 45.92842], [8.88954, 45.92777], [8.88957, 45.92729], [8.88954, 45.92672], [8.88986, 45.92605], [8.89004, 45.92557], [8.89027, 45.92507], [8.89067, 45.92441], [8.89076, 45.92419], [8.89082, 45.92378], [8.89107, 45.92317], [8.89163, 45.92259], [8.89207, 45.92232], [8.89288, 45.92219], [8.89369, 45.9219], [8.894, 45.92166], [8.89427, 45.92153], [8.8947, 45.9212], [8.89482, 45.92098], [8.89518, 45.92073], [8.89559, 45.92063], [8.89559, 45.92039], [8.89601, 45.92018], [8.89635, 45.92016], [8.89681, 45.91996], [8.89745, 45.91988], [8.89809, 45.91949], [8.89831, 45.91933], [8.89904, 45.9189], [8.89924, 45.91871], [8.89928, 45.91848], [8.89924, 45.91814], [8.899, 45.91746], [8.89894, 45.91719], [8.89894, 45.91628], [8.89888, 45.91606], [8.89892, 45.91581], [8.89947, 45.91513], [8.89973, 45.91467], [8.90008, 45.91429], [8.90049, 45.91375], [8.90046, 45.91349], [8.90006, 45.91332], [8.8996, 45.91287], [8.89895, 45.91207], [8.8987, 45.91198], [8.89823, 45.91154], [8.89818, 45.91133], [8.89798, 45.91134], [8.89799, 45.9102], [8.89795, 45.90978], [8.89782, 45.90977], [8.89787, 45.90939], [8.89743, 45.90897], [8.89711, 45.90858], [8.89625, 45.90793], [8.89605, 45.90764], [8.896, 45.90744], [8.89585, 45.90723], [8.89613, 45.90696], [8.8964, 45.90692], [8.89631, 45.90673], [8.89601, 45.90647], [8.89606, 45.9064], [8.89663, 45.90688], [8.8967, 45.9067], [8.8964, 45.90648], [8.89632, 45.90616], [8.89652, 45.90595], [8.89684, 45.90588], [8.89708, 45.90568], [8.89742, 45.90558], [8.89787, 45.90535], [8.89783, 45.90524], [8.89833, 45.90487], [8.89883, 45.90465], [8.89986, 45.9043], [8.90033, 45.90417], [8.90076, 45.90385], [8.90099, 45.90372], [8.90184, 45.90315], [8.90314, 45.90309], [8.90338, 45.90297], [8.9041, 45.90302], [8.90439, 45.90296], [8.90492, 45.90316], [8.90514, 45.90328], [8.9052, 45.90351], [8.90538, 45.90352], [8.90583, 45.90408], [8.90585, 45.90445], [8.90579, 45.90462], [8.90587, 45.90479], [8.90588, 45.9055], [8.90603, 45.90584], [8.9059, 45.90625], [8.90587, 45.90668], [8.90572, 45.90693], [8.90586, 45.90714], [8.90639, 45.90719], [8.90674, 45.90733], [8.90706, 45.90773], [8.90744, 45.90852], [8.90758, 45.90868], [8.90843, 45.90928], [8.90853, 45.90964], [8.90836, 45.90992], [8.90843, 45.91], [8.90932, 45.91004], [8.91016, 45.91029], [8.91043, 45.91051], [8.9107, 45.91089], [8.91069, 45.9111], [8.91085, 45.91157], [8.9108, 45.91203], [8.91085, 45.91217], [8.91129, 45.91245], [8.91163, 45.91256], [8.91408, 45.91301], [8.91446, 45.91314], [8.91473, 45.91315], [8.91548, 45.91333], [8.9167, 45.91367], [8.92027, 45.91434], [8.92114, 45.91464], [8.92276, 45.91492], [8.92417, 45.91581], [8.92623, 45.9167], [8.92688, 45.91715], [8.92743, 45.91774], [8.92884, 45.91871], [8.92992, 45.919], [8.93025, 45.91922], [8.93058, 45.9196], [8.93049, 45.9211], [8.93094, 45.92208], [8.93279, 45.92356], [8.93409, 45.92408], [8.93495, 45.92422], [8.93625, 45.92466], [8.93702, 45.92556], [8.93778, 45.92615], [8.93779, 45.92683], [8.93878, 45.92795], [8.93878, 45.92817], [8.93836, 45.92856], [8.93836, 45.92886], [8.93914, 45.93005], [8.94001, 45.93064], [8.94065, 45.93087], [8.9414, 45.93078], [8.94195, 45.93086], [8.94324, 45.93129], [8.94389, 45.93174], [8.94565, 45.93368], [8.94674, 45.93442], [8.94706, 45.9348], [8.94859, 45.93576], [8.9487, 45.93606], [8.94946, 45.93643], [8.95053, 45.93642], [8.95096, 45.93619], [8.95404, 45.93369], [8.95597, 45.93329], [8.95768, 45.93238], [8.96079, 45.93152], [8.96217, 45.93046], [8.96324, 45.92985], [8.9642, 45.92946], [8.96836, 45.92725], [8.97006, 45.92595], [8.97154, 45.92451], [8.97227, 45.92323], [8.9731, 45.92126], [8.97309, 45.92089], [8.97277, 45.92059], [8.97254, 45.91999], [8.97253, 45.91909], [8.97292, 45.91713], [8.97313, 45.91675], [8.97311, 45.91555], [8.97278, 45.91487], [8.97277, 45.9145], [8.9719, 45.91368], [8.97189, 45.91316], [8.97285, 45.91247], [8.97347, 45.91134], [8.97442, 45.91012], [8.97442, 45.90975], [8.97409, 45.9093], [8.97386, 45.90848], [8.97319, 45.90743], [8.97329, 45.90682], [8.97285, 45.9063], [8.97296, 45.906], [8.9736, 45.90592], [8.97402, 45.90562], [8.97478, 45.90599], [8.97532, 45.90598], [8.97575, 45.90575], [8.97606, 45.9053], [8.97616, 45.90462], [8.97702, 45.90446], [8.97733, 45.90408], [8.9782, 45.90423], [8.97895, 45.90414], [8.97938, 45.90437], [8.98046, 45.90428], [8.98133, 45.90495], [8.98254, 45.90697], [8.98269, 45.90953], [8.98292, 45.91035], [8.98392, 45.91192], [8.98459, 45.91342], [8.98461, 45.915], [8.98409, 45.91583], [8.98411, 45.91673], [8.98519, 45.9171], [8.98531, 45.91785], [8.985, 45.9186], [8.98393, 45.91937], [8.98416, 45.91997], [8.98299, 45.92065], [8.98214, 45.92149], [8.98108, 45.92225], [8.98013, 45.92353], [8.97971, 45.92384], [8.97863, 45.92423], [8.978, 45.92461], [8.97757, 45.92506], [8.97792, 45.92634], [8.97728, 45.92702], [8.97708, 45.92755], [8.97699, 45.92898], [8.97733, 45.92958], [8.97722, 45.9298], [8.97411, 45.93058], [8.97305, 45.93127], [8.97241, 45.93188], [8.97188, 45.93195], [8.97134, 45.93233], [8.97006, 45.9328], [8.96953, 45.93318], [8.96943, 45.93378], [8.96998, 45.93453], [8.96999, 45.93475], [8.96967, 45.93513], [8.9698, 45.93641], [8.96939, 45.93799], [8.96908, 45.9383], [8.96833, 45.93853], [8.96758, 45.93913], [8.96609, 45.93967], [8.96523, 45.94028], [8.96503, 45.94081], [8.96506, 45.94269], [8.96619, 45.94629], [8.96634, 45.94884], [8.96624, 45.94907], [8.96528, 45.94946], [8.96506, 45.94969], [8.96509, 45.95119], [8.96451, 45.95149], [8.96516, 45.95302], [8.96524, 45.95359], [8.96601, 45.95479], [8.95038, 45.95574], [8.95035, 45.95529], [8.95051, 45.9544], [8.94865, 45.95199], [8.94776, 45.95149], [8.94701, 45.95142], [8.94668, 45.95127], [8.9455, 45.95136], [8.94463, 45.95083], [8.94408, 45.95024], [8.94289, 45.94935], [8.94266, 45.94875], [8.94276, 45.94844], [8.94265, 45.94815], [8.94177, 45.94717], [8.94154, 45.94627], [8.94163, 45.94462], [8.94151, 45.94402], [8.94042, 45.9432], [8.94041, 45.94283], [8.94008, 45.94238], [8.93921, 45.94163], [8.9392, 45.94081], [8.93875, 45.93976], [8.93799, 45.93923], [8.93745, 45.93909], [8.93657, 45.93767], [8.93241, 45.93364], [8.93197, 45.93289], [8.93023, 45.93156], [8.92945, 45.93043], [8.92804, 45.92939], [8.92738, 45.92842], [8.92662, 45.92775], [8.92271, 45.92545], [8.92205, 45.92486], [8.92117, 45.92366], [8.919, 45.92247], [8.91814, 45.92218], [8.91619, 45.92182], [8.91576, 45.9216], [8.91533, 45.9216], [8.91266, 45.92253], [8.91202, 45.92298], [8.91096, 45.92427], [8.90969, 45.92548], [8.90746, 45.92731], [8.90574, 45.9277], [8.90478, 45.92838], [8.90425, 45.92899], [8.90361, 45.92922], [8.90298, 45.93012], [8.90095, 45.93082], [8.9001, 45.93142], [8.89946, 45.93241], [8.89893, 45.93271], [8.89917, 45.93422], [8.90018, 45.93684], [8.90084, 45.93789], [8.90085, 45.93834], [8.90141, 45.93991], [8.90196, 45.94073], [8.90218, 45.94141], [8.90284, 45.94216], [8.90373, 45.94403], [8.90396, 45.94485], [8.90462, 45.94583], [8.90474, 45.9465], [8.90453, 45.9471], [8.90486, 45.94763], [8.90551, 45.94807], [8.90584, 45.94852], [8.90596, 45.9492], [8.90554, 45.94988], [8.90427, 45.95117], [8.90374, 45.952], [8.90387, 45.9532], [8.9042, 45.9535], [8.90485, 45.9538], [8.90539, 45.95432], [8.9054, 45.95492], [8.90434, 45.95583], [8.90232, 45.95705], [8.90211, 45.95758], [8.90223, 45.9584], [8.90202, 45.9587], [8.90202, 45.95931], [8.90225, 45.95961], [8.90226, 45.96043], [8.90077, 45.96195], [8.9008, 45.96383], [8.90018, 45.96541], [8.9002, 45.96639], [8.89957, 45.9676], [8.89904, 45.96813], [8.89894, 45.96851], [8.89927, 45.96911], [8.90003, 45.9697], [8.90049, 45.97142], [8.90181, 45.97367], [8.90183, 45.97472], [8.90205, 45.97517], [8.90423, 45.97703], [8.90478, 45.97786], [8.90468, 45.97816], [8.90502, 45.97891], [8.90567, 45.97936], [8.90643, 45.97957], [8.90719, 45.98002], [8.9084, 45.98159], [8.90895, 45.98271], [8.90994, 45.98406], [8.91006, 45.98473], [8.90996, 45.98518], [8.91051, 45.98601], [8.91149, 45.9869], [8.91162, 45.98818], [8.91273, 45.98997], [8.91273, 45.9902], [8.91188, 45.99081], [8.91199, 45.99134], [8.91146, 45.99187], [8.91147, 45.99239], [8.91169, 45.99284], [8.91137, 45.99307], [8.9104, 45.99315], [8.90998, 45.99361], [8.90934, 45.99361], [8.90902, 45.99384], [8.9087, 45.99452], [8.90828, 45.99483], [8.90752, 45.99483], [8.90654, 45.99401], [8.906, 45.99379], [8.90481, 45.99373], [8.9035, 45.99268], [8.90242, 45.99232], [8.9022, 45.99187], [8.90177, 45.99164], [8.90122, 45.99165], [8.89929, 45.99219], [8.89854, 45.99212], [8.89821, 45.9919], [8.89744, 45.99063], [8.89602, 45.98906], [8.8946, 45.98824], [8.89405, 45.98757], [8.89383, 45.9872], [8.89383, 45.98682], [8.89478, 45.98583], [8.89498, 45.9844], [8.89583, 45.98372], [8.89634, 45.98176], [8.89632, 45.98086], [8.89599, 45.98041], [8.89598, 45.97928], [8.89553, 45.97846], [8.89552, 45.97748], [8.89614, 45.97612], [8.89613, 45.97552], [8.8958, 45.97507], [8.89483, 45.97456], [8.8947, 45.97358], [8.89383, 45.97298], [8.89404, 45.97253], [8.8935, 45.97208], [8.89253, 45.97209], [8.89156, 45.97247], [8.8907, 45.97241], [8.8895, 45.97129], [8.88798, 45.97055], [8.88658, 45.97026], [8.88549, 45.96952], [8.88527, 45.96921], [8.88515, 45.96869], [8.88536, 45.96816], [8.88641, 45.96642], [8.88705, 45.96567], [8.88725, 45.96506], [8.88831, 45.96385], [8.88917, 45.96325], [8.88948, 45.96272], [8.88947, 45.96219], [8.88903, 45.96159], [8.88772, 45.9604], [8.8856, 45.9596], [8.88382, 45.95985], [8.88223, 45.96021], [8.87905, 45.96156], [8.87755, 45.96199], [8.87614, 45.9623], [8.87376, 45.96254], [8.87235, 45.96278], [8.87174, 45.96297], [8.87111, 45.96299], [8.87106, 45.95986]]]}, "properties": {"nome_tratto": "Lago di Lugano (Ceresio)", "corpo_idrico": "lago_lugano", "corpo_nome": "Lago di Lugano (Ceresio)", "layer": "base", "segmento_id": null, "zona_id": "lago_lugano_residuo", "regime": "cispp", "regime_etichetta": "Regime CISPP (Commissione italo-svizzera)", "tipo_acqua": "fuori_cap4", "pesca_consentita": true, "geometria": "Polygon", "matrice": {"regime_amministrativo": "italo_svizzera", "regime_amministrativo_etichetta": "Italo-Svizzera", "classificazione_biologica": "fuori_cap4", "classificazione_etichetta": "Fuori dal cap. 4", "modalita": "sponda", "tipo_geometria_normativa": "poligono", "eredita": [{"livello": 1, "asse": "regime_amministrativo", "id": "italo_svizzera", "blocco": "cispp_lago", "sostituisce_biologia": true}, {"livello": 1, "asse": "classificazione_biologica", "id": "fuori_cap4", "ruolo": "attributo parallelo, non operativo"}, {"livello": 2, "asse": "modalita_pesca", "id": "sponda"}, {"livello": 3, "asse": "eccezione_locale", "id": "lago_lugano", "chiavi": ["permessi"]}]}, "regole": {"zona_id": "lago_lugano_residuo", "zona_nome": "Lago di Lugano (Ceresio) — Regime CISPP (Commissione italo-svizzera)", "corpo_idrico": "lago_lugano", "corpo_nome": "Lago di Lugano (Ceresio)", "regime": "cispp", "regime_etichetta": "Regime CISPP (Commissione italo-svizzera)", "regime_descrizione": "Acque regolate dalla Convenzione italo-svizzera: regole diverse dal cap. 4 del prontuario.", "tipo_acqua": "fuori_cap4", "tipo_acqua_etichetta": "Fuori dal cap. 4 (CISPP)", "pesca_consentita": true, "priorita": 10, "estensione": {"tipo": "residuale", "descrizione": "Fuori dai tagli restrittivi (No-Kill, divieto, riserva)."}, "calendario": {"stagione": {"id": "rinvio_cispp", "etichetta": "Calendario CISPP", "inizio": null, "fine": null, "rinvio_esterno": "https://www.cispp.org/", "testo": "Calendario stabilito dal Regolamento di applicazione CISPP (in vigore dal 1° gennaio 2025)", "fonte": {"livello": "testuale", "riferimento": "Premessa cap. 4", "estratto": "Nel Verbano, nel Ceresio e nel fiume Tresa, la pesca è regolamentata in modo differente"}}, "giorni": {"id": "tutti_i_giorni", "etichetta": "Tutti i giorni", "settimana": ["lun", "mar", "mer", "gio", "ven", "sab", "dom"], "festivi_aggiuntivi": [], "testo": "Tutti i giorni della settimana", "fonte": {"livello": "derivata", "riferimento": "", "estratto": ""}}, "fascia_oraria": {"id": "rinvio_cispp", "etichetta": "Orari CISPP", "da": null, "a": null, "rinvio_esterno": "https://www.cispp.org/", "testo": "Pesca notturna solo nei tratti CISPP specifici del Tresa", "fonte": {"livello": "testuale", "riferimento": "Regolamento CISPP (sintesi prontuario)", "estratto": "Pesca notturna solo in tratti CISPP specifici"}}, "periodi_speciali": []}, "attrezzatura": {"attrezzi_ammessi": ["canna"], "canne_max": 2, "esche_max_per_canna": null, "esche_max_per_pescatore": 10, "ami_max_per_canna": null, "ardiglione": "ammesso", "spazio_sponda_max_m": null}, "esche": {"consentite": ["naturale", "artificiale"], "vietate": ["pesce_vivo_fuori_comunita"], "pasturazione": "secondo_cispp"}, "tecniche": {"consentite": ["canna_da_riva", "imbarcazione"], "vietate": ["pesca_a_strappo"], "condizionate": []}, "prelievo": {"tipo": "ordinario", "rilascio_obbligatorio": false, "capi_trattenibili": "secondo Regolamento CISPP", "specie_sempre_protette_extra": ["alborella", "temolo", "anguilla", "storioni_autoctoni", "pigo", "savetta"], "limiti_ref": null, "misure_minime_cm": {"trota_fario": 25, "trota_marmorata": 40, "temolo": 35, "luccio": 45, "persico_reale": 18, "salmerino_alpino": 25, "agone": 20, "carpa": 30, "coregone_bondella": 25, "coregone_lavarello": 30, "lucioperca": 40, "persico_trota": 20, "tinca": 30, "trota": 40}, "specie_protette": ["cobiti", "lasca", "scazzone", "anguilla", "savetta", "barbo canino", "lampreda padana", "pigo", "trota macrostigma", "alborella", "temolo", "anguilla", "storioni_autoctoni", "pigo", "savetta"]}, "permessi": {"pacchetto": {"id": null, "etichetta": "Permesso territoriale del Ceresio", "documenti": [], "note": "Quattro pacchetti in variante (riva/barca, Varese oppure Como-Lecco). Nessuno è il default unico del poligono.", "richiede_contributo_extra": null, "richiede_tesserino": null, "costo_totale_eur": null, "costo_noto_eur": 0, "alternativa_non_tesserati": null}, "varianti": [{"condizione": "sponda, provincia di Varese", "pacchetto": {"id": "fipsas_ceresio_riva_va", "etichetta": "Ceresio da riva — provincia di Varese", "richiede_contributo_extra": true, "richiede_tesserino": true, "note": "Contributo ridotto € 15. Chi ha già il contributo annuale € 30 non deve il ridotto.", "documenti": [{"id": "licenza_B", "etichetta": "Licenza di pesca tipo B", "costo_eur": 23.0, "ente": "Regione Lombardia (tassa regionale)", "validita": "12 mesi", "esenzioni": ["Residenti in Italia con meno di 18 anni", "Residenti in Italia con più di 65 anni", "Soggetti L. 104/1992 art. 3 (se pescano solo con canna)"], "fonte": {"livello": "testuale", "riferimento": "PESCARE NEI FIUMI/TORRENTI/CANALI", "estratto": "Licenza di pesca tipo B (€ 23,00)"}}, {"id": "tessera_fipsas", "etichetta": "Tessera FIPSAS", "costo_eur": 30.0, "costi_ridotti": [{"costo_eur": 6.0, "condizione": "nati dopo il 01.01.2011"}], "ente": "FIPSAS", "validita": "anno solare", "esenzioni": [], "fonte": {"livello": "testuale", "riferimento": "PESCARE NEI FIUMI/TORRENTI/CANALI", "estratto": "Tessera FIPSAS (€ 30,00; € 6,00 nati dopo il 01.01.2011)"}}, {"id": "contributo_gestione_ridotto", "etichetta": "Contributo di gestione RIDOTTO FIPSAS Varese", "costo_eur": 15.0, "ente": "FIPSAS Varese (concessionario)", "validita": "anno solare", "ambito": ["pesca da riva nei laghi con rive in verde (es. Lago di Ghirla)"], "assorbito_da": "contributo_gestione_annuale", "esenzioni": ["Nati dopo il 01.01.2008", "Disabili L. 104/1992 art. 3 c. 3"], "fonte": {"livello": "testuale", "riferimento": "Scheda Lago di Ghirla", "estratto": "Contributo di Gestione RIDOTTO FIPSAS Varese € 15 […] Chi ha già il contributo annuale € 30 non deve il ridotto da riva."}}, {"id": "tesserino_segnapesci", "etichetta": "Tesserino segnapesci del concessionario", "costo_eur": null, "ente": "FIPSAS Varese", "non_richiesto_se": ["permesso_giornaliero"], "punti_distribuzione": ["GERMIGNAGA PESCA — Piazza 20 Settembre, 29, Germignaga (VA)"], "fonte": {"livello": "testuale", "riferimento": "PESCARE NEI FIUMI/TORRENTI/CANALI", "estratto": "Tesserino segna pesci del Concessionario […] non è obbligatorio per chi utilizza il permesso giornaliero di pesca"}}], "costo_totale_eur": null, "costo_noto_eur": 68.0, "alternativa_non_tesserati": [{"id": "licenza_B", "etichetta": "Licenza di pesca tipo B"}, {"id": "permesso_giornaliero", "etichetta": "Permesso giornaliero (non tesserati FIPSAS)"}]}}, {"condizione": "natante, provincia di Varese", "pacchetto": {"id": "fipsas_ceresio_barca_va", "etichetta": "Ceresio da barca — provincia di Varese", "richiede_contributo_extra": true, "richiede_tesserino": true, "note": "Contributo annuale FIPSAS Varese € 30.", "documenti": [{"id": "licenza_B", "etichetta": "Licenza di pesca tipo B", "costo_eur": 23.0, "ente": "Regione Lombardia (tassa regionale)", "validita": "12 mesi", "esenzioni": ["Residenti in Italia con meno di 18 anni", "Residenti in Italia con più di 65 anni", "Soggetti L. 104/1992 art. 3 (se pescano solo con canna)"], "fonte": {"livello": "testuale", "riferimento": "PESCARE NEI FIUMI/TORRENTI/CANALI", "estratto": "Licenza di pesca tipo B (€ 23,00)"}}, {"id": "tessera_fipsas", "etichetta": "Tessera FIPSAS", "costo_eur": 30.0, "costi_ridotti": [{"costo_eur": 6.0, "condizione": "nati dopo il 01.01.2011"}], "ente": "FIPSAS", "validita": "anno solare", "esenzioni": [], "fonte": {"livello": "testuale", "riferimento": "PESCARE NEI FIUMI/TORRENTI/CANALI", "estratto": "Tessera FIPSAS (€ 30,00; € 6,00 nati dopo il 01.01.2011)"}}, {"id": "contributo_gestione_annuale", "etichetta": "Contributo di gestione annuale FIPSAS Varese", "costo_eur": 30.0, "ente": "FIPSAS Varese (concessionario)", "validita": "anno solare", "ambito": ["acque di tipo B", "pesca da imbarcazione / belly boat", "acque evidenziate in azzurro"], "esenzioni": ["Nati dopo il 01.01.2008", "Disabili L. 104/1992 art. 3 c. 3"], "fonte": {"livello": "testuale", "riferimento": "PESCARE NEI FIUMI/TORRENTI/CANALI", "estratto": "Contributo di gestione annuale a FIPSAS Varese (€ 30,00) — per la pesca da imbarcazione e nelle acque di tipo B"}}, {"id": "tesserino_segnapesci", "etichetta": "Tesserino segnapesci del concessionario", "costo_eur": null, "ente": "FIPSAS Varese", "non_richiesto_se": ["permesso_giornaliero"], "punti_distribuzione": ["GERMIGNAGA PESCA — Piazza 20 Settembre, 29, Germignaga (VA)"], "fonte": {"livello": "testuale", "riferimento": "PESCARE NEI FIUMI/TORRENTI/CANALI", "estratto": "Tesserino segna pesci del Concessionario […] non è obbligatorio per chi utilizza il permesso giornaliero di pesca"}}], "costo_totale_eur": null, "costo_noto_eur": 83.0, "alternativa_non_tesserati": null}}, {"condizione": "sponda, province di Como e Lecco, incluso Campione d'Italia", "pacchetto": {"id": "fipsas_ceresio_riva_co", "etichetta": "Ceresio da riva — Como, Lecco, Campione d'Italia", "richiede_contributo_extra": false, "richiede_tesserino": true, "note": "La scheda CO/LC da riva non chiede il contributo di gestione.", "documenti": [{"id": "licenza_B", "etichetta": "Licenza di pesca tipo B", "costo_eur": 23.0, "ente": "Regione Lombardia (tassa regionale)", "validita": "12 mesi", "esenzioni": ["Residenti in Italia con meno di 18 anni", "Residenti in Italia con più di 65 anni", "Soggetti L. 104/1992 art. 3 (se pescano solo con canna)"], "fonte": {"livello": "testuale", "riferimento": "PESCARE NEI FIUMI/TORRENTI/CANALI", "estratto": "Licenza di pesca tipo B (€ 23,00)"}}, {"id": "tessera_fipsas", "etichetta": "Tessera FIPSAS", "costo_eur": 30.0, "costi_ridotti": [{"costo_eur": 6.0, "condizione": "nati dopo il 01.01.2011"}], "ente": "FIPSAS", "validita": "anno solare", "esenzioni": [], "fonte": {"livello": "testuale", "riferimento": "PESCARE NEI FIUMI/TORRENTI/CANALI", "estratto": "Tessera FIPSAS (€ 30,00; € 6,00 nati dopo il 01.01.2011)"}}, {"id": "tesserino_segnapesci", "etichetta": "Tesserino segnapesci del concessionario", "costo_eur": null, "ente": "FIPSAS Varese", "non_richiesto_se": ["permesso_giornaliero"], "punti_distribuzione": ["GERMIGNAGA PESCA — Piazza 20 Settembre, 29, Germignaga (VA)"], "fonte": {"livello": "testuale", "riferimento": "PESCARE NEI FIUMI/TORRENTI/CANALI", "estratto": "Tesserino segna pesci del Concessionario […] non è obbligatorio per chi utilizza il permesso giornaliero di pesca"}}], "costo_totale_eur": null, "costo_noto_eur": 53.0, "alternativa_non_tesserati": [{"id": "licenza_B", "etichetta": "Licenza di pesca tipo B"}, {"id": "permesso_giornaliero", "etichetta": "Permesso giornaliero (non tesserati FIPSAS)"}]}}, {"condizione": "natante, province di Como e Lecco, incluso Campione d'Italia", "pacchetto": {"id": "fipsas_ceresio_barca_co", "etichetta": "Ceresio da barca — Como, Lecco, Campione d'Italia", "richiede_contributo_extra": true, "richiede_tesserino": true, "note": "Contributo annuale FIPSAS € 30, distinto da quello di FIPSAS Varese.", "documenti": [{"id": "licenza_B", "etichetta": "Licenza di pesca tipo B", "costo_eur": 23.0, "ente": "Regione Lombardia (tassa regionale)", "validita": "12 mesi", "esenzioni": ["Residenti in Italia con meno di 18 anni", "Residenti in Italia con più di 65 anni", "Soggetti L. 104/1992 art. 3 (se pescano solo con canna)"], "fonte": {"livello": "testuale", "riferimento": "PESCARE NEI FIUMI/TORRENTI/CANALI", "estratto": "Licenza di pesca tipo B (€ 23,00)"}}, {"id": "tessera_fipsas", "etichetta": "Tessera FIPSAS", "costo_eur": 30.0, "costi_ridotti": [{"costo_eur": 6.0, "condizione": "nati dopo il 01.01.2011"}], "ente": "FIPSAS", "validita": "anno solare", "esenzioni": [], "fonte": {"livello": "testuale", "riferimento": "PESCARE NEI FIUMI/TORRENTI/CANALI", "estratto": "Tessera FIPSAS (€ 30,00; € 6,00 nati dopo il 01.01.2011)"}}, {"id": "contributo_gestione_co", "etichetta": "Contributo di gestione annuale FIPSAS (Como / Lecco)", "costo_eur": 30.0, "ente": "FIPSAS (province di Como e Lecco)", "validita": "anno solare", "ambito": ["pesca da barca nel Ceresio in sponda CO/LC, incluso Campione d'Italia"], "esenzioni": [], "fonte": {"livello": "testuale", "riferimento": "Scheda laghi Como, Lecco e Ceresio", "estratto": "Da barca: Contributo di Gestione annuale a FIPSAS (30 €). Da riva il contributo non è richiesto."}}, {"id": "tesserino_segnapesci", "etichetta": "Tesserino segnapesci del concessionario", "costo_eur": null, "ente": "FIPSAS Varese", "non_richiesto_se": ["permesso_giornaliero"], "punti_distribuzione": ["GERMIGNAGA PESCA — Piazza 20 Settembre, 29, Germignaga (VA)"], "fonte": {"livello": "testuale", "riferimento": "PESCARE NEI FIUMI/TORRENTI/CANALI", "estratto": "Tesserino segna pesci del Concessionario […] non è obbligatorio per chi utilizza il permesso giornaliero di pesca"}}], "costo_totale_eur": null, "costo_noto_eur": 83.0, "alternativa_non_tesserati": null}}]}, "vincoli_speciali": [{"id": "esca_viva_comunita", "testo": "Il pesce vivo da esca deve appartenere alla comunità ittica dei laghi Maggiore e di Lugano.", "livello": "testuale"}, {"id": "live_sonar", "testo": "Dalla barca è vietato l'ecoscandaglio che mostra in tempo reale la posizione dei pesci (live sonar).", "livello": "testuale"}], "interpretazioni": [{"campo": "classificazione", "nota": "Il Ceresio non compare negli elenchi tipo A, B o C del par. 4.10: il cap. 4 non lo regola. La classe è un attributo non operativo."}, {"campo": "permessi", "nota": "Le quattro schede convivono sullo stesso poligono italiano. Il confine provinciale VA/CO non è un taglio di questa fase."}, {"campo": "foce_cuccio", "nota": "Divieto permanente alla foce del Cuccio: raggio = metà larghezza del torrente + 50 m. Il raggio non si ricava dalla centerline, quindi il cerchio non è disegnato."}, {"campo": "foci_svizzere", "nota": "Vedeggio, Cassarate, Magliasina, Laveggio e le arcate della diga di Melide sono in Svizzera e non si mappano."}], "fonti": [{"livello": "testuale", "riferimento": "cap. 5 — Verbano e Ceresio", "estratto": "Fino a due canne e 10 esche. Protette alborella, temolo, anguilla, storioni autoctoni, pigo, savetta. Misure: persico reale 18, trota 40, luccio 45, lucioperca 40."}, {"livello": "testuale", "riferimento": "Scheda Lago Ceresio — Varese", "estratto": "Da riva: licenza 23, tessera 30, contributo ridotto FIPSAS Varese 15, tesserino. Da barca: contributo annuale 30."}, {"livello": "testuale", "riferimento": "Scheda Ceresio — Como e Lecco", "estratto": "Ceresio (incluso Campione d'Italia). Da riva senza contributo di gestione; da barca contributo FIPSAS 30."}, {"livello": "testuale", "riferimento": "cap. 5", "estratto": "Pesca da imbarcazione vietata da un'ora dopo il tramonto a un'ora prima del sorgere del sole."}], "note_corpo": "Si disegna solo la parte in territorio italiano, Campione d'Italia compreso. Melide e il bacino svizzero restano fuori. I permessi di riva e di barca cambiano tra Varese e Como/Lecco: il poligono non si spezza sul confine provinciale.", "matrice": {"regime_amministrativo": "italo_svizzera", "regime_amministrativo_etichetta": "Italo-Svizzera", "classificazione_biologica": "fuori_cap4", "classificazione_etichetta": "Fuori dal cap. 4", "modalita": "sponda", "tipo_geometria_normativa": "poligono", "eredita": [{"livello": 1, "asse": "regime_amministrativo", "id": "italo_svizzera", "blocco": "cispp_lago", "sostituisce_biologia": true}, {"livello": 1, "asse": "classificazione_biologica", "id": "fuori_cap4", "ruolo": "attributo parallelo, non operativo"}, {"livello": 2, "asse": "modalita_pesca", "id": "sponda"}, {"livello": 3, "asse": "eccezione_locale", "id": "lago_lugano", "chiavi": ["permessi"]}]}}, "fonte_geometria": "reticolo_regionale_lombardia", "nome_regionale": "Lugano (lago) - bacino sud", "bacino_regionale": "TICINO", "sottobacino": "Lago di Lugano (Ceresio)", "cod_ptua16": "IT03POTILULN2IN", "natura": "naturale", "regole_natante": {"zona_id": "lago_lugano_residuo", "zona_nome": "Lago di Lugano (Ceresio) — Regime CISPP (Commissione italo-svizzera)", "corpo_idrico": "lago_lugano", "corpo_nome": "Lago di Lugano (Ceresio)", "regime": "cispp", "regime_etichetta": "Regime CISPP (Commissione italo-svizzera)", "regime_descrizione": "Acque regolate dalla Convenzione italo-svizzera: regole diverse dal cap. 4 del prontuario.", "tipo_acqua": "fuori_cap4", "tipo_acqua_etichetta": "Fuori dal cap. 4 (CISPP)", "pesca_consentita": true, "priorita": 10, "estensione": {"tipo": "residuale", "descrizione": "Fuori dai tagli restrittivi (No-Kill, divieto, riserva)."}, "calendario": {"stagione": {"id": "rinvio_cispp", "etichetta": "Calendario CISPP", "inizio": null, "fine": null, "rinvio_esterno": "https://www.cispp.org/", "testo": "Calendario stabilito dal Regolamento di applicazione CISPP (in vigore dal 1° gennaio 2025)", "fonte": {"livello": "testuale", "riferimento": "Premessa cap. 4", "estratto": "Nel Verbano, nel Ceresio e nel fiume Tresa, la pesca è regolamentata in modo differente"}}, "giorni": {"id": "tutti_i_giorni", "etichetta": "Tutti i giorni", "settimana": ["lun", "mar", "mer", "gio", "ven", "sab", "dom"], "festivi_aggiuntivi": [], "testo": "Tutti i giorni della settimana", "fonte": {"livello": "derivata", "riferimento": "", "estratto": ""}}, "fascia_oraria": {"id": "rinvio_cispp", "etichetta": "Orari CISPP", "da": null, "a": null, "rinvio_esterno": "https://www.cispp.org/", "testo": "Pesca notturna solo nei tratti CISPP specifici del Tresa", "fonte": {"livello": "testuale", "riferimento": "Regolamento CISPP (sintesi prontuario)", "estratto": "Pesca notturna solo in tratti CISPP specifici"}}, "periodi_speciali": []}, "attrezzatura": {"attrezzi_ammessi": ["canna"], "canne_max": 2, "esche_max_per_canna": null, "esche_max_per_pescatore": 10, "ami_max_per_canna": null, "ardiglione": "ammesso", "spazio_sponda_max_m": null}, "esche": {"consentite": ["naturale", "artificiale"], "vietate": ["pesce_vivo_fuori_comunita"], "pasturazione": "secondo_cispp"}, "tecniche": {"consentite": ["canna_da_riva", "imbarcazione"], "vietate": ["pesca_a_strappo"], "condizionate": []}, "prelievo": {"tipo": "ordinario", "rilascio_obbligatorio": false, "capi_trattenibili": "secondo Regolamento CISPP", "specie_sempre_protette_extra": ["alborella", "temolo", "anguilla", "storioni_autoctoni", "pigo", "savetta"], "limiti_ref": null, "misure_minime_cm": {"trota_fario": 25, "trota_marmorata": 40, "temolo": 35, "luccio": 45, "persico_reale": 18, "salmerino_alpino": 25, "agone": 20, "carpa": 30, "coregone_bondella": 25, "coregone_lavarello": 30, "lucioperca": 40, "persico_trota": 20, "tinca": 30, "trota": 40}, "specie_protette": ["cobiti", "lasca", "scazzone", "anguilla", "savetta", "barbo canino", "lampreda padana", "pigo", "trota macrostigma", "alborella", "temolo", "anguilla", "storioni_autoctoni", "pigo", "savetta"]}, "permessi": {"pacchetto": {"id": null, "etichetta": "Permesso territoriale del Ceresio", "documenti": [], "note": "Quattro pacchetti in variante (riva/barca, Varese oppure Como-Lecco). Nessuno è il default unico del poligono.", "richiede_contributo_extra": null, "richiede_tesserino": null, "costo_totale_eur": null, "costo_noto_eur": 0, "alternativa_non_tesserati": null}, "varianti": [{"condizione": "sponda, provincia di Varese", "pacchetto": {"id": "fipsas_ceresio_riva_va", "etichetta": "Ceresio da riva — provincia di Varese", "richiede_contributo_extra": true, "richiede_tesserino": true, "note": "Contributo ridotto € 15. Chi ha già il contributo annuale € 30 non deve il ridotto.", "documenti": [{"id": "licenza_B", "etichetta": "Licenza di pesca tipo B", "costo_eur": 23.0, "ente": "Regione Lombardia (tassa regionale)", "validita": "12 mesi", "esenzioni": ["Residenti in Italia con meno di 18 anni", "Residenti in Italia con più di 65 anni", "Soggetti L. 104/1992 art. 3 (se pescano solo con canna)"], "fonte": {"livello": "testuale", "riferimento": "PESCARE NEI FIUMI/TORRENTI/CANALI", "estratto": "Licenza di pesca tipo B (€ 23,00)"}}, {"id": "tessera_fipsas", "etichetta": "Tessera FIPSAS", "costo_eur": 30.0, "costi_ridotti": [{"costo_eur": 6.0, "condizione": "nati dopo il 01.01.2011"}], "ente": "FIPSAS", "validita": "anno solare", "esenzioni": [], "fonte": {"livello": "testuale", "riferimento": "PESCARE NEI FIUMI/TORRENTI/CANALI", "estratto": "Tessera FIPSAS (€ 30,00; € 6,00 nati dopo il 01.01.2011)"}}, {"id": "contributo_gestione_ridotto", "etichetta": "Contributo di gestione RIDOTTO FIPSAS Varese", "costo_eur": 15.0, "ente": "FIPSAS Varese (concessionario)", "validita": "anno solare", "ambito": ["pesca da riva nei laghi con rive in verde (es. Lago di Ghirla)"], "assorbito_da": "contributo_gestione_annuale", "esenzioni": ["Nati dopo il 01.01.2008", "Disabili L. 104/1992 art. 3 c. 3"], "fonte": {"livello": "testuale", "riferimento": "Scheda Lago di Ghirla", "estratto": "Contributo di Gestione RIDOTTO FIPSAS Varese € 15 […] Chi ha già il contributo annuale € 30 non deve il ridotto da riva."}}, {"id": "tesserino_segnapesci", "etichetta": "Tesserino segnapesci del concessionario", "costo_eur": null, "ente": "FIPSAS Varese", "non_richiesto_se": ["permesso_giornaliero"], "punti_distribuzione": ["GERMIGNAGA PESCA — Piazza 20 Settembre, 29, Germignaga (VA)"], "fonte": {"livello": "testuale", "riferimento": "PESCARE NEI FIUMI/TORRENTI/CANALI", "estratto": "Tesserino segna pesci del Concessionario […] non è obbligatorio per chi utilizza il permesso giornaliero di pesca"}}], "costo_totale_eur": null, "costo_noto_eur": 68.0, "alternativa_non_tesserati": [{"id": "licenza_B", "etichetta": "Licenza di pesca tipo B"}, {"id": "permesso_giornaliero", "etichetta": "Permesso giornaliero (non tesserati FIPSAS)"}]}}, {"condizione": "natante, provincia di Varese", "pacchetto": {"id": "fipsas_ceresio_barca_va", "etichetta": "Ceresio da barca — provincia di Varese", "richiede_contributo_extra": true, "richiede_tesserino": true, "note": "Contributo annuale FIPSAS Varese € 30.", "documenti": [{"id": "licenza_B", "etichetta": "Licenza di pesca tipo B", "costo_eur": 23.0, "ente": "Regione Lombardia (tassa regionale)", "validita": "12 mesi", "esenzioni": ["Residenti in Italia con meno di 18 anni", "Residenti in Italia con più di 65 anni", "Soggetti L. 104/1992 art. 3 (se pescano solo con canna)"], "fonte": {"livello": "testuale", "riferimento": "PESCARE NEI FIUMI/TORRENTI/CANALI", "estratto": "Licenza di pesca tipo B (€ 23,00)"}}, {"id": "tessera_fipsas", "etichetta": "Tessera FIPSAS", "costo_eur": 30.0, "costi_ridotti": [{"costo_eur": 6.0, "condizione": "nati dopo il 01.01.2011"}], "ente": "FIPSAS", "validita": "anno solare", "esenzioni": [], "fonte": {"livello": "testuale", "riferimento": "PESCARE NEI FIUMI/TORRENTI/CANALI", "estratto": "Tessera FIPSAS (€ 30,00; € 6,00 nati dopo il 01.01.2011)"}}, {"id": "contributo_gestione_annuale", "etichetta": "Contributo di gestione annuale FIPSAS Varese", "costo_eur": 30.0, "ente": "FIPSAS Varese (concessionario)", "validita": "anno solare", "ambito": ["acque di tipo B", "pesca da imbarcazione / belly boat", "acque evidenziate in azzurro"], "esenzioni": ["Nati dopo il 01.01.2008", "Disabili L. 104/1992 art. 3 c. 3"], "fonte": {"livello": "testuale", "riferimento": "PESCARE NEI FIUMI/TORRENTI/CANALI", "estratto": "Contributo di gestione annuale a FIPSAS Varese (€ 30,00) — per la pesca da imbarcazione e nelle acque di tipo B"}}, {"id": "tesserino_segnapesci", "etichetta": "Tesserino segnapesci del concessionario", "costo_eur": null, "ente": "FIPSAS Varese", "non_richiesto_se": ["permesso_giornaliero"], "punti_distribuzione": ["GERMIGNAGA PESCA — Piazza 20 Settembre, 29, Germignaga (VA)"], "fonte": {"livello": "testuale", "riferimento": "PESCARE NEI FIUMI/TORRENTI/CANALI", "estratto": "Tesserino segna pesci del Concessionario […] non è obbligatorio per chi utilizza il permesso giornaliero di pesca"}}], "costo_totale_eur": null, "costo_noto_eur": 83.0, "alternativa_non_tesserati": null}}, {"condizione": "sponda, province di Como e Lecco, incluso Campione d'Italia", "pacchetto": {"id": "fipsas_ceresio_riva_co", "etichetta": "Ceresio da riva — Como, Lecco, Campione d'Italia", "richiede_contributo_extra": false, "richiede_tesserino": true, "note": "La scheda CO/LC da riva non chiede il contributo di gestione.", "documenti": [{"id": "licenza_B", "etichetta": "Licenza di pesca tipo B", "costo_eur": 23.0, "ente": "Regione Lombardia (tassa regionale)", "validita": "12 mesi", "esenzioni": ["Residenti in Italia con meno di 18 anni", "Residenti in Italia con più di 65 anni", "Soggetti L. 104/1992 art. 3 (se pescano solo con canna)"], "fonte": {"livello": "testuale", "riferimento": "PESCARE NEI FIUMI/TORRENTI/CANALI", "estratto": "Licenza di pesca tipo B (€ 23,00)"}}, {"id": "tessera_fipsas", "etichetta": "Tessera FIPSAS", "costo_eur": 30.0, "costi_ridotti": [{"costo_eur": 6.0, "condizione": "nati dopo il 01.01.2011"}], "ente": "FIPSAS", "validita": "anno solare", "esenzioni": [], "fonte": {"livello": "testuale", "riferimento": "PESCARE NEI FIUMI/TORRENTI/CANALI", "estratto": "Tessera FIPSAS (€ 30,00; € 6,00 nati dopo il 01.01.2011)"}}, {"id": "tesserino_segnapesci", "etichetta": "Tesserino segnapesci del concessionario", "costo_eur": null, "ente": "FIPSAS Varese", "non_richiesto_se": ["permesso_giornaliero"], "punti_distribuzione": ["GERMIGNAGA PESCA — Piazza 20 Settembre, 29, Germignaga (VA)"], "fonte": {"livello": "testuale", "riferimento": "PESCARE NEI FIUMI/TORRENTI/CANALI", "estratto": "Tesserino segna pesci del Concessionario […] non è obbligatorio per chi utilizza il permesso giornaliero di pesca"}}], "costo_totale_eur": null, "costo_noto_eur": 53.0, "alternativa_non_tesserati": [{"id": "licenza_B", "etichetta": "Licenza di pesca tipo B"}, {"id": "permesso_giornaliero", "etichetta": "Permesso giornaliero (non tesserati FIPSAS)"}]}}, {"condizione": "natante, province di Como e Lecco, incluso Campione d'Italia", "pacchetto": {"id": "fipsas_ceresio_barca_co", "etichetta": "Ceresio da barca — Como, Lecco, Campione d'Italia", "richiede_contributo_extra": true, "richiede_tesserino": true, "note": "Contributo annuale FIPSAS € 30, distinto da quello di FIPSAS Varese.", "documenti": [{"id": "licenza_B", "etichetta": "Licenza di pesca tipo B", "costo_eur": 23.0, "ente": "Regione Lombardia (tassa regionale)", "validita": "12 mesi", "esenzioni": ["Residenti in Italia con meno di 18 anni", "Residenti in Italia con più di 65 anni", "Soggetti L. 104/1992 art. 3 (se pescano solo con canna)"], "fonte": {"livello": "testuale", "riferimento": "PESCARE NEI FIUMI/TORRENTI/CANALI", "estratto": "Licenza di pesca tipo B (€ 23,00)"}}, {"id": "tessera_fipsas", "etichetta": "Tessera FIPSAS", "costo_eur": 30.0, "costi_ridotti": [{"costo_eur": 6.0, "condizione": "nati dopo il 01.01.2011"}], "ente": "FIPSAS", "validita": "anno solare", "esenzioni": [], "fonte": {"livello": "testuale", "riferimento": "PESCARE NEI FIUMI/TORRENTI/CANALI", "estratto": "Tessera FIPSAS (€ 30,00; € 6,00 nati dopo il 01.01.2011)"}}, {"id": "contributo_gestione_co", "etichetta": "Contributo di gestione annuale FIPSAS (Como / Lecco)", "costo_eur": 30.0, "ente": "FIPSAS (province di Como e Lecco)", "validita": "anno solare", "ambito": ["pesca da barca nel Ceresio in sponda CO/LC, incluso Campione d'Italia"], "esenzioni": [], "fonte": {"livello": "testuale", "riferimento": "Scheda laghi Como, Lecco e Ceresio", "estratto": "Da barca: Contributo di Gestione annuale a FIPSAS (30 €). Da riva il contributo non è richiesto."}}, {"id": "tesserino_segnapesci", "etichetta": "Tesserino segnapesci del concessionario", "costo_eur": null, "ente": "FIPSAS Varese", "non_richiesto_se": ["permesso_giornaliero"], "punti_distribuzione": ["GERMIGNAGA PESCA — Piazza 20 Settembre, 29, Germignaga (VA)"], "fonte": {"livello": "testuale", "riferimento": "PESCARE NEI FIUMI/TORRENTI/CANALI", "estratto": "Tesserino segna pesci del Concessionario […] non è obbligatorio per chi utilizza il permesso giornaliero di pesca"}}], "costo_totale_eur": null, "costo_noto_eur": 83.0, "alternativa_non_tesserati": null}}]}, "vincoli_speciali": [{"id": "esca_viva_comunita", "testo": "Il pesce vivo da esca deve appartenere alla comunità ittica dei laghi Maggiore e di Lugano.", "livello": "testuale"}, {"id": "live_sonar", "testo": "Dalla barca è vietato l'ecoscandaglio che mostra in tempo reale la posizione dei pesci (live sonar).", "livello": "testuale"}, {"id": "barca_notturna", "testo": "La pesca da imbarcazione è vietata da un'ora dopo il tramonto a un'ora prima dell'alba.", "livello": "testuale"}], "interpretazioni": [{"campo": "classificazione", "nota": "Il Ceresio non compare negli elenchi tipo A, B o C del par. 4.10: il cap. 4 non lo regola. La classe è un attributo non operativo."}, {"campo": "permessi", "nota": "Le quattro schede convivono sullo stesso poligono italiano. Il confine provinciale VA/CO non è un taglio di questa fase."}, {"campo": "foce_cuccio", "nota": "Divieto permanente alla foce del Cuccio: raggio = metà larghezza del torrente + 50 m. Il raggio non si ricava dalla centerline, quindi il cerchio non è disegnato."}, {"campo": "foci_svizzere", "nota": "Vedeggio, Cassarate, Magliasina, Laveggio e le arcate della diga di Melide sono in Svizzera e non si mappano."}], "fonti": [{"livello": "testuale", "riferimento": "cap. 5 — Verbano e Ceresio", "estratto": "Fino a due canne e 10 esche. Protette alborella, temolo, anguilla, storioni autoctoni, pigo, savetta. Misure: persico reale 18, trota 40, luccio 45, lucioperca 40."}, {"livello": "testuale", "riferimento": "Scheda Lago Ceresio — Varese", "estratto": "Da riva: licenza 23, tessera 30, contributo ridotto FIPSAS Varese 15, tesserino. Da barca: contributo annuale 30."}, {"livello": "testuale", "riferimento": "Scheda Ceresio — Como e Lecco", "estratto": "Ceresio (incluso Campione d'Italia). Da riva senza contributo di gestione; da barca contributo FIPSAS 30."}, {"livello": "testuale", "riferimento": "cap. 5", "estratto": "Pesca da imbarcazione vietata da un'ora dopo il tramonto a un'ora prima del sorgere del sole."}], "note_corpo": "Si disegna solo la parte in territorio italiano, Campione d'Italia compreso. Melide e il bacino svizzero restano fuori. I permessi di riva e di barca cambiano tra Varese e Como/Lecco: il poligono non si spezza sul confine provinciale.", "matrice": {"regime_amministrativo": "italo_svizzera", "regime_amministrativo_etichetta": "Italo-Svizzera", "classificazione_biologica": "fuori_cap4", "classificazione_etichetta": "Fuori dal cap. 4", "modalita": "natante", "tipo_geometria_normativa": "poligono", "eredita": [{"livello": 1, "asse": "regime_amministrativo", "id": "italo_svizzera", "blocco": "cispp_lago", "sostituisce_biologia": true}, {"livello": 1, "asse": "classificazione_biologica", "id": "fuori_cap4", "ruolo": "attributo parallelo, non operativo"}, {"livello": 2, "asse": "modalita_pesca", "id": "natante"}, {"livello": 3, "asse": "eccezione_locale", "id": "lago_lugano", "chiavi": ["permessi", "natante.vincoli_speciali"]}]}}, "id": "lago_lugano_041"}}, {"type": "Feature", "geometry": {"type": "Polygon", "coordinates": [[[8.67233, 45.7937], [8.67202, 45.79375], [8.67093, 45.79361], [8.6704, 45.79367], [8.67027, 45.79382], [8.67016, 45.79413], [8.67022, 45.79466], [8.6701, 45.79507], [8.67013, 45.79552], [8.66995, 45.79598], [8.6699, 45.79631], [8.66994, 45.7968], [8.66975, 45.79714], [8.66973, 45.79763], [8.66959, 45.79832], [8.66957, 45.79863], [8.66938, 45.79895], [8.66945, 45.79913], [8.66939, 45.79964], [8.66941, 45.80018], [8.66925, 45.80082], [8.66846, 45.80093], [8.66794, 45.80091], [8.66772, 45.80099], [8.66733, 45.80121], [8.66717, 45.80159], [8.66686, 45.80191], [8.66674, 45.8021], [8.66672, 45.80235], [8.6666, 45.80253], [8.66592, 45.80328], [8.6654, 45.80344], [8.66486, 45.80339], [8.66439, 45.80353], [8.66429, 45.80365], [8.66359, 45.80379], [8.66333, 45.80369], [8.66215, 45.80365], [8.6618, 45.80367], [8.66139, 45.80377], [8.66069, 45.80371], [8.65983, 45.80369], [8.65941, 45.80378], [8.65907, 45.80394], [8.65876, 45.80401], [8.65791, 45.80405], [8.65747, 45.80423], [8.65691, 45.80431], [8.65642, 45.80426], [8.65592, 45.80428], [8.65518, 45.80446], [8.65454, 45.80437], [8.65379, 45.80435], [8.65344, 45.80428], [8.65307, 45.80415], [8.65272, 45.8041], [8.65228, 45.80397], [8.65143, 45.80361], [8.65105, 45.80336], [8.65055, 45.80312], [8.65032, 45.80297], [8.6498, 45.80239], [8.64941, 45.80212], [8.64936, 45.80195], [8.64895, 45.80164], [8.64863, 45.80118], [8.64838, 45.80065], [8.64834, 45.80034], [8.6482, 45.79994], [8.64789, 45.79952], [8.64805, 45.79941], [8.64803, 45.79926], [8.64774, 45.79902], [8.64764, 45.79881], [8.64721, 45.79832], [8.64705, 45.7977], [8.64719, 45.79752], [8.64717, 45.7973], [8.64737, 45.79679], [8.64763, 45.79651], [8.64779, 45.7961], [8.64798, 45.79605], [8.64828, 45.79569], [8.64839, 45.79549], [8.64859, 45.79532], [8.64919, 45.79517], [8.64947, 45.79499], [8.64986, 45.79491], [8.65009, 45.79473], [8.65042, 45.79459], [8.65087, 45.7945], [8.65117, 45.79439], [8.6516, 45.79439], [8.65212, 45.79419], [8.65233, 45.79443], [8.65262, 45.79443], [8.65308, 45.79459], [8.65356, 45.79485], [8.65397, 45.79487], [8.65452, 45.7947], [8.65494, 45.79453], [8.65576, 45.79426], [8.65603, 45.79407], [8.65679, 45.79386], [8.65703, 45.79374], [8.65756, 45.79365], [8.65805, 45.79348], [8.6582, 45.79328], [8.65924, 45.7929], [8.66005, 45.79265], [8.66039, 45.79251], [8.66067, 45.79259], [8.66104, 45.79245], [8.66129, 45.79225], [8.66193, 45.79204], [8.66231, 45.79205], [8.66295, 45.79156], [8.66323, 45.79153], [8.66372, 45.79126], [8.66404, 45.79125], [8.66449, 45.79107], [8.66466, 45.79092], [8.66501, 45.79091], [8.66539, 45.7905], [8.66551, 45.79026], [8.66582, 45.78983], [8.66634, 45.78969], [8.66646, 45.78956], [8.66682, 45.78966], [8.66731, 45.78946], [8.66752, 45.78908], [8.66745, 45.78877], [8.66785, 45.78852], [8.66826, 45.78848], [8.66824, 45.7881], [8.66841, 45.78796], [8.66841, 45.78774], [8.66894, 45.78733], [8.66946, 45.78711], [8.66964, 45.78694], [8.66983, 45.78691], [8.67033, 45.7865], [8.67091, 45.78612], [8.67132, 45.78592], [8.6714, 45.78576], [8.67132, 45.78553], [8.67137, 45.78531], [8.67172, 45.78497], [8.67196, 45.78482], [8.67205, 45.78463], [8.67225, 45.78444], [8.67289, 45.78408], [8.6737, 45.78393], [8.67378, 45.7837], [8.67411, 45.78361], [8.67436, 45.7837], [8.67551, 45.78356], [8.6762, 45.78359], [8.6766, 45.78389], [8.67692, 45.78402], [8.67701, 45.78414], [8.67752, 45.78453], [8.67773, 45.78461], [8.67815, 45.78502], [8.67843, 45.78514], [8.6786, 45.78548], [8.67851, 45.78604], [8.67841, 45.78637], [8.67853, 45.78698], [8.67849, 45.78719], [8.67827, 45.78764], [8.67809, 45.78787], [8.67767, 45.78815], [8.67759, 45.78826], [8.67746, 45.7887], [8.67751, 45.78906], [8.67736, 45.78927], [8.67718, 45.78937], [8.67712, 45.78974], [8.67678, 45.78997], [8.67662, 45.79023], [8.67625, 45.79047], [8.67573, 45.79103], [8.67559, 45.7913], [8.67535, 45.79151], [8.67525, 45.79171], [8.6747, 45.79216], [8.67415, 45.79256], [8.67378, 45.79287], [8.67347, 45.79294], [8.67313, 45.79324], [8.67257, 45.79362], [8.67233, 45.7937]]]}, "properties": {"nome_tratto": "Lago di Monate", "corpo_idrico": "lago_monate", "corpo_nome": "Lago di Monate", "layer": "base", "segmento_id": null, "zona_id": "lago_monate_residuo", "regime": "ordinario_C_lago", "regime_etichetta": "Regime Ordinario C — Lago (FIPSAS)", "tipo_acqua": "A", "pesca_consentita": true, "geometria": "Polygon", "matrice": {"regime_amministrativo": "diritti_esclusivi", "regime_amministrativo_etichetta": "Diritti esclusivi", "classificazione_biologica": "A", "classificazione_etichetta": "Cat. A", "modalita": "sponda", "tipo_geometria_normativa": "poligono", "eredita": [{"livello": 1, "asse": "classificazione_biologica", "id": "A", "blocco": "ordinario_C_lago"}, {"livello": 1, "asse": "regime_amministrativo", "id": "diritti_esclusivi", "sostituisce_biologia": false}, {"livello": 2, "asse": "modalita_pesca", "id": "sponda"}, {"livello": 3, "asse": "eccezione_locale", "id": "lago_monate", "chiavi": ["prelievo", "vincoli_speciali"]}]}, "regole": {"zona_id": "lago_monate_residuo", "zona_nome": "Lago di Monate — Regime Ordinario C — Lago (FIPSAS)", "corpo_idrico": "lago_monate", "corpo_nome": "Lago di Monate", "regime": "ordinario_C_lago", "regime_etichetta": "Regime Ordinario C — Lago (FIPSAS)", "regime_descrizione": "Lago minore ciprinicolo in concessione FIPSAS, con regole specifiche per riva e belly boat.", "tipo_acqua": "A", "tipo_acqua_etichetta": "Tipo A", "pesca_consentita": true, "priorita": 10, "estensione": {"tipo": "residuale", "descrizione": "Fuori dai tagli restrittivi (No-Kill, divieto, riserva)."}, "calendario": {"stagione": {"id": "tutto_anno", "etichetta": "Tutto l'anno", "inizio": null, "fine": null, "testo": "Tutto l'anno (salvo periodi di divieto per specie, par. 4.4)", "fonte": {"livello": "derivata", "riferimento": "par. 4.4", "estratto": ""}}, "giorni": {"id": "tutti_i_giorni", "etichetta": "Tutti i giorni", "settimana": ["lun", "mar", "mer", "gio", "ven", "sab", "dom"], "festivi_aggiuntivi": [], "testo": "Tutti i giorni della settimana", "fonte": {"livello": "derivata", "riferimento": "", "estratto": ""}}, "fascia_oraria": {"id": "h24_notturna_da_riva", "etichetta": "H24 (notturna solo da riva)", "da": null, "a": null, "notturna": {"consentita": true, "condizioni": ["solo da riva", "canna armata con max 5 ami"]}, "testo": "Pesca anche notturna, ma solo da riva e con canna armata con al massimo 5 ami", "fonte": {"livello": "testuale", "riferimento": "par. 4.8", "estratto": "Pesca notturna ammessa in tipo A e C, da riva, canna con max cinque ami"}}, "periodi_speciali": []}, "attrezzatura": {"attrezzi_ammessi": ["canna"], "canne_max": 3, "esche_max_per_canna": 5, "ami_max_per_canna": null, "ardiglione": "ammesso", "spazio_sponda_max_m": 10}, "esche": {"consentite": ["naturale", "artificiale"], "vietate": [], "pasturazione": "limitata_par_4_11"}, "tecniche": {"consentite": ["canna_da_riva", "pesca_notturna"], "vietate": ["imbarcazione"], "condizionate": []}, "prelievo": {"tipo": "ordinario", "rilascio_obbligatorio": false, "capi_trattenibili": "secondo limiti di cattura", "specie_sempre_protette_extra": [], "limiti_ref": "limiti_cattura", "misure_minime_cm": {"trota_fario": 25, "trota_marmorata": 40, "temolo": 35, "luccio": 60, "persico_reale": 18, "salmerino_alpino": 25}, "specie_protette": ["cobiti", "lasca", "scazzone", "anguilla", "savetta", "barbo canino", "lampreda padana", "pigo", "trota macrostigma"], "limiti": {"per_specie": {"luccio": 1, "trota_marmorata": 1, "temolo": 2}, "salmonidi_complessivi": 6, "kg_giornalieri_max": 5, "stop_al_limite": ["luccio", "salmonidi"], "obbligo_recisione_pinna_caudale": ["trote", "luccio", "coregone", "persico reale", "salmerino", "temolo", "siluro"], "fonte": {"livello": "testuale", "riferimento": "par. 4.5–4.6", "estratto": "luccio 1; trota marmorata 1; temolo 2; «6 capi complessivi di trote, salmerini e temoli»; massimo 5 kg/giorno di fauna ittica"}}}, "permessi": {"pacchetto": {"id": null, "etichetta": "Permesso del titolare del diritto esclusivo", "documenti": [], "note": "Scheda non ingerita.", "richiede_contributo_extra": null, "richiede_tesserino": null, "costo_totale_eur": null, "costo_noto_eur": 0, "alternativa_non_tesserati": null}, "varianti": []}, "vincoli_speciali": [{"id": "solo_residenti", "testo": "Pesca da riva riservata ai residenti nei comuni rivieraschi. Il permesso si chiede al comune.", "livello": "testuale"}], "interpretazioni": [{"campo": "calendario", "nota": "Il prontuario non fissa una stagione di apertura per le acque di tipo C né i giorni ristretti del tipo B: restano validi i periodi di divieto per specie (par. 4.4)."}, {"campo": "attrezzatura.ardiglione", "nota": "L'obbligo di amo senza ardiglione è previsto testualmente solo per il tipo B."}, {"campo": "classificazione", "nota": "Laghi maggiori del cap. 4. Il blocco operativo completo non è ancora ingerito: si riusa lo scheletro A/C e le eccezioni del corpo (Lago di Piano, tipo A al par. 4.10)."}, {"campo": "natante", "nota": "Il par. 4.9 elenca il Monate tra le acque in cui il natante è ammesso. La scheda dei permessi lo vieta: in mappa vale la scheda."}], "fonti": [{"livello": "testuale", "riferimento": "Regole acque tipo A e C", "estratto": "Canna da pesca. Si può pescare con un massimo di tre canne, […] armate ciascuna con un massimo di cinque esche naturali o artificiali occupando uno spazio, comunque, non superiore a dieci metri di tratto di sponda."}, {"livello": "testuale", "riferimento": "Scheda laghi di Comabbio e Monate", "estratto": "La pesca da barca è sempre vietata. Da riva, pesca riservata ai soli residenti nei comuni rivieraschi."}, {"livello": "testuale", "riferimento": "par. 4.2", "estratto": "Persico reale cm 18 nei laghi di Varese Comabbio Monate"}], "note_corpo": "Tipo A. Come il Comabbio: solo residenti rivieraschi, natante sempre vietato. In impalcatura.", "matrice": {"regime_amministrativo": "diritti_esclusivi", "regime_amministrativo_etichetta": "Diritti esclusivi", "classificazione_biologica": "A", "classificazione_etichetta": "Cat. A", "modalita": "sponda", "tipo_geometria_normativa": "poligono", "eredita": [{"livello": 1, "asse": "classificazione_biologica", "id": "A", "blocco": "ordinario_C_lago"}, {"livello": 1, "asse": "regime_amministrativo", "id": "diritti_esclusivi", "sostituisce_biologia": false}, {"livello": 2, "asse": "modalita_pesca", "id": "sponda"}, {"livello": 3, "asse": "eccezione_locale", "id": "lago_monate", "chiavi": ["prelievo", "vincoli_speciali"]}]}}, "fonte_geometria": "reticolo_regionale_lombardia", "nome_regionale": "Monate (lago)", "bacino_regionale": "TICINO", "sottobacino": "Lago Maggiore (Verbano)", "cod_ptua16": "IT03POTIMOLN1LO", "natura": "naturale", "regole_natante": {"zona_id": "lago_monate_residuo", "zona_nome": "Lago di Monate — Regime Ordinario C — Lago (FIPSAS)", "corpo_idrico": "lago_monate", "corpo_nome": "Lago di Monate", "regime": "ordinario_C_lago", "regime_etichetta": "Regime Ordinario C — Lago (FIPSAS)", "regime_descrizione": "Lago minore ciprinicolo in concessione FIPSAS, con regole specifiche per riva e belly boat.", "tipo_acqua": "A", "tipo_acqua_etichetta": "Tipo A", "pesca_consentita": false, "priorita": 10, "estensione": {"tipo": "residuale", "descrizione": "Fuori dai tagli restrittivi (No-Kill, divieto, riserva)."}, "calendario": {"stagione": {"id": "tutto_anno", "etichetta": "Tutto l'anno", "inizio": null, "fine": null, "testo": "Tutto l'anno (salvo periodi di divieto per specie, par. 4.4)", "fonte": {"livello": "derivata", "riferimento": "par. 4.4", "estratto": ""}}, "giorni": {"id": "tutti_i_giorni", "etichetta": "Tutti i giorni", "settimana": ["lun", "mar", "mer", "gio", "ven", "sab", "dom"], "festivi_aggiuntivi": [], "testo": "Tutti i giorni della settimana", "fonte": {"livello": "derivata", "riferimento": "", "estratto": ""}}, "fascia_oraria": {"id": "h24_notturna_da_riva", "etichetta": "H24 (notturna solo da riva)", "da": null, "a": null, "notturna": {"consentita": true, "condizioni": ["solo da riva", "canna armata con max 5 ami"]}, "testo": "Pesca anche notturna, ma solo da riva e con canna armata con al massimo 5 ami", "fonte": {"livello": "testuale", "riferimento": "par. 4.8", "estratto": "Pesca notturna ammessa in tipo A e C, da riva, canna con max cinque ami"}}, "periodi_speciali": []}, "attrezzatura": {"attrezzi_ammessi": ["canna"], "canne_max": 3, "esche_max_per_canna": 5, "ami_max_per_canna": null, "ardiglione": "ammesso", "spazio_sponda_max_m": 10}, "esche": {"consentite": ["naturale", "artificiale"], "vietate": [], "pasturazione": "limitata_par_4_11"}, "tecniche": {"consentite": ["canna_da_riva", "pesca_notturna"], "vietate": ["imbarcazione"], "condizionate": []}, "prelievo": {"tipo": "ordinario", "rilascio_obbligatorio": false, "capi_trattenibili": "secondo limiti di cattura", "specie_sempre_protette_extra": [], "limiti_ref": "limiti_cattura", "misure_minime_cm": {"trota_fario": 25, "trota_marmorata": 40, "temolo": 35, "luccio": 60, "persico_reale": 18, "salmerino_alpino": 25}, "specie_protette": ["cobiti", "lasca", "scazzone", "anguilla", "savetta", "barbo canino", "lampreda padana", "pigo", "trota macrostigma"], "limiti": {"per_specie": {"luccio": 1, "trota_marmorata": 1, "temolo": 2}, "salmonidi_complessivi": 6, "kg_giornalieri_max": 5, "stop_al_limite": ["luccio", "salmonidi"], "obbligo_recisione_pinna_caudale": ["trote", "luccio", "coregone", "persico reale", "salmerino", "temolo", "siluro"], "fonte": {"livello": "testuale", "riferimento": "par. 4.5–4.6", "estratto": "luccio 1; trota marmorata 1; temolo 2; «6 capi complessivi di trote, salmerini e temoli»; massimo 5 kg/giorno di fauna ittica"}}}, "permessi": {"pacchetto": {"id": null, "etichetta": "Permesso del titolare del diritto esclusivo", "documenti": [], "note": "Scheda non ingerita.", "richiede_contributo_extra": null, "richiede_tesserino": null, "costo_totale_eur": null, "costo_noto_eur": 0, "alternativa_non_tesserati": null}, "varianti": []}, "vincoli_speciali": [{"id": "solo_residenti", "testo": "Pesca da riva riservata ai residenti nei comuni rivieraschi. Il permesso si chiede al comune.", "livello": "testuale"}, {"id": "barca_vietata", "testo": "La pesca da barca nel lago di Monate è sempre vietata.", "livello": "testuale"}], "interpretazioni": [{"campo": "calendario", "nota": "Il prontuario non fissa una stagione di apertura per le acque di tipo C né i giorni ristretti del tipo B: restano validi i periodi di divieto per specie (par. 4.4)."}, {"campo": "attrezzatura.ardiglione", "nota": "L'obbligo di amo senza ardiglione è previsto testualmente solo per il tipo B."}, {"campo": "classificazione", "nota": "Laghi maggiori del cap. 4. Il blocco operativo completo non è ancora ingerito: si riusa lo scheletro A/C e le eccezioni del corpo (Lago di Piano, tipo A al par. 4.10)."}, {"campo": "natante", "nota": "Il par. 4.9 elenca il Monate tra le acque in cui il natante è ammesso. La scheda dei permessi lo vieta: in mappa vale la scheda."}], "fonti": [{"livello": "testuale", "riferimento": "Regole acque tipo A e C", "estratto": "Canna da pesca. Si può pescare con un massimo di tre canne, […] armate ciascuna con un massimo di cinque esche naturali o artificiali occupando uno spazio, comunque, non superiore a dieci metri di tratto di sponda."}, {"livello": "testuale", "riferimento": "Scheda laghi di Comabbio e Monate", "estratto": "La pesca da barca è sempre vietata. Da riva, pesca riservata ai soli residenti nei comuni rivieraschi."}, {"livello": "testuale", "riferimento": "par. 4.2", "estratto": "Persico reale cm 18 nei laghi di Varese Comabbio Monate"}], "note_corpo": "Tipo A. Come il Comabbio: solo residenti rivieraschi, natante sempre vietato. In impalcatura.", "matrice": {"regime_amministrativo": "diritti_esclusivi", "regime_amministrativo_etichetta": "Diritti esclusivi", "classificazione_biologica": "A", "classificazione_etichetta": "Cat. A", "modalita": "natante", "tipo_geometria_normativa": "poligono", "eredita": [{"livello": 1, "asse": "classificazione_biologica", "id": "A", "blocco": "ordinario_C_lago"}, {"livello": 1, "asse": "regime_amministrativo", "id": "diritti_esclusivi", "sostituisce_biologia": false}, {"livello": 2, "asse": "modalita_pesca", "id": "natante"}, {"livello": 3, "asse": "eccezione_locale", "id": "lago_monate", "chiavi": ["prelievo", "vincoli_speciali", "natante.pesca_consentita", "natante.vincoli_speciali"]}]}}, "id": "lago_monate_042"}}, {"type": "Feature", "geometry": {"type": "Polygon", "coordinates": [[[9.16834, 46.03766], [9.16864, 46.03794], [9.16872, 46.03829], [9.16892, 46.03832], [9.16927, 46.03876], [9.16978, 46.03948], [9.16993, 46.03957], [9.16994, 46.03993], [9.16972, 46.04], [9.16984, 46.04038], [9.16879, 46.04027], [9.16769, 46.04036], [9.1671, 46.04064], [9.1669, 46.04061], [9.16619, 46.04079], [9.16562, 46.04091], [9.16539, 46.04111], [9.16515, 46.04108], [9.1644, 46.04127], [9.16374, 46.04125], [9.16327, 46.04132], [9.16277, 46.04157], [9.16244, 46.04194], [9.16241, 46.04225], [9.16205, 46.04239], [9.16108, 46.04233], [9.16076, 46.04222], [9.16072, 46.04194], [9.16094, 46.04184], [9.16082, 46.04163], [9.16081, 46.04129], [9.16057, 46.04117], [9.16052, 46.04101], [9.1607, 46.04072], [9.16079, 46.04029], [9.16094, 46.04025], [9.1611, 46.0398], [9.16177, 46.03968], [9.16217, 46.03953], [9.1623, 46.03932], [9.16208, 46.03892], [9.16166, 46.03889], [9.16109, 46.03876], [9.1607, 46.03875], [9.16025, 46.0388], [9.15964, 46.03872], [9.15823, 46.03879], [9.1578, 46.03871], [9.15759, 46.03843], [9.15737, 46.03798], [9.15724, 46.0378], [9.15712, 46.03743], [9.15668, 46.03674], [9.15618, 46.03613], [9.15575, 46.03533], [9.1554, 46.03511], [9.15516, 46.03483], [9.15471, 46.03464], [9.15461, 46.03454], [9.15478, 46.03428], [9.15454, 46.03371], [9.15482, 46.03352], [9.15496, 46.03351], [9.15529, 46.03374], [9.15584, 46.03389], [9.15648, 46.03395], [9.15666, 46.03401], [9.1575, 46.03395], [9.15789, 46.03378], [9.15824, 46.03371], [9.15852, 46.0336], [9.15923, 46.03366], [9.15953, 46.03374], [9.16023, 46.03376], [9.16043, 46.03384], [9.16137, 46.03386], [9.16177, 46.03396], [9.16203, 46.03388], [9.16323, 46.0339], [9.16404, 46.03399], [9.16442, 46.0341], [9.16455, 46.03432], [9.16499, 46.03448], [9.16603, 46.03457], [9.16586, 46.0347], [9.16546, 46.03484], [9.16531, 46.03511], [9.16585, 46.03523], [9.16613, 46.03549], [9.16657, 46.03571], [9.16676, 46.03594], [9.16681, 46.03618], [9.16716, 46.0364], [9.16729, 46.03669], [9.1675, 46.03689], [9.16782, 46.03697], [9.16812, 46.03715], [9.16833, 46.03743], [9.16834, 46.03766]]]}, "properties": {"nome_tratto": "Lago di Piano", "corpo_idrico": "lago_piano", "corpo_nome": "Lago di Piano", "layer": "base", "segmento_id": null, "zona_id": "lago_piano_residuo", "regime": "ordinario_C_lago", "regime_etichetta": "Regime Ordinario C — Lago (FIPSAS)", "tipo_acqua": "A", "pesca_consentita": true, "geometria": "Polygon", "matrice": {"regime_amministrativo": "fipsas", "regime_amministrativo_etichetta": "FIPSAS", "classificazione_biologica": "A", "classificazione_etichetta": "Cat. A", "modalita": "sponda", "tipo_geometria_normativa": "poligono", "eredita": [{"livello": 1, "asse": "classificazione_biologica", "id": "A", "blocco": "ordinario_C_lago"}, {"livello": 1, "asse": "regime_amministrativo", "id": "fipsas", "sostituisce_biologia": false}, {"livello": 2, "asse": "modalita_pesca", "id": "sponda"}, {"livello": 3, "asse": "eccezione_locale", "id": "lago_piano", "chiavi": ["attrezzatura", "esche", "tecniche", "permessi", "vincoli_speciali"]}]}, "regole": {"zona_id": "lago_piano_residuo", "zona_nome": "Lago di Piano — Regime Ordinario C — Lago (FIPSAS)", "corpo_idrico": "lago_piano", "corpo_nome": "Lago di Piano", "regime": "ordinario_C_lago", "regime_etichetta": "Regime Ordinario C — Lago (FIPSAS)", "regime_descrizione": "Lago minore ciprinicolo in concessione FIPSAS, con regole specifiche per riva e belly boat.", "tipo_acqua": "A", "tipo_acqua_etichetta": "Tipo A", "pesca_consentita": true, "priorita": 10, "estensione": {"tipo": "residuale", "descrizione": "Fuori dai tagli restrittivi (No-Kill, divieto, riserva)."}, "calendario": {"stagione": {"id": "tutto_anno", "etichetta": "Tutto l'anno", "inizio": null, "fine": null, "testo": "Tutto l'anno (salvo periodi di divieto per specie, par. 4.4)", "fonte": {"livello": "derivata", "riferimento": "par. 4.4", "estratto": ""}}, "giorni": {"id": "tutti_i_giorni", "etichetta": "Tutti i giorni", "settimana": ["lun", "mar", "mer", "gio", "ven", "sab", "dom"], "festivi_aggiuntivi": [], "testo": "Tutti i giorni della settimana", "fonte": {"livello": "derivata", "riferimento": "", "estratto": ""}}, "fascia_oraria": {"id": "h24_notturna_da_riva", "etichetta": "H24 (notturna solo da riva)", "da": null, "a": null, "notturna": {"consentita": true, "condizioni": ["solo da riva", "canna armata con max 5 ami"]}, "testo": "Pesca anche notturna, ma solo da riva e con canna armata con al massimo 5 ami", "fonte": {"livello": "testuale", "riferimento": "par. 4.8", "estratto": "Pesca notturna ammessa in tipo A e C, da riva, canna con max cinque ami"}}, "periodi_speciali": []}, "attrezzatura": {"attrezzi_ammessi": ["canna"], "canne_max": 3, "esche_max_per_canna": 5, "ami_max_per_canna": null, "ardiglione": "vietato", "spazio_sponda_max_m": 10}, "esche": {"consentite": ["naturale", "artificiale"], "vietate": ["pesce_vivo"], "pasturazione": "vietato_cagnotto"}, "tecniche": {"consentite": ["canna_da_riva", "pesca_notturna"], "vietate": ["imbarcazione_a_motore"], "condizionate": []}, "prelievo": {"tipo": "ordinario", "rilascio_obbligatorio": false, "capi_trattenibili": "secondo limiti di cattura", "specie_sempre_protette_extra": [], "limiti_ref": "limiti_cattura", "misure_minime_cm": {"trota_fario": 25, "trota_marmorata": 40, "temolo": 35, "luccio": 60, "persico_reale": 16, "salmerino_alpino": 25}, "specie_protette": ["cobiti", "lasca", "scazzone", "anguilla", "savetta", "barbo canino", "lampreda padana", "pigo", "trota macrostigma"], "limiti": {"per_specie": {"luccio": 1, "trota_marmorata": 1, "temolo": 2}, "salmonidi_complessivi": 6, "kg_giornalieri_max": 5, "stop_al_limite": ["luccio", "salmonidi"], "obbligo_recisione_pinna_caudale": ["trote", "luccio", "coregone", "persico reale", "salmerino", "temolo", "siluro"], "fonte": {"livello": "testuale", "riferimento": "par. 4.5–4.6", "estratto": "luccio 1; trota marmorata 1; temolo 2; «6 capi complessivi di trote, salmerini e temoli»; massimo 5 kg/giorno di fauna ittica"}}}, "permessi": {"pacchetto": {"id": null, "etichetta": "Scheda permessi Cat. A non ancora ingerita", "documenti": [{"id": "libretto_lago_piano", "etichetta": "Libretto segna-catture della Riserva Lago di Piano", "costo_eur": null, "ente": "Riserva Naturale Lago di Piano", "nota": "Obbligatorio oltre il libretto del concessionario del Bacino 5."}], "note": "Sul pilota non c'è categoria A. I costi dei laghi maggiori si compileranno in estensione Bacino 5.", "richiede_contributo_extra": null, "richiede_tesserino": null, "costo_totale_eur": null, "costo_noto_eur": 0, "alternativa_non_tesserati": null}, "varianti": []}, "vincoli_speciali": [{"id": "esca_artificiale_4cm", "testo": "Esche artificiali oltre 4 cm: cavetto in acciaio, monofilo oltre 0,25 mm, pinza slamatrice di almeno 20 cm e guadino a maglia morbida. Esclusi vermi in gomma e artificiali galleggianti.", "livello": "testuale"}], "interpretazioni": [{"campo": "calendario", "nota": "Il prontuario non fissa una stagione di apertura per le acque di tipo C né i giorni ristretti del tipo B: restano validi i periodi di divieto per specie (par. 4.4)."}, {"campo": "attrezzatura.ardiglione", "nota": "L'obbligo di amo senza ardiglione è previsto testualmente solo per il tipo B."}, {"campo": "classificazione", "nota": "Laghi maggiori del cap. 4. Il blocco operativo completo non è ancora ingerito: si riusa lo scheletro A/C e le eccezioni del corpo (Lago di Piano, tipo A al par. 4.10)."}], "fonti": [{"livello": "testuale", "riferimento": "Regole acque tipo A e C", "estratto": "Canna da pesca. Si può pescare con un massimo di tre canne, […] armate ciascuna con un massimo di cinque esche naturali o artificiali occupando uno spazio, comunque, non superiore a dieci metri di tratto di sponda."}, {"livello": "testuale", "riferimento": "par. 4.10", "estratto": "Acque di tipo A […] lago di Piano."}, {"livello": "testuale", "riferimento": "Regolamento Riserva Naturale Lago di Piano", "estratto": "Libretto segna catture della Riserva oltre quello del Concessionario. Vietati pesce vivo, pastura con larve di mosca carnaria, ami con ardiglione, imbarcazioni a motore."}], "note_corpo": "Tipo A al par. 4.10. Riserva naturale: libretto segna-catture della Riserva oltre il libretto di bacino. Natante senza motore ammesso.", "matrice": {"regime_amministrativo": "fipsas", "regime_amministrativo_etichetta": "FIPSAS", "classificazione_biologica": "A", "classificazione_etichetta": "Cat. A", "modalita": "sponda", "tipo_geometria_normativa": "poligono", "eredita": [{"livello": 1, "asse": "classificazione_biologica", "id": "A", "blocco": "ordinario_C_lago"}, {"livello": 1, "asse": "regime_amministrativo", "id": "fipsas", "sostituisce_biologia": false}, {"livello": 2, "asse": "modalita_pesca", "id": "sponda"}, {"livello": 3, "asse": "eccezione_locale", "id": "lago_piano", "chiavi": ["attrezzatura", "esche", "tecniche", "permessi", "vincoli_speciali"]}]}}, "fonte_geometria": "reticolo_regionale_lombardia", "nome_regionale": "Piano (lago)", "bacino_regionale": "TICINO", "sottobacino": "Lago di Lugano (Ceresio)", "cod_ptua16": "IT03POTIPILN1LO", "natura": "naturale", "regole_natante": {"zona_id": "lago_piano_residuo", "zona_nome": "Lago di Piano — Regime Ordinario C — Lago (FIPSAS)", "corpo_idrico": "lago_piano", "corpo_nome": "Lago di Piano", "regime": "ordinario_C_lago", "regime_etichetta": "Regime Ordinario C — Lago (FIPSAS)", "regime_descrizione": "Lago minore ciprinicolo in concessione FIPSAS, con regole specifiche per riva e belly boat.", "tipo_acqua": "A", "tipo_acqua_etichetta": "Tipo A", "pesca_consentita": true, "priorita": 10, "estensione": {"tipo": "residuale", "descrizione": "Fuori dai tagli restrittivi (No-Kill, divieto, riserva)."}, "calendario": {"stagione": {"id": "tutto_anno", "etichetta": "Tutto l'anno", "inizio": null, "fine": null, "testo": "Tutto l'anno (salvo periodi di divieto per specie, par. 4.4)", "fonte": {"livello": "derivata", "riferimento": "par. 4.4", "estratto": ""}}, "giorni": {"id": "tutti_i_giorni", "etichetta": "Tutti i giorni", "settimana": ["lun", "mar", "mer", "gio", "ven", "sab", "dom"], "festivi_aggiuntivi": [], "testo": "Tutti i giorni della settimana", "fonte": {"livello": "derivata", "riferimento": "", "estratto": ""}}, "fascia_oraria": {"id": "h24_notturna_da_riva", "etichetta": "H24 (notturna solo da riva)", "da": null, "a": null, "notturna": {"consentita": true, "condizioni": ["solo da riva", "canna armata con max 5 ami"]}, "testo": "Pesca anche notturna, ma solo da riva e con canna armata con al massimo 5 ami", "fonte": {"livello": "testuale", "riferimento": "par. 4.8", "estratto": "Pesca notturna ammessa in tipo A e C, da riva, canna con max cinque ami"}}, "periodi_speciali": []}, "attrezzatura": {"attrezzi_ammessi": ["canna"], "canne_max": 3, "esche_max_per_canna": 5, "ami_max_per_canna": null, "ardiglione": "vietato", "spazio_sponda_max_m": 10}, "esche": {"consentite": ["naturale", "artificiale"], "vietate": ["pesce_vivo"], "pasturazione": "vietato_cagnotto"}, "tecniche": {"consentite": ["canna_da_riva", "pesca_notturna"], "vietate": ["imbarcazione_a_motore"], "condizionate": []}, "prelievo": {"tipo": "ordinario", "rilascio_obbligatorio": false, "capi_trattenibili": "secondo limiti di cattura", "specie_sempre_protette_extra": [], "limiti_ref": "limiti_cattura", "misure_minime_cm": {"trota_fario": 25, "trota_marmorata": 40, "temolo": 35, "luccio": 60, "persico_reale": 16, "salmerino_alpino": 25}, "specie_protette": ["cobiti", "lasca", "scazzone", "anguilla", "savetta", "barbo canino", "lampreda padana", "pigo", "trota macrostigma"], "limiti": {"per_specie": {"luccio": 1, "trota_marmorata": 1, "temolo": 2}, "salmonidi_complessivi": 6, "kg_giornalieri_max": 5, "stop_al_limite": ["luccio", "salmonidi"], "obbligo_recisione_pinna_caudale": ["trote", "luccio", "coregone", "persico reale", "salmerino", "temolo", "siluro"], "fonte": {"livello": "testuale", "riferimento": "par. 4.5–4.6", "estratto": "luccio 1; trota marmorata 1; temolo 2; «6 capi complessivi di trote, salmerini e temoli»; massimo 5 kg/giorno di fauna ittica"}}}, "permessi": {"pacchetto": {"id": null, "etichetta": "Scheda permessi Cat. A non ancora ingerita", "documenti": [{"id": "libretto_lago_piano", "etichetta": "Libretto segna-catture della Riserva Lago di Piano", "costo_eur": null, "ente": "Riserva Naturale Lago di Piano", "nota": "Obbligatorio oltre il libretto del concessionario del Bacino 5."}], "note": "Sul pilota non c'è categoria A. I costi dei laghi maggiori si compileranno in estensione Bacino 5.", "richiede_contributo_extra": null, "richiede_tesserino": null, "costo_totale_eur": null, "costo_noto_eur": 0, "alternativa_non_tesserati": null}, "varianti": []}, "vincoli_speciali": [{"id": "esca_artificiale_4cm", "testo": "Esche artificiali oltre 4 cm: cavetto in acciaio, monofilo oltre 0,25 mm, pinza slamatrice di almeno 20 cm e guadino a maglia morbida. Esclusi vermi in gomma e artificiali galleggianti.", "livello": "testuale"}, {"id": "no_motore", "testo": "Nel Lago di Piano sono vietate le imbarcazioni a motore. Il natante senza motore resta ammesso.", "livello": "testuale"}], "interpretazioni": [{"campo": "calendario", "nota": "Il prontuario non fissa una stagione di apertura per le acque di tipo C né i giorni ristretti del tipo B: restano validi i periodi di divieto per specie (par. 4.4)."}, {"campo": "attrezzatura.ardiglione", "nota": "L'obbligo di amo senza ardiglione è previsto testualmente solo per il tipo B."}, {"campo": "classificazione", "nota": "Laghi maggiori del cap. 4. Il blocco operativo completo non è ancora ingerito: si riusa lo scheletro A/C e le eccezioni del corpo (Lago di Piano, tipo A al par. 4.10)."}], "fonti": [{"livello": "testuale", "riferimento": "Regole acque tipo A e C", "estratto": "Canna da pesca. Si può pescare con un massimo di tre canne, […] armate ciascuna con un massimo di cinque esche naturali o artificiali occupando uno spazio, comunque, non superiore a dieci metri di tratto di sponda."}, {"livello": "testuale", "riferimento": "par. 4.10", "estratto": "Acque di tipo A […] lago di Piano."}, {"livello": "testuale", "riferimento": "Regolamento Riserva Naturale Lago di Piano", "estratto": "Libretto segna catture della Riserva oltre quello del Concessionario. Vietati pesce vivo, pastura con larve di mosca carnaria, ami con ardiglione, imbarcazioni a motore."}], "note_corpo": "Tipo A al par. 4.10. Riserva naturale: libretto segna-catture della Riserva oltre il libretto di bacino. Natante senza motore ammesso.", "matrice": {"regime_amministrativo": "fipsas", "regime_amministrativo_etichetta": "FIPSAS", "classificazione_biologica": "A", "classificazione_etichetta": "Cat. A", "modalita": "natante", "tipo_geometria_normativa": "poligono", "eredita": [{"livello": 1, "asse": "classificazione_biologica", "id": "A", "blocco": "ordinario_C_lago"}, {"livello": 1, "asse": "regime_amministrativo", "id": "fipsas", "sostituisce_biologia": false}, {"livello": 2, "asse": "modalita_pesca", "id": "natante"}, {"livello": 3, "asse": "eccezione_locale", "id": "lago_piano", "chiavi": ["attrezzatura", "esche", "tecniche", "permessi", "vincoli_speciali", "natante.vincoli_speciali"]}]}}, "id": "lago_piano_043"}}, {"type": "Feature", "geometry": {"type": "Polygon", "coordinates": [[[8.7779, 45.80288], [8.7776, 45.80275], [8.77725, 45.80285], [8.77636, 45.80331], [8.77612, 45.80364], [8.77587, 45.8037], [8.77556, 45.80416], [8.77492, 45.80455], [8.77449, 45.80486], [8.77426, 45.80514], [8.77417, 45.80535], [8.77424, 45.8055], [8.77388, 45.80547], [8.7738, 45.80574], [8.7735, 45.80575], [8.7734, 45.80604], [8.773, 45.80636], [8.77201, 45.807], [8.77232, 45.80718], [8.77226, 45.80729], [8.77168, 45.80723], [8.77127, 45.80709], [8.77122, 45.8073], [8.77055, 45.80715], [8.7704, 45.80704], [8.76984, 45.80685], [8.76964, 45.80664], [8.76837, 45.80652], [8.76824, 45.80667], [8.76765, 45.80652], [8.76735, 45.80651], [8.76706, 45.80641], [8.76661, 45.80645], [8.76641, 45.80635], [8.7661, 45.80632], [8.76539, 45.80637], [8.76527, 45.80649], [8.76546, 45.80661], [8.76541, 45.80689], [8.76505, 45.8069], [8.76482, 45.80678], [8.76532, 45.80665], [8.76505, 45.80644], [8.76474, 45.80641], [8.76448, 45.80646], [8.76407, 45.80663], [8.7635, 45.80704], [8.76312, 45.80724], [8.76227, 45.8079], [8.76189, 45.80833], [8.76158, 45.80839], [8.76114, 45.80876], [8.76097, 45.809], [8.76083, 45.80897], [8.76045, 45.80933], [8.76052, 45.80946], [8.76021, 45.80965], [8.7599, 45.81007], [8.75963, 45.81023], [8.75961, 45.81041], [8.75926, 45.81067], [8.7591, 45.81093], [8.75903, 45.81131], [8.75918, 45.81142], [8.75905, 45.81159], [8.75925, 45.81192], [8.75896, 45.81197], [8.75843, 45.81221], [8.75854, 45.8124], [8.7586, 45.81287], [8.75857, 45.81328], [8.75865, 45.81364], [8.75911, 45.81375], [8.75894, 45.81401], [8.75874, 45.81394], [8.75861, 45.81429], [8.75838, 45.81435], [8.75859, 45.81452], [8.75857, 45.81466], [8.75819, 45.81477], [8.7581, 45.81485], [8.75784, 45.81552], [8.75782, 45.81593], [8.75767, 45.81623], [8.75725, 45.81652], [8.7572, 45.81691], [8.75781, 45.81706], [8.75735, 45.81741], [8.75734, 45.81752], [8.75678, 45.81777], [8.75674, 45.81788], [8.75608, 45.81819], [8.75569, 45.81856], [8.75523, 45.81873], [8.75469, 45.81861], [8.75447, 45.81868], [8.75432, 45.81884], [8.75386, 45.8187], [8.75283, 45.8187], [8.75264, 45.81886], [8.75243, 45.8189], [8.75197, 45.81923], [8.75152, 45.81933], [8.75136, 45.81957], [8.75099, 45.81966], [8.75022, 45.81966], [8.74893, 45.81983], [8.74853, 45.81983], [8.74818, 45.81975], [8.74809, 45.81996], [8.74788, 45.82017], [8.74688, 45.81974], [8.74609, 45.81948], [8.74576, 45.81907], [8.74539, 45.81902], [8.74478, 45.81873], [8.74406, 45.81866], [8.74344, 45.81871], [8.7429, 45.81912], [8.74238, 45.8194], [8.74169, 45.81944], [8.74151, 45.81962], [8.74119, 45.8197], [8.7407, 45.81975], [8.74053, 45.82], [8.74, 45.82027], [8.73934, 45.82085], [8.73937, 45.82114], [8.73924, 45.82132], [8.73864, 45.8219], [8.73869, 45.82219], [8.73856, 45.82253], [8.73839, 45.82275], [8.73807, 45.82291], [8.73775, 45.82315], [8.73743, 45.82353], [8.7375, 45.82361], [8.73741, 45.82398], [8.7372, 45.8243], [8.7369, 45.82461], [8.73662, 45.82468], [8.73689, 45.82508], [8.73681, 45.82545], [8.737, 45.82567], [8.73706, 45.82612], [8.73713, 45.8263], [8.73709, 45.82651], [8.73718, 45.82675], [8.7371, 45.8269], [8.73669, 45.82724], [8.73653, 45.8275], [8.73651, 45.82772], [8.73633, 45.82808], [8.73542, 45.8285], [8.7346, 45.82881], [8.7342, 45.82901], [8.73343, 45.82945], [8.73281, 45.82949], [8.73245, 45.82966], [8.73236, 45.82985], [8.73202, 45.8301], [8.73155, 45.83016], [8.73098, 45.83015], [8.73065, 45.83019], [8.73026, 45.83052], [8.72954, 45.83063], [8.7285, 45.83067], [8.72811, 45.83066], [8.72795, 45.83077], [8.72822, 45.83111], [8.72832, 45.83132], [8.72826, 45.83148], [8.72793, 45.83187], [8.72784, 45.83217], [8.72785, 45.83258], [8.72764, 45.83273], [8.72759, 45.83292], [8.72767, 45.83319], [8.72731, 45.83376], [8.72716, 45.83414], [8.72692, 45.83432], [8.72621, 45.8345], [8.72667, 45.83477], [8.72682, 45.83503], [8.72677, 45.83517], [8.72639, 45.83548], [8.72631, 45.83561], [8.72623, 45.83627], [8.72604, 45.83654], [8.72563, 45.83674], [8.7256, 45.83692], [8.72619, 45.83713], [8.72641, 45.83739], [8.7263, 45.83788], [8.72641, 45.83808], [8.72625, 45.83831], [8.72622, 45.83851], [8.72579, 45.83878], [8.72513, 45.83897], [8.72467, 45.83924], [8.72422, 45.83927], [8.72393, 45.83939], [8.72353, 45.83939], [8.72316, 45.83944], [8.7229, 45.83956], [8.7227, 45.83953], [8.72252, 45.83964], [8.72218, 45.83951], [8.72176, 45.83926], [8.72143, 45.83922], [8.72022, 45.8386], [8.71985, 45.83882], [8.7195, 45.83916], [8.71928, 45.83925], [8.71881, 45.83913], [8.71831, 45.83895], [8.71801, 45.83877], [8.71747, 45.8386], [8.71714, 45.83839], [8.71648, 45.83827], [8.71553, 45.83821], [8.71482, 45.83807], [8.71461, 45.83806], [8.71426, 45.83783], [8.71386, 45.83794], [8.71345, 45.83793], [8.71253, 45.83779], [8.7121, 45.83778], [8.71176, 45.83771], [8.71145, 45.83756], [8.71023, 45.83719], [8.70986, 45.83716], [8.70927, 45.83701], [8.70832, 45.8369], [8.70765, 45.83676], [8.70736, 45.83675], [8.70721, 45.83688], [8.70706, 45.83667], [8.70619, 45.83616], [8.7061, 45.836], [8.70578, 45.83603], [8.70596, 45.83575], [8.70579, 45.83566], [8.70562, 45.83582], [8.7052, 45.83563], [8.7049, 45.83528], [8.70458, 45.83499], [8.70483, 45.8349], [8.70492, 45.83473], [8.7046, 45.83457], [8.70426, 45.8346], [8.70387, 45.83475], [8.70336, 45.83505], [8.70304, 45.83503], [8.70232, 45.83522], [8.70238, 45.83508], [8.70314, 45.83481], [8.70348, 45.83463], [8.70403, 45.83425], [8.70433, 45.83432], [8.70466, 45.83402], [8.70442, 45.83374], [8.70463, 45.83363], [8.70469, 45.8334], [8.70491, 45.83337], [8.70515, 45.8332], [8.70517, 45.83301], [8.70565, 45.83256], [8.70558, 45.83239], [8.70656, 45.83173], [8.70703, 45.83149], [8.7073, 45.83141], [8.70746, 45.83125], [8.70775, 45.83108], [8.70844, 45.83101], [8.709, 45.83073], [8.70944, 45.83055], [8.71039, 45.83003], [8.7109, 45.82972], [8.71125, 45.82936], [8.71187, 45.82884], [8.71225, 45.82862], [8.71352, 45.82818], [8.71395, 45.8279], [8.71449, 45.82718], [8.71488, 45.82685], [8.71532, 45.82653], [8.71594, 45.82588], [8.71693, 45.82498], [8.71746, 45.82466], [8.71762, 45.82441], [8.71781, 45.82399], [8.71797, 45.82349], [8.71777, 45.82227], [8.71756, 45.82177], [8.71725, 45.82146], [8.71697, 45.82129], [8.71705, 45.82106], [8.7169, 45.82089], [8.71645, 45.82058], [8.71618, 45.82027], [8.71584, 45.8201], [8.71568, 45.81993], [8.71591, 45.81984], [8.71572, 45.81968], [8.71555, 45.81942], [8.71538, 45.81894], [8.7152, 45.81883], [8.71516, 45.81849], [8.71532, 45.81822], [8.7153, 45.81797], [8.71504, 45.81788], [8.71527, 45.81773], [8.71523, 45.81705], [8.71502, 45.81676], [8.7148, 45.81677], [8.71492, 45.81652], [8.71537, 45.81623], [8.71536, 45.81601], [8.71499, 45.81584], [8.71484, 45.8156], [8.71502, 45.81533], [8.71511, 45.81504], [8.71538, 45.81464], [8.71543, 45.81445], [8.7157, 45.8141], [8.71587, 45.81397], [8.71619, 45.81355], [8.71635, 45.81301], [8.71647, 45.8128], [8.7165, 45.81244], [8.71678, 45.81229], [8.71666, 45.81204], [8.71688, 45.81185], [8.71689, 45.8117], [8.71666, 45.81156], [8.71661, 45.81137], [8.71693, 45.8109], [8.7169, 45.81056], [8.71646, 45.81009], [8.71612, 45.80905], [8.71581, 45.80886], [8.71605, 45.8088], [8.71602, 45.80868], [8.71553, 45.80826], [8.71534, 45.80772], [8.71527, 45.80736], [8.71492, 45.80729], [8.71474, 45.80713], [8.71475, 45.80595], [8.71479, 45.80547], [8.71486, 45.80537], [8.71446, 45.8051], [8.71404, 45.80457], [8.71372, 45.80429], [8.71358, 45.80377], [8.71377, 45.80343], [8.71346, 45.80319], [8.71313, 45.8032], [8.71337, 45.80285], [8.71317, 45.80245], [8.71316, 45.80198], [8.71296, 45.80208], [8.71231, 45.8021], [8.71204, 45.80183], [8.7121, 45.80158], [8.7126, 45.80151], [8.71278, 45.80138], [8.71275, 45.80109], [8.71281, 45.80081], [8.71269, 45.80071], [8.71279, 45.80048], [8.71309, 45.80019], [8.71347, 45.80003], [8.71386, 45.79967], [8.71462, 45.79927], [8.71555, 45.79892], [8.71589, 45.79884], [8.71659, 45.79859], [8.71667, 45.7985], [8.71659, 45.79821], [8.71677, 45.79819], [8.71706, 45.79834], [8.71714, 45.79849], [8.71743, 45.79857], [8.71791, 45.79863], [8.71815, 45.79861], [8.71849, 45.79848], [8.71927, 45.79842], [8.7198, 45.7983], [8.72077, 45.79823], [8.72123, 45.79812], [8.72196, 45.7982], [8.72243, 45.79802], [8.72322, 45.79799], [8.72366, 45.79788], [8.72443, 45.79791], [8.72524, 45.79791], [8.72573, 45.79796], [8.72615, 45.79779], [8.72619, 45.79792], [8.72665, 45.79794], [8.72685, 45.79806], [8.72743, 45.79825], [8.72762, 45.79837], [8.72779, 45.7987], [8.72832, 45.79901], [8.72941, 45.79921], [8.7297, 45.79917], [8.73003, 45.79929], [8.73014, 45.79915], [8.73051, 45.79937], [8.73122, 45.79933], [8.73123, 45.79944], [8.73153, 45.79962], [8.73199, 45.79979], [8.73216, 45.79978], [8.73244, 45.79995], [8.73265, 45.79985], [8.733, 45.79992], [8.73338, 45.80009], [8.73379, 45.80019], [8.73419, 45.8002], [8.73451, 45.80027], [8.73459, 45.8004], [8.73482, 45.80048], [8.73533, 45.80076], [8.73566, 45.80082], [8.73586, 45.80103], [8.73621, 45.80116], [8.73643, 45.80137], [8.73634, 45.80163], [8.73636, 45.80187], [8.73611, 45.80207], [8.73588, 45.8026], [8.73544, 45.80333], [8.73537, 45.80352], [8.73548, 45.80388], [8.73618, 45.804], [8.73653, 45.80391], [8.73705, 45.80367], [8.73748, 45.80368], [8.73783, 45.80355], [8.73825, 45.80353], [8.73842, 45.80337], [8.73932, 45.80323], [8.73968, 45.80306], [8.7402, 45.80288], [8.74043, 45.80288], [8.74073, 45.80278], [8.7409, 45.80279], [8.7413, 45.80268], [8.74193, 45.80234], [8.74219, 45.80214], [8.74265, 45.80162], [8.74287, 45.80149], [8.74318, 45.80145], [8.74432, 45.80173], [8.74478, 45.80134], [8.74514, 45.80111], [8.7455, 45.80113], [8.74589, 45.80104], [8.74596, 45.80122], [8.74579, 45.80146], [8.74585, 45.80165], [8.7461, 45.80177], [8.74663, 45.80174], [8.74697, 45.80187], [8.74731, 45.80213], [8.74776, 45.80227], [8.74813, 45.80208], [8.74832, 45.80209], [8.74852, 45.80222], [8.74896, 45.80231], [8.74931, 45.80234], [8.74994, 45.80227], [8.75128, 45.80187], [8.75168, 45.80153], [8.7517, 45.80141], [8.75157, 45.80101], [8.75174, 45.801], [8.75233, 45.80043], [8.75239, 45.80023], [8.75245, 45.79954], [8.7524, 45.79911], [8.75255, 45.79812], [8.75266, 45.7978], [8.75224, 45.79751], [8.75212, 45.79739], [8.75232, 45.7972], [8.7526, 45.7973], [8.75286, 45.79707], [8.75334, 45.79713], [8.75355, 45.797], [8.75371, 45.79672], [8.75377, 45.79641], [8.75406, 45.7963], [8.75411, 45.79605], [8.75435, 45.79597], [8.75507, 45.79593], [8.75586, 45.79543], [8.75588, 45.79527], [8.75678, 45.79491], [8.7569, 45.79496], [8.75747, 45.79479], [8.75763, 45.79481], [8.75841, 45.79455], [8.75852, 45.79443], [8.75965, 45.7942], [8.76011, 45.79413], [8.76028, 45.79439], [8.76077, 45.79434], [8.76111, 45.79422], [8.76142, 45.79421], [8.76284, 45.79435], [8.76367, 45.79436], [8.76473, 45.79381], [8.7655, 45.79378], [8.7659, 45.79373], [8.76613, 45.79381], [8.76631, 45.79369], [8.76649, 45.79374], [8.76675, 45.79352], [8.76712, 45.79332], [8.76744, 45.79309], [8.76804, 45.79284], [8.76848, 45.79274], [8.76896, 45.79256], [8.76916, 45.79256], [8.76981, 45.79232], [8.77022, 45.79227], [8.77039, 45.79217], [8.77074, 45.79225], [8.771, 45.79223], [8.77112, 45.79242], [8.77161, 45.79242], [8.77247, 45.79235], [8.77341, 45.79247], [8.77445, 45.79263], [8.77496, 45.7928], [8.77548, 45.79288], [8.77568, 45.79313], [8.77592, 45.79316], [8.77626, 45.79291], [8.77636, 45.79304], [8.77685, 45.79324], [8.77795, 45.7934], [8.77815, 45.79349], [8.77862, 45.79356], [8.77919, 45.79351], [8.77979, 45.79372], [8.78009, 45.79374], [8.78039, 45.79403], [8.7806, 45.79412], [8.78125, 45.79398], [8.78196, 45.79418], [8.78211, 45.79428], [8.78251, 45.79438], [8.78278, 45.79463], [8.78295, 45.79515], [8.78316, 45.7953], [8.78367, 45.79539], [8.7838, 45.79522], [8.78406, 45.79515], [8.78408, 45.79487], [8.78424, 45.79479], [8.7848, 45.79479], [8.78513, 45.79485], [8.78545, 45.79504], [8.78574, 45.79479], [8.78607, 45.79481], [8.78641, 45.79491], [8.78686, 45.79484], [8.78736, 45.79461], [8.78746, 45.79448], [8.78771, 45.79385], [8.7878, 45.79386], [8.78752, 45.79463], [8.78788, 45.7947], [8.78837, 45.79461], [8.78871, 45.79474], [8.78914, 45.7947], [8.78953, 45.79485], [8.7906, 45.79486], [8.79097, 45.79498], [8.79219, 45.79525], [8.79276, 45.7955], [8.79271, 45.79571], [8.79298, 45.79601], [8.793, 45.79625], [8.79328, 45.79654], [8.79369, 45.7967], [8.79405, 45.79689], [8.79433, 45.79683], [8.79443, 45.79705], [8.79415, 45.79728], [8.79404, 45.79748], [8.79416, 45.79765], [8.79407, 45.79783], [8.79429, 45.79797], [8.79422, 45.79812], [8.79454, 45.79852], [8.7948, 45.79847], [8.7951, 45.79822], [8.79529, 45.79815], [8.79539, 45.79797], [8.79574, 45.79799], [8.79604, 45.79818], [8.79631, 45.79819], [8.79642, 45.79833], [8.79719, 45.79862], [8.7976, 45.79855], [8.79775, 45.79859], [8.7978, 45.79898], [8.79798, 45.79909], [8.79789, 45.79924], [8.798, 45.79952], [8.79821, 45.79968], [8.79839, 45.79972], [8.79867, 45.79956], [8.79886, 45.79962], [8.79914, 45.79995], [8.79907, 45.80023], [8.79892, 45.80054], [8.79871, 45.8008], [8.79825, 45.80113], [8.79824, 45.80137], [8.79843, 45.80176], [8.79813, 45.80192], [8.79774, 45.80278], [8.79761, 45.80258], [8.79731, 45.80251], [8.79708, 45.80261], [8.79669, 45.80303], [8.79642, 45.80316], [8.79635, 45.8033], [8.79595, 45.80341], [8.79567, 45.80332], [8.79519, 45.80342], [8.79498, 45.80336], [8.79468, 45.80345], [8.794, 45.80347], [8.79383, 45.80359], [8.79354, 45.80355], [8.79336, 45.80375], [8.79293, 45.80347], [8.79237, 45.80317], [8.79222, 45.80302], [8.79212, 45.80266], [8.79211, 45.80217], [8.79193, 45.80172], [8.79144, 45.80184], [8.79061, 45.80175], [8.79055, 45.80133], [8.79045, 45.80127], [8.79009, 45.80131], [8.78981, 45.80128], [8.78976, 45.80109], [8.78949, 45.80096], [8.7892, 45.80101], [8.78904, 45.80117], [8.78887, 45.80116], [8.78832, 45.80101], [8.78803, 45.80108], [8.78764, 45.80094], [8.78715, 45.80084], [8.78586, 45.80078], [8.78551, 45.80057], [8.78498, 45.80047], [8.78368, 45.80049], [8.78297, 45.80069], [8.7827, 45.80094], [8.78223, 45.80097], [8.7818, 45.80116], [8.78071, 45.80146], [8.78012, 45.80153], [8.77919, 45.80215], [8.77871, 45.80235], [8.77846, 45.80234], [8.7779, 45.80288]], [[8.71708, 45.81063], [8.71702, 45.8109], [8.71722, 45.81125], [8.7174, 45.81176], [8.71765, 45.81207], [8.7177, 45.81239], [8.71788, 45.8126], [8.7181, 45.81298], [8.7183, 45.81298], [8.71863, 45.81244], [8.71884, 45.81239], [8.71897, 45.81203], [8.71817, 45.81134], [8.71771, 45.81111], [8.71708, 45.81063]]]}, "properties": {"nome_tratto": "Lago di Varese", "corpo_idrico": "lago_varese", "corpo_nome": "Lago di Varese", "layer": "base", "segmento_id": null, "zona_id": "lago_varese_residuo", "regime": "ordinario_C_lago", "regime_etichetta": "Regime Ordinario C — Lago (FIPSAS)", "tipo_acqua": "A", "pesca_consentita": true, "geometria": "Polygon", "matrice": {"regime_amministrativo": "fipsas", "regime_amministrativo_etichetta": "FIPSAS", "classificazione_biologica": "A", "classificazione_etichetta": "Cat. A", "modalita": "sponda", "tipo_geometria_normativa": "poligono", "eredita": [{"livello": 1, "asse": "classificazione_biologica", "id": "A", "blocco": "ordinario_C_lago"}, {"livello": 1, "asse": "regime_amministrativo", "id": "fipsas", "sostituisce_biologia": false}, {"livello": 2, "asse": "modalita_pesca", "id": "sponda"}, {"livello": 3, "asse": "eccezione_locale", "id": "lago_varese", "chiavi": ["prelievo", "vincoli_speciali", "sponda.permessi"]}]}, "regole": {"zona_id": "lago_varese_residuo", "zona_nome": "Lago di Varese — Regime Ordinario C — Lago (FIPSAS)", "corpo_idrico": "lago_varese", "corpo_nome": "Lago di Varese", "regime": "ordinario_C_lago", "regime_etichetta": "Regime Ordinario C — Lago (FIPSAS)", "regime_descrizione": "Lago minore ciprinicolo in concessione FIPSAS, con regole specifiche per riva e belly boat.", "tipo_acqua": "A", "tipo_acqua_etichetta": "Tipo A", "pesca_consentita": true, "priorita": 10, "estensione": {"tipo": "residuale", "descrizione": "Fuori dai tagli restrittivi (No-Kill, divieto, riserva)."}, "calendario": {"stagione": {"id": "tutto_anno", "etichetta": "Tutto l'anno", "inizio": null, "fine": null, "testo": "Tutto l'anno (salvo periodi di divieto per specie, par. 4.4)", "fonte": {"livello": "derivata", "riferimento": "par. 4.4", "estratto": ""}}, "giorni": {"id": "tutti_i_giorni", "etichetta": "Tutti i giorni", "settimana": ["lun", "mar", "mer", "gio", "ven", "sab", "dom"], "festivi_aggiuntivi": [], "testo": "Tutti i giorni della settimana", "fonte": {"livello": "derivata", "riferimento": "", "estratto": ""}}, "fascia_oraria": {"id": "h24_notturna_da_riva", "etichetta": "H24 (notturna solo da riva)", "da": null, "a": null, "notturna": {"consentita": true, "condizioni": ["solo da riva", "canna armata con max 5 ami"]}, "testo": "Pesca anche notturna, ma solo da riva e con canna armata con al massimo 5 ami", "fonte": {"livello": "testuale", "riferimento": "par. 4.8", "estratto": "Pesca notturna ammessa in tipo A e C, da riva, canna con max cinque ami"}}, "periodi_speciali": []}, "attrezzatura": {"attrezzi_ammessi": ["canna"], "canne_max": 3, "esche_max_per_canna": 5, "ami_max_per_canna": null, "ardiglione": "ammesso", "spazio_sponda_max_m": 10}, "esche": {"consentite": ["naturale", "artificiale"], "vietate": [], "pasturazione": "limitata_par_4_11"}, "tecniche": {"consentite": ["canna_da_riva", "pesca_notturna"], "vietate": ["imbarcazione"], "condizionate": []}, "prelievo": {"tipo": "ordinario", "rilascio_obbligatorio": false, "capi_trattenibili": "secondo limiti di cattura", "specie_sempre_protette_extra": [], "limiti_ref": "limiti_cattura", "misure_minime_cm": {"trota_fario": 25, "trota_marmorata": 40, "temolo": 35, "luccio": 60, "persico_reale": 18, "salmerino_alpino": 25}, "specie_protette": ["cobiti", "lasca", "scazzone", "anguilla", "savetta", "barbo canino", "lampreda padana", "pigo", "trota macrostigma"], "limiti": {"per_specie": {"luccio": 1, "trota_marmorata": 1, "temolo": 2}, "salmonidi_complessivi": 6, "kg_giornalieri_max": 5, "stop_al_limite": ["luccio", "salmonidi"], "obbligo_recisione_pinna_caudale": ["trote", "luccio", "coregone", "persico reale", "salmerino", "temolo", "siluro"], "fonte": {"livello": "testuale", "riferimento": "par. 4.5–4.6", "estratto": "luccio 1; trota marmorata 1; temolo 2; «6 capi complessivi di trote, salmerini e temoli»; massimo 5 kg/giorno di fauna ittica"}}}, "permessi": {"pacchetto": {"id": "fipsas_varese_ridotto", "etichetta": "Riva verde e alvei verdi — contributo ridotto FIPSAS Varese", "richiede_contributo_extra": true, "richiede_tesserino": true, "note": "Lago di Varese da riva, Fiume Bardello, Torrente Acquanegra, Canale Brabbia. Chi ha già il contributo annuale da 30 € non deve il ridotto.", "documenti": [{"id": "licenza_B", "etichetta": "Licenza di pesca tipo B", "costo_eur": 23.0, "ente": "Regione Lombardia (tassa regionale)", "validita": "12 mesi", "esenzioni": ["Residenti in Italia con meno di 18 anni", "Residenti in Italia con più di 65 anni", "Soggetti L. 104/1992 art. 3 (se pescano solo con canna)"], "fonte": {"livello": "testuale", "riferimento": "PESCARE NEI FIUMI/TORRENTI/CANALI", "estratto": "Licenza di pesca tipo B (€ 23,00)"}}, {"id": "tessera_fipsas", "etichetta": "Tessera FIPSAS", "costo_eur": 30.0, "costi_ridotti": [{"costo_eur": 6.0, "condizione": "nati dopo il 01.01.2011"}], "ente": "FIPSAS", "validita": "anno solare", "esenzioni": [], "fonte": {"livello": "testuale", "riferimento": "PESCARE NEI FIUMI/TORRENTI/CANALI", "estratto": "Tessera FIPSAS (€ 30,00; € 6,00 nati dopo il 01.01.2011)"}}, {"id": "contributo_gestione_ridotto", "etichetta": "Contributo di gestione RIDOTTO FIPSAS Varese", "costo_eur": 15.0, "ente": "FIPSAS Varese (concessionario)", "validita": "anno solare", "ambito": ["pesca da riva nei laghi con rive in verde (es. Lago di Ghirla)"], "assorbito_da": "contributo_gestione_annuale", "esenzioni": ["Nati dopo il 01.01.2008", "Disabili L. 104/1992 art. 3 c. 3"], "fonte": {"livello": "testuale", "riferimento": "Scheda Lago di Ghirla", "estratto": "Contributo di Gestione RIDOTTO FIPSAS Varese € 15 […] Chi ha già il contributo annuale € 30 non deve il ridotto da riva."}}, {"id": "tesserino_segnapesci", "etichetta": "Tesserino segnapesci del concessionario", "costo_eur": null, "ente": "FIPSAS Varese", "non_richiesto_se": ["permesso_giornaliero"], "punti_distribuzione": ["GERMIGNAGA PESCA — Piazza 20 Settembre, 29, Germignaga (VA)"], "fonte": {"livello": "testuale", "riferimento": "PESCARE NEI FIUMI/TORRENTI/CANALI", "estratto": "Tesserino segna pesci del Concessionario […] non è obbligatorio per chi utilizza il permesso giornaliero di pesca"}}], "costo_totale_eur": null, "costo_noto_eur": 68.0, "alternativa_non_tesserati": [{"id": "licenza_B", "etichetta": "Licenza di pesca tipo B"}, {"id": "permesso_giornaliero", "etichetta": "Permesso giornaliero (non tesserati FIPSAS)"}]}, "varianti": []}, "vincoli_speciali": [{"id": "lucioperca_notte", "testo": "Nel lago di Varese durante le ore notturne è vietato trattenere il lucioperca.", "livello": "testuale"}], "interpretazioni": [{"campo": "calendario", "nota": "Il prontuario non fissa una stagione di apertura per le acque di tipo C né i giorni ristretti del tipo B: restano validi i periodi di divieto per specie (par. 4.4)."}, {"campo": "attrezzatura.ardiglione", "nota": "L'obbligo di amo senza ardiglione è previsto testualmente solo per il tipo B."}, {"campo": "classificazione", "nota": "Laghi maggiori del cap. 4. Il blocco operativo completo non è ancora ingerito: si riusa lo scheletro A/C e le eccezioni del corpo (Lago di Piano, tipo A al par. 4.10)."}], "fonti": [{"livello": "testuale", "riferimento": "Regole acque tipo A e C", "estratto": "Canna da pesca. Si può pescare con un massimo di tre canne, […] armate ciascuna con un massimo di cinque esche naturali o artificiali occupando uno spazio, comunque, non superiore a dieci metri di tratto di sponda."}, {"livello": "testuale", "riferimento": "par. 4.2 — misure minime", "estratto": "Persico reale cm 18 nei laghi di Varese Comabbio Monate, Ghirla e del Segrino"}, {"livello": "testuale", "riferimento": "par. 4.8", "estratto": "Nel lago di Varese durante le ore notturne è vietato trattenere il Lucioperca."}, {"livello": "testuale", "riferimento": "Scheda Lago di Varese", "estratto": "Da riva: licenza, tessera, contributo ridotto 15 €, tesserino. Da barca: permesso della Cooperativa dei Pescatori."}], "note_corpo": "Tipo A. Sponda: contributo ridotto FIPSAS. Natante: permesso della Cooperativa dei Pescatori, non il contributo FIPSAS. In impalcatura, non ancora pubblicato.", "matrice": {"regime_amministrativo": "fipsas", "regime_amministrativo_etichetta": "FIPSAS", "classificazione_biologica": "A", "classificazione_etichetta": "Cat. A", "modalita": "sponda", "tipo_geometria_normativa": "poligono", "eredita": [{"livello": 1, "asse": "classificazione_biologica", "id": "A", "blocco": "ordinario_C_lago"}, {"livello": 1, "asse": "regime_amministrativo", "id": "fipsas", "sostituisce_biologia": false}, {"livello": 2, "asse": "modalita_pesca", "id": "sponda"}, {"livello": 3, "asse": "eccezione_locale", "id": "lago_varese", "chiavi": ["prelievo", "vincoli_speciali", "sponda.permessi"]}]}}, "fonte_geometria": "reticolo_regionale_lombardia", "nome_regionale": "Varese (lago)", "bacino_regionale": "TICINO", "sottobacino": "Lago Maggiore (Verbano)", "cod_ptua16": "IT03POTIVALN1LO", "natura": "naturale", "regole_natante": {"zona_id": "lago_varese_residuo", "zona_nome": "Lago di Varese — Regime Ordinario C — Lago (FIPSAS)", "corpo_idrico": "lago_varese", "corpo_nome": "Lago di Varese", "regime": "ordinario_C_lago", "regime_etichetta": "Regime Ordinario C — Lago (FIPSAS)", "regime_descrizione": "Lago minore ciprinicolo in concessione FIPSAS, con regole specifiche per riva e belly boat.", "tipo_acqua": "A", "tipo_acqua_etichetta": "Tipo A", "pesca_consentita": true, "priorita": 10, "estensione": {"tipo": "residuale", "descrizione": "Fuori dai tagli restrittivi (No-Kill, divieto, riserva)."}, "calendario": {"stagione": {"id": "tutto_anno", "etichetta": "Tutto l'anno", "inizio": null, "fine": null, "testo": "Tutto l'anno (salvo periodi di divieto per specie, par. 4.4)", "fonte": {"livello": "derivata", "riferimento": "par. 4.4", "estratto": ""}}, "giorni": {"id": "tutti_i_giorni", "etichetta": "Tutti i giorni", "settimana": ["lun", "mar", "mer", "gio", "ven", "sab", "dom"], "festivi_aggiuntivi": [], "testo": "Tutti i giorni della settimana", "fonte": {"livello": "derivata", "riferimento": "", "estratto": ""}}, "fascia_oraria": {"id": "h24_notturna_da_riva", "etichetta": "H24 (notturna solo da riva)", "da": null, "a": null, "notturna": {"consentita": true, "condizioni": ["solo da riva", "canna armata con max 5 ami"]}, "testo": "Pesca anche notturna, ma solo da riva e con canna armata con al massimo 5 ami", "fonte": {"livello": "testuale", "riferimento": "par. 4.8", "estratto": "Pesca notturna ammessa in tipo A e C, da riva, canna con max cinque ami"}}, "periodi_speciali": []}, "attrezzatura": {"attrezzi_ammessi": ["canna"], "canne_max": 3, "esche_max_per_canna": 5, "ami_max_per_canna": null, "ardiglione": "ammesso", "spazio_sponda_max_m": 10}, "esche": {"consentite": ["naturale", "artificiale"], "vietate": [], "pasturazione": "limitata_par_4_11"}, "tecniche": {"consentite": ["canna_da_riva", "pesca_notturna", "imbarcazione"], "vietate": [], "condizionate": []}, "prelievo": {"tipo": "ordinario", "rilascio_obbligatorio": false, "capi_trattenibili": "secondo limiti di cattura", "specie_sempre_protette_extra": [], "limiti_ref": "limiti_cattura", "misure_minime_cm": {"trota_fario": 25, "trota_marmorata": 40, "temolo": 35, "luccio": 60, "persico_reale": 18, "salmerino_alpino": 25}, "specie_protette": ["cobiti", "lasca", "scazzone", "anguilla", "savetta", "barbo canino", "lampreda padana", "pigo", "trota macrostigma"], "limiti": {"per_specie": {"luccio": 1, "trota_marmorata": 1, "temolo": 2}, "salmonidi_complessivi": 6, "kg_giornalieri_max": 5, "stop_al_limite": ["luccio", "salmonidi"], "obbligo_recisione_pinna_caudale": ["trote", "luccio", "coregone", "persico reale", "salmerino", "temolo", "siluro"], "fonte": {"livello": "testuale", "riferimento": "par. 4.5–4.6", "estratto": "luccio 1; trota marmorata 1; temolo 2; «6 capi complessivi di trote, salmerini e temoli»; massimo 5 kg/giorno di fauna ittica"}}}, "permessi": {"pacchetto": {"id": null, "etichetta": "Permesso della Società Cooperativa dei Pescatori del Lago di Varese", "documenti": [], "note": "Da barca: licenza, permesso della Cooperativa e tessera FIPSAS. Non è il contributo di gestione FIPSAS.", "richiede_contributo_extra": null, "richiede_tesserino": null, "costo_totale_eur": null, "costo_noto_eur": 0, "alternativa_non_tesserati": null}, "varianti": []}, "vincoli_speciali": [{"id": "lucioperca_notte", "testo": "Nel lago di Varese durante le ore notturne è vietato trattenere il lucioperca.", "livello": "testuale"}, {"id": "cavedanera", "testo": "La cavedanera è consentita nel lago di Varese.", "livello": "testuale"}], "interpretazioni": [{"campo": "calendario", "nota": "Il prontuario non fissa una stagione di apertura per le acque di tipo C né i giorni ristretti del tipo B: restano validi i periodi di divieto per specie (par. 4.4)."}, {"campo": "attrezzatura.ardiglione", "nota": "L'obbligo di amo senza ardiglione è previsto testualmente solo per il tipo B."}, {"campo": "classificazione", "nota": "Laghi maggiori del cap. 4. Il blocco operativo completo non è ancora ingerito: si riusa lo scheletro A/C e le eccezioni del corpo (Lago di Piano, tipo A al par. 4.10)."}], "fonti": [{"livello": "testuale", "riferimento": "Regole acque tipo A e C", "estratto": "Canna da pesca. Si può pescare con un massimo di tre canne, […] armate ciascuna con un massimo di cinque esche naturali o artificiali occupando uno spazio, comunque, non superiore a dieci metri di tratto di sponda."}, {"livello": "testuale", "riferimento": "par. 4.2 — misure minime", "estratto": "Persico reale cm 18 nei laghi di Varese Comabbio Monate, Ghirla e del Segrino"}, {"livello": "testuale", "riferimento": "par. 4.8", "estratto": "Nel lago di Varese durante le ore notturne è vietato trattenere il Lucioperca."}, {"livello": "testuale", "riferimento": "Scheda Lago di Varese", "estratto": "Da riva: licenza, tessera, contributo ridotto 15 €, tesserino. Da barca: permesso della Cooperativa dei Pescatori."}], "note_corpo": "Tipo A. Sponda: contributo ridotto FIPSAS. Natante: permesso della Cooperativa dei Pescatori, non il contributo FIPSAS. In impalcatura, non ancora pubblicato.", "matrice": {"regime_amministrativo": "fipsas", "regime_amministrativo_etichetta": "FIPSAS", "classificazione_biologica": "A", "classificazione_etichetta": "Cat. A", "modalita": "natante", "tipo_geometria_normativa": "poligono", "eredita": [{"livello": 1, "asse": "classificazione_biologica", "id": "A", "blocco": "ordinario_C_lago"}, {"livello": 1, "asse": "regime_amministrativo", "id": "fipsas", "sostituisce_biologia": false}, {"livello": 2, "asse": "modalita_pesca", "id": "natante"}, {"livello": 3, "asse": "eccezione_locale", "id": "lago_varese", "chiavi": ["prelievo", "vincoli_speciali", "natante.tecniche", "natante.permessi", "natante.vincoli_speciali"]}]}}, "id": "lago_varese_044"}}]}